zone_id,disaster_type,region,population,damage_percent,severity_score,elderly_percent,children_percent,medically_dependent_percent,affected_population,food_needed_packets,water_needed_liters,medical_kits_needed,shelter_spaces_needed
Z0001,Landslide,East,4918,8.22,29.33,23.38,20.24,8.86,1287,1005,4661,107,677
Z0002,Earthquake,West,38811,69.89,48.86,20.04,30.26,3.88,28106,24635,114945,3102,16427
Z0003,Flood,West,32901,95.3,75.38,27.44,8.8,13.84,30096,30816,143952,4474,20581
Z0004,Cyclone,South,22224,83.77,59.83,11.47,26.02,8.13,18408,16846,78595,2271,11222
Z0005,Flood,West,21934,31.33,38.9,25.9,17.38,4.27,9541,7767,36332,907,5160
Z0006,Flood,West,43001,10.07,1.0,21.46,6.06,9.95,11848,7156,33104,489,4731
Z0007,Cyclone,South,4754,94.33,63.35,8.28,21.08,2.26,4314,3879,17976,521,2584
Z0008,Earthquake,South,35020,94.02,94.28,6.42,12.56,7.08,31698,32856,153609,5115,21916
Z0009,Earthquake,West,10472,55.58,65.53,21.97,23.16,13.12,6460,6403,30148,893,4232
Z0010,Cyclone,North,5161,66.02,77.14,7.28,15.48,11.75,3588,3497,16183,523,2366
Z0011,Wildfire,South,26561,48.95,68.58,24.45,24.99,10.85,15063,15210,70761,2139,10110
Z0012,Flood,West,48794,44.88,57.76,18.04,32.56,7.59,26183,24575,114528,3266,16380
Z0013,Earthquake,East,36920,16.35,28.56,15.88,12.34,7.26,11911,8739,41214,921,5852
Z0014,Earthquake,North,38177,14.19,20.36,10.44,33.2,1.16,11698,8246,38410,774,5484
Z0015,Earthquake,North,36015,27.11,53.67,29.56,11.13,9.4,14526,13156,61430,1701,8771
Z0016,Flood,North,39410,84.48,72.24,22.5,7.12,9.08,32852,31866,148742,4546,21240
Z0017,Earthquake,East,25905,18.85,65.3,24.01,10.78,1.07,8843,8098,37707,1125,5419
Z0018,Flood,North,6841,26.54,35.22,23.76,29.45,2.92,2730,2215,10037,260,1468
Z0019,Wildfire,West,42068,57.12,80.09,18.77,25.33,1.17,26436,26860,125190,3970,17860
Z0020,Earthquake,West,22794,25.44,37.11,28.37,34.13,4.54,8908,7513,35504,861,5020
Z0021,Earthquake,East,25267,20.5,52.31,18.76,26.29,1.05,8938,7786,36489,996,5190
Z0022,Landslide,South,18854,58.52,77.55,17.04,17.38,6.84,12046,12042,56292,1763,8047
Z0023,Cyclone,North,9536,39.97,34.71,10.39,31.77,7.67,4766,3807,17456,426,2497
Z0024,Earthquake,Central,46375,64.49,54.65,10.61,33.74,7.12,31705,28661,133451,3724,19096
Z0025,Earthquake,West,39188,91.66,63.02,22.9,28.75,3.79,34777,33296,155420,4560,22183
Z0026,Flood,South,32371,19.34,20.88,12.04,21.7,8.33,11170,7884,36770,790,5284
Z0027,Earthquake,South,20419,91.78,83.48,22.68,29.77,12.4,18139,20056,93345,3012,13309
Z0028,Earthquake,South,41227,90.74,72.55,28.72,10.37,5.08,36302,35712,166401,5115,23784
Z0029,Cyclone,South,27499,83.76,71.7,14.86,32.01,5.38,22775,22580,105733,3231,15074
Z0030,Earthquake,East,22449,64.97,67.41,5.63,34.99,8.6,15429,14843,69446,2076,9954
Z0031,Wildfire,South,22798,63.91,37.86,21.0,24.95,4.27,15487,12561,58780,1450,8369
Z0032,Landslide,West,11748,65.73,76.59,3.26,10.88,5.73,8141,7595,35477,1113,5073
Z0033,Cyclone,North,5060,70.6,59.64,24.25,9.33,7.33,3691,3296,15625,459,2260
Z0034,Wildfire,West,27952,6.57,35.0,17.19,33.78,6.41,6968,5658,26568,629,3797
Z0035,Earthquake,North,44451,96.02,85.26,16.22,31.14,12.46,40902,44852,209129,6778,29876
Z0036,Landslide,South,3659,60.63,74.8,18.37,27.46,12.89,2396,2416,11700,369,1694
Z0037,Landslide,Central,42986,79.24,67.32,16.94,33.47,6.64,34144,33647,156637,4700,22459
Z0038,Landslide,West,41468,40.84,21.98,11.74,20.1,7.27,20995,14877,69214,1460,9911
Z0039,Earthquake,Central,14199,6.18,29.08,10.6,31.63,14.4,3498,2725,13161,298,1821
Z0040,Landslide,East,31768,53.42,56.79,14.21,9.88,8.04,19081,16586,77627,2201,11059
Z0041,Flood,North,8679,53.18,41.84,27.16,10.48,14.9,5197,4403,20739,532,2959
Z0042,Earthquake,Central,38026,46.51,52.35,6.66,20.37,11.68,20870,17981,84098,2323,12033
Z0043,Wildfire,West,35176,37.27,41.17,11.77,14.98,4.7,16868,13258,61744,1580,8848
Z0044,Landslide,East,18049,28.73,24.69,8.19,17.98,4.21,7499,5260,24482,532,3476
Z0045,Earthquake,West,3862,55.12,63.37,14.53,28.95,3.23,2369,2181,10310,294,1475
Z0046,Cyclone,South,48550,40.65,40.59,6.6,6.6,12.29,24512,19074,89185,2241,12723
Z0047,Cyclone,West,22561,97.14,73.55,23.54,26.63,5.3,20949,21272,99410,3068,14196
Z0048,Cyclone,West,44710,21.43,31.24,5.79,7.65,10.46,16128,11710,54633,1276,7794
Z0049,Earthquake,North,34057,35.37,59.28,20.96,30.43,8.56,15846,15085,70454,2027,10061
Z0050,Landslide,North,39030,32.93,42.62,10.23,11.06,12.56,17445,14092,65791,1685,9353
Z0051,Flood,Central,38115,56.61,57.08,15.75,27.05,11.51,23806,22146,102999,2928,14729
Z0052,Landslide,West,10134,52.43,48.55,8.4,22.76,1.89,6012,4934,22786,621,3289
Z0053,Cyclone,South,18513,66.16,66.94,22.72,16.57,5.74,12889,12320,57514,1727,8213
Z0054,Cyclone,East,23603,95.25,93.58,28.6,13.03,8.28,21582,24041,112113,3747,16000
Z0055,Landslide,North,25141,32.1,50.43,8.99,6.72,12.25,11081,9232,42838,1165,6127
Z0056,Wildfire,North,2668,70.81,72.19,28.74,15.6,11.0,1951,2026,8947,288,1338
Z0057,Cyclone,North,27555,7.38,36.33,11.78,11.02,8.69,7036,5375,25304,610,3587
Z0058,Cyclone,North,8137,29.93,24.9,18.06,9.08,12.32,3454,2511,11688,236,1664
Z0059,Cyclone,North,37297,49.05,41.46,21.94,27.15,7.09,21180,17917,83765,2150,11974
Z0060,Cyclone,North,34311,7.94,26.91,8.38,11.38,1.78,8905,6183,28729,639,4119
Z0061,Earthquake,Central,46166,63.68,51.31,15.01,11.69,13.19,31282,27114,126559,3473,18076
Z0062,Cyclone,North,37366,69.44,50.42,4.83,15.21,8.37,26933,22262,103883,2825,14846
Z0063,Flood,North,18649,75.94,44.3,21.82,18.88,12.32,14351,12396,57641,1497,8244
Z0064,Landslide,East,48392,54.07,38.58,14.25,20.41,6.49,29303,23389,109024,2712,15573
Z0065,Flood,West,20837,62.37,56.23,27.07,24.94,9.24,13914,13103,61145,1729,8745
Z0066,Wildfire,West,16628,42.63,47.61,10.4,22.66,5.64,8642,7183,33632,901,4814
Z0067,Earthquake,North,45324,8.92,20.39,27.94,19.45,6.73,12097,8898,41399,857,5889
Z0068,Landslide,North,18838,14.5,33.92,6.81,16.82,3.06,5816,4300,20113,475,2848
Z0069,Flood,North,4279,67.22,56.76,19.39,12.97,11.38,3013,2733,12536,360,1812
Z0070,Earthquake,North,23743,99.58,92.86,11.31,26.3,4.92,22481,24180,112824,3748,16099
Z0071,Wildfire,North,39886,6.5,26.64,7.91,14.53,5.22,9922,6985,32611,739,4648
Z0072,Cyclone,Central,9879,57.97,65.24,5.54,30.49,5.96,6271,5830,27256,798,3892
Z0073,Cyclone,East,23416,76.35,69.43,20.7,22.58,7.05,18092,17772,83074,2502,11857
Z0074,Earthquake,South,6931,83.54,54.12,9.3,24.02,9.07,5729,5032,23589,652,3321
Z0075,Landslide,North,34481,56.79,55.15,18.47,20.26,10.56,21583,19584,91667,2581,13041
Z0076,Landslide,Central,24047,63.89,45.31,29.44,32.86,10.46,16332,14865,69402,1829,9915
Z0077,Cyclone,West,16845,71.19,62.86,11.53,17.65,6.93,12363,11205,52387,1528,7509
Z0078,Wildfire,North,11732,86.6,63.69,3.94,17.81,7.75,9966,8955,41597,1230,5979
Z0079,Cyclone,East,28443,16.62,38.72,6.86,31.79,2.96,9234,7328,34152,856,4871
Z0080,Wildfire,Central,33656,92.99,60.04,6.22,23.15,8.3,30204,27114,126541,3651,18110
Z0081,Cyclone,South,47046,7.47,29.28,15.51,18.47,13.28,12045,9265,43023,994,6177
Z0082,Cyclone,West,22139,84.44,78.31,23.11,12.86,7.45,18448,18618,87057,2744,12458
Z0083,Cyclone,South,8454,12.29,42.65,11.0,12.35,14.13,2470,2005,9305,244,1323
Z0084,Earthquake,North,41718,23.49,28.75,6.94,29.04,3.18,15693,11522,54102,1215,7716
Z0085,Landslide,South,31673,5.37,28.17,20.3,13.38,11.32,7610,5767,26610,620,3861
Z0086,Cyclone,South,35163,47.3,53.22,11.13,5.17,10.91,19507,16465,76824,2125,10958
Z0087,Earthquake,North,5312,36.76,63.78,18.53,5.58,10.54,2527,2320,10584,308,1492
Z0088,Earthquake,South,15962,20.77,18.65,28.21,34.35,10.28,5679,4345,20205,403,2880
Z0089,Earthquake,Central,38509,47.85,40.38,10.87,21.8,1.31,21522,16835,78680,1989,11244
Z0090,Wildfire,North,41697,43.23,82.43,16.84,19.67,11.39,21859,22878,106585,3416,15292
Z0091,Earthquake,North,22043,77.93,64.58,24.78,32.54,8.0,17292,17222,80460,2380,11463
Z0092,Earthquake,South,40336,89.85,51.73,21.68,15.55,8.34,35249,30993,144226,3977,20644
Z0093,Landslide,Central,42164,66.99,54.85,23.29,28.85,1.71,29617,26844,125421,3495,17894
Z0094,Wildfire,West,19680,16.82,1.02,23.86,26.65,3.64,6419,4041,18821,270,2661
Z0095,Cyclone,East,44956,33.06,46.07,17.58,19.31,13.75,20138,17460,81507,2144,11668
Z0096,Cyclone,West,14772,91.77,85.19,17.47,28.24,5.42,13122,13959,64853,2106,9267
Z0097,Landslide,North,12358,13.43,21.45,22.41,33.97,6.51,3716,2756,12960,287,1836
Z0098,Landslide,South,34284,43.65,43.36,21.84,11.02,3.65,18081,14664,68576,1765,9772
Z0099,Flood,Central,32020,94.54,88.08,21.09,5.53,9.85,29108,30441,142190,4660,20328
Z0100,Wildfire,West,7417,95.31,56.42,13.32,29.64,11.37,6785,6265,29459,826,4196
Z0101,Earthquake,East,41721,44.06,33.37,25.37,17.11,13.9,22131,18004,84246,2010,12011
Z0102,Cyclone,South,10395,68.4,59.88,9.38,21.33,8.87,7412,6691,31161,898,4455
Z0103,Flood,South,40343,48.39,42.59,7.2,11.67,4.86,22710,17664,82241,2113,11713
Z0104,Landslide,North,864,76.58,63.59,12.32,30.25,1.99,669,640,2842,85,404
Z0105,Flood,Central,39944,8.0,14.23,9.85,26.64,4.73,10385,6954,32124,625,4629
Z0106,Flood,North,39453,18.69,37.85,20.91,33.6,9.66,13421,11384,53006,1315,7574
Z0107,Wildfire,Central,39128,63.35,58.05,9.24,19.26,14.64,26416,24047,111742,3198,16002
Z0108,Flood,South,33410,27.09,46.49,20.73,34.3,2.11,13470,11741,54610,1454,7824
Z0109,Landslide,Central,23843,68.27,64.95,16.86,20.33,6.44,16977,15940,74176,2196,10614
Z0110,Cyclone,North,35406,38.37,48.58,7.12,23.64,10.34,17270,14654,68528,1843,9762
Z0111,Earthquake,East,14217,89.23,56.72,9.98,25.22,9.04,12358,11073,51687,1461,7376
Z0112,Earthquake,North,39146,82.83,76.47,17.09,19.69,10.12,32148,32473,151559,4757,21694
Z0113,Flood,North,28005,51.82,49.53,22.79,21.88,7.48,16485,14541,67967,1839,9693
Z0114,Landslide,South,23216,78.43,66.14,13.75,11.7,4.74,18299,16618,77503,2317,11107
Z0115,Wildfire,West,25528,30.76,54.5,9.29,15.87,7.76,10995,9435,44003,1215,6326
Z0116,Earthquake,Central,28653,51.95,44.94,10.97,26.06,6.34,16895,14095,65510,1726,9355
Z0117,Wildfire,North,2344,23.76,54.28,5.57,6.17,10.93,887,739,3634,95,495
Z0118,Flood,West,7420,86.78,90.06,3.68,26.01,3.4,6313,6544,30358,988,4327
Z0119,Wildfire,Central,12651,83.19,79.79,29.27,14.11,7.95,10423,10864,50673,1610,7221
Z0120,Landslide,Central,6169,90.7,63.12,5.6,13.16,14.43,5430,4914,22756,664,3281
Z0121,Flood,South,22261,88.36,47.36,6.37,25.8,8.45,19205,16096,75640,2011,10783
Z0122,Wildfire,North,33586,96.16,90.83,26.52,11.45,4.32,30939,33142,154877,5120,22070
Z0123,Flood,Central,32894,26.69,41.02,20.91,33.85,14.1,13163,11594,54187,1358,7694
Z0124,Wildfire,Central,23819,93.52,67.49,14.77,34.72,4.42,21470,20904,97517,2928,13945
Z0125,Landslide,South,42827,59.27,71.68,20.52,18.74,11.52,27603,27577,128741,3940,18421
Z0126,Earthquake,North,28479,45.14,39.49,28.24,17.04,2.53,15337,12555,58469,1452,8338
Z0127,Wildfire,East,4420,58.24,51.94,5.68,7.37,12.93,2815,2314,10832,309,1569
Z0128,Earthquake,South,38368,37.55,51.95,9.58,28.35,3.53,18479,15932,74083,2046,10559
Z0129,Flood,East,28943,32.41,29.46,26.23,9.88,6.52,12824,9690,45505,1054,6481
Z0130,Earthquake,North,31919,27.92,39.04,24.08,32.99,14.52,13068,11443,53344,1339,7626
Z0131,Wildfire,Central,28486,12.83,45.13,29.84,34.72,9.11,8438,7704,35658,933,5136
Z0132,Wildfire,East,27902,52.17,56.23,11.48,8.67,4.7,16498,13969,65276,1842,9267
Z0133,Wildfire,North,4983,89.34,89.11,28.51,25.49,1.01,4335,4733,22034,737,3154
Z0134,Cyclone,South,28181,64.86,74.28,12.28,18.98,1.1,19345,18400,85409,2650,12263
Z0135,Flood,West,39848,54.49,55.06,22.31,21.23,4.84,24254,21815,101602,2859,14528
Z0136,Wildfire,West,15545,45.72,22.11,26.83,10.39,8.38,8439,6220,28520,585,4086
Z0137,Cyclone,North,30341,49.12,38.75,7.61,26.71,7.79,17246,13729,64302,1617,9173
Z0138,Wildfire,West,2025,24.88,47.84,8.55,10.0,13.91,783,608,3062,88,426
Z0139,Flood,Central,17701,83.18,52.15,18.69,31.56,11.7,14583,13460,62882,1705,8980
Z0140,Earthquake,South,22117,23.85,34.2,25.78,18.62,13.95,8380,6877,32059,773,4557
Z0141,Earthquake,West,49146,73.08,69.26,5.13,24.05,8.16,36766,34682,161687,4877,23107
Z0142,Cyclone,West,11122,77.2,85.09,25.97,32.65,7.25,8664,9581,45025,1446,6410
Z0143,Wildfire,Central,14189,59.61,50.89,12.26,27.14,8.93,9181,8063,37767,1033,5393
Z0144,Cyclone,North,20722,86.98,65.12,13.97,21.23,6.21,17662,16490,76868,2278,10983
Z0145,Landslide,Central,49637,32.65,42.33,12.18,17.08,3.95,22082,17550,82006,2116,11728
Z0146,Cyclone,North,42744,88.75,78.02,27.61,18.86,12.71,37000,39242,183029,5761,26156
Z0147,Wildfire,East,2217,74.29,64.01,6.53,15.25,10.53,1679,1489,6935,209,1018
Z0148,Wildfire,North,12080,80.88,82.08,18.51,33.39,5.56,9744,10380,48724,1557,6915
Z0149,Wildfire,North,41173,68.14,52.89,7.0,12.59,7.25,29276,24494,114054,3154,16318
Z0150,Flood,South,3386,85.4,73.41,28.07,17.28,4.16,2846,2814,13322,409,1908
Z0151,Wildfire,North,42856,99.34,84.98,24.54,28.35,8.88,40501,44469,207448,6719,29646
Z0152,Landslide,North,14428,44.92,44.9,9.31,15.93,6.02,7746,6267,29216,762,4162
Z0153,Earthquake,South,45924,82.32,80.35,11.04,31.6,13.26,37538,39674,185118,5895,26482
Z0154,Earthquake,North,15033,75.74,68.44,13.3,12.29,8.4,11546,10804,50574,1511,7218
Z0155,Wildfire,South,21999,48.02,60.88,13.95,5.94,6.76,12323,10803,50675,1454,7181
Z0156,Landslide,South,33265,93.06,78.51,25.07,23.86,11.49,29870,31761,148349,4666,21191
Z0157,Earthquake,East,6751,42.47,52.88,18.24,20.25,13.67,3501,3205,14802,392,2105
Z0158,Earthquake,Central,28073,58.72,49.71,14.55,32.99,12.44,17978,16254,75717,2064,10825
Z0159,Cyclone,North,25498,15.06,25.71,22.43,17.69,7.93,7980,5975,27843,606,3957
Z0160,Cyclone,Central,39303,26.45,54.24,15.36,9.07,5.99,15657,13287,62320,1734,8894
Z0161,Wildfire,East,49808,84.87,79.3,6.46,14.89,10.27,41666,40931,190942,6051,27282
Z0162,Landslide,Central,33384,42.67,36.19,5.9,16.8,12.44,17361,13432,62955,1533,8953
Z0163,Wildfire,East,20755,42.44,50.51,11.8,22.49,14.7,10757,9502,44233,1213,6368
Z0164,Cyclone,North,20616,28.37,12.12,19.28,13.24,7.4,8510,5625,26478,469,3719
Z0165,Wildfire,South,21189,51.7,46.55,6.64,21.51,10.36,12454,10424,48360,1295,6928
Z0166,Wildfire,North,40794,81.55,81.38,17.85,32.24,5.1,33109,34875,162669,5191,23206
Z0167,Wildfire,Central,16400,90.04,73.02,10.28,17.71,2.22,14355,13432,62903,1927,8973
Z0168,Landslide,East,8765,11.66,32.83,21.78,24.55,4.54,2519,2020,9319,211,1332
Z0169,Earthquake,Central,17047,59.61,21.59,3.76,11.87,1.2,11031,7253,33502,722,4837
Z0170,Flood,West,1624,49.39,47.46,15.66,29.04,8.13,926,825,3689,96,535
Z0171,Cyclone,Central,5754,63.36,63.91,4.41,13.09,6.22,3885,3455,15625,462,2274
Z0172,Earthquake,South,4957,47.49,56.7,11.92,22.39,10.5,2757,2530,11503,325,1669
Z0173,Flood,South,38692,42.87,60.13,3.42,14.01,9.61,20179,17593,82110,2373,11763
Z0174,Earthquake,West,36257,49.83,49.88,15.67,7.02,3.35,20802,16974,79418,2154,11367
Z0175,Wildfire,Central,34990,60.29,56.17,23.71,14.59,10.43,22820,20852,97095,2746,13862
Z0176,Earthquake,Central,23363,52.59,37.94,5.71,11.36,3.62,13888,10336,48180,1199,6891
Z0177,Flood,Central,35995,49.85,49.96,22.85,31.78,1.08,20657,18275,85501,2320,12143
Z0178,Earthquake,South,8483,82.69,55.34,18.77,12.98,14.58,6958,6275,29722,824,4174
Z0179,Flood,West,45081,75.84,44.54,16.62,34.23,1.38,34658,29357,136793,3594,19548
Z0180,Flood,Central,25302,37.43,32.56,19.19,19.77,5.78,12163,9423,44081,1034,6293
Z0181,Cyclone,South,46934,81.05,87.68,12.07,11.63,9.93,37917,39111,182592,5975,26067
Z0182,Wildfire,North,8039,86.1,69.11,22.18,16.74,6.19,6799,6534,30394,922,4374
Z0183,Earthquake,East,25118,19.58,38.41,24.05,10.5,6.34,8712,6987,32344,797,4644
Z0184,Wildfire,East,34968,60.35,52.03,24.01,30.01,11.12,22821,21213,98510,2709,14124
Z0185,Wildfire,West,25033,32.1,21.17,10.28,8.6,9.43,11033,7585,35313,738,4998
Z0186,Flood,North,22585,75.22,77.6,20.66,31.21,8.26,17258,18099,84544,2669,12086
Z0187,Landslide,East,8727,27.68,14.16,7.0,6.38,13.41,3557,2313,10809,195,1539
Z0188,Landslide,East,19360,68.78,56.17,16.38,13.99,2.51,13859,11953,56251,1569,7990
Z0189,Landslide,East,12319,29.24,40.43,3.07,9.2,7.58,5165,3917,18513,466,2606
Z0190,Earthquake,North,15425,53.56,57.22,8.23,25.56,4.35,9281,8194,38014,1082,5456
Z0191,Landslide,North,34343,95.12,68.6,20.06,20.37,1.52,31369,29775,138755,4184,19862
Z0192,Cyclone,East,31699,41.22,25.62,26.61,33.18,14.71,16140,13010,60905,1326,8695
Z0193,Earthquake,South,30556,88.2,63.9,4.32,15.99,11.28,26324,23825,111032,3277,15887
Z0194,Flood,North,18410,98.76,70.33,18.08,6.22,4.03,17318,15992,74961,2280,10665
Z0195,Earthquake,Central,48005,88.11,64.18,20.19,27.85,6.63,41324,39797,186235,5485,26521
Z0196,Earthquake,East,4838,20.76,48.06,28.17,22.39,4.16,1721,1539,7153,189,984
Z0197,Cyclone,East,17458,82.87,56.02,20.69,29.82,10.59,14342,13468,63085,1765,8965
Z0198,Cyclone,West,6341,8.05,33.04,5.78,17.78,5.91,1651,1252,5871,138,818
Z0199,Flood,West,17278,42.36,50.2,6.96,27.15,13.88,8945,7868,36536,997,5269
Z0200,Landslide,South,48114,87.72,84.77,20.17,10.13,3.91,41277,41875,195357,6302,27906
Z0201,Flood,North,18630,70.43,62.14,8.82,34.99,5.9,13567,12697,59072,1725,8458
Z0202,Cyclone,East,45475,55.61,65.08,28.06,10.21,14.05,28061,27347,127863,3786,18258
Z0203,Flood,South,25006,41.85,45.95,27.86,29.89,13.39,12850,11726,54577,1444,7803
Z0204,Wildfire,Central,35136,82.17,75.41,28.61,11.37,5.1,28681,28703,133979,4149,19146
Z0205,Earthquake,Central,23142,72.41,46.79,10.91,28.48,7.76,17196,14601,68555,1811,9789
Z0206,Flood,Central,13660,49.5,20.57,22.36,30.84,13.37,7803,5963,27608,568,3956
Z0207,Earthquake,West,38330,89.79,78.92,20.9,31.3,10.39,33478,35753,166796,5275,23885
Z0208,Cyclone,Central,48475,26.85,44.94,3.96,19.27,9.92,19457,15793,73687,1952,10553
Z0209,Landslide,Central,13544,21.19,42.36,10.17,17.86,10.25,4861,3947,18296,475,2634
Z0210,Flood,North,39048,66.07,55.04,8.58,30.01,13.89,27159,24815,115833,3236,16541
Z0211,Earthquake,West,13426,97.34,96.41,13.01,22.38,8.24,12487,13733,64104,2162,9169
Z0212,Flood,East,35986,28.49,35.15,28.73,23.64,3.54,14887,12080,56230,1364,8048
Z0213,Earthquake,North,39556,28.72,45.85,25.83,12.08,7.62,16432,13966,65187,1723,9299
Z0214,Earthquake,West,22743,18.25,42.17,10.92,18.38,11.2,7662,6213,29324,760,4170
Z0215,Cyclone,North,36978,86.75,93.34,17.31,16.08,7.89,31454,33983,158693,5302,22673
Z0216,Flood,Central,13976,26.51,35.78,8.19,24.96,5.39,5574,4335,19878,494,2851
Z0217,Landslide,West,4423,52.8,46.2,10.49,10.89,10.33,2636,2174,10236,266,1426
Z0218,Landslide,South,5271,99.13,61.54,4.76,17.17,7.3,4973,4398,20423,608,2895
Z0219,Wildfire,North,22628,6.15,47.01,20.35,30.46,14.48,5569,5019,23811,622,3366
Z0220,Cyclone,Central,45179,57.87,61.89,20.74,21.39,5.93,28645,26796,124946,3642,17854
Z0221,Cyclone,Central,6815,53.67,59.96,25.64,31.88,11.04,4106,4001,18830,540,2685
Z0222,Landslide,East,23061,81.71,100.0,26.53,11.98,8.77,18745,21348,99576,3377,14252
Z0223,Wildfire,Central,35350,38.75,50.21,7.32,18.2,2.09,17344,14159,66264,1810,9444
Z0224,Flood,West,10517,43.98,33.56,23.06,20.01,7.58,5572,4421,21173,498,2936
Z0225,Flood,West,36220,20.95,34.17,6.64,17.02,1.41,12935,9462,44224,1043,6296
Z0226,Earthquake,East,15645,75.38,54.76,13.09,25.53,12.06,11974,10888,50913,1427,7266
Z0227,Flood,North,40529,79.55,64.0,16.92,9.46,11.28,32286,29891,139455,4107,19932
Z0228,Cyclone,South,29171,17.98,30.06,4.34,20.58,1.71,9768,6981,32821,761,4690
Z0229,Flood,South,27572,42.38,41.26,7.23,9.16,8.0,14278,11075,51267,1314,7397
Z0230,Flood,North,9250,89.83,57.69,10.32,23.88,14.46,8082,7413,34998,977,4950
Z0231,Landslide,West,23429,5.26,47.0,6.44,29.91,4.98,5610,4687,21930,582,3111
Z0232,Flood,North,42903,33.38,46.95,28.22,5.6,13.66,19321,16729,78099,2070,11127
Z0233,Earthquake,South,1466,57.73,54.05,10.78,18.71,3.12,928,808,3821,93,505
Z0234,Flood,West,38047,36.74,54.3,16.53,19.78,1.09,18093,15636,72912,2040,10406
Z0235,Landslide,East,24892,30.84,47.61,29.91,26.61,8.43,10736,9735,45104,1212,6427
Z0236,Wildfire,East,36114,48.7,55.09,18.3,7.24,4.35,20413,17441,81020,2293,11605
Z0237,Landslide,Central,33333,22.24,45.45,14.11,17.18,13.31,12227,10280,48594,1268,6901
Z0238,Cyclone,East,21889,55.31,57.03,28.1,28.56,10.43,13458,12938,60394,1706,8650
Z0239,Earthquake,West,15779,72.14,72.72,9.01,20.96,10.62,11693,11421,53026,1638,7574
Z0240,Flood,West,31552,59.65,66.84,7.85,27.5,10.43,20426,19506,90985,2716,13012
Z0241,Earthquake,North,7441,13.85,34.57,17.45,15.92,10.51,2261,1731,8522,197,1223
Z0242,Cyclone,East,29413,85.22,69.23,14.54,32.6,11.46,24682,24793,115577,3502,16485
Z0243,Flood,East,5187,21.62,55.26,24.52,7.32,10.38,1878,1691,7925,219,1140
Z0244,Wildfire,North,32668,77.66,61.98,4.13,7.73,12.68,25561,22477,104926,3057,15004
Z0245,Landslide,North,31623,39.25,51.28,19.68,20.85,8.81,15634,13831,64384,1756,9250
Z0246,Flood,South,4680,79.36,73.61,22.19,19.12,5.91,3722,3681,17411,541,2487
Z0247,Wildfire,East,37996,24.6,31.22,29.24,24.15,7.54,14609,11764,55005,1277,7821
Z0248,Earthquake,East,21082,22.73,27.81,6.94,11.87,7.16,7810,5547,25777,588,3697
Z0249,Landslide,South,39451,52.22,49.47,9.65,11.78,5.66,23341,19071,89130,2415,12705
Z0250,Wildfire,South,2559,8.13,23.56,28.18,27.47,6.82,668,511,2398,60,330
Z0251,Earthquake,South,9383,26.4,22.02,20.03,13.75,6.39,3734,2639,12465,260,1772
Z0252,Wildfire,Central,24953,73.78,57.76,4.03,26.82,2.56,18798,16357,76457,2166,10886
Z0253,Wildfire,West,9817,84.55,74.7,5.09,24.22,12.63,8189,8113,37708,1162,5410
Z0254,Cyclone,Central,16828,12.67,47.16,24.21,7.5,11.59,4965,4241,19754,523,2861
Z0255,Landslide,West,33200,88.8,80.49,18.32,26.33,5.73,28751,29818,139116,4425,19869
Z0256,Flood,East,7654,80.76,38.22,18.27,31.39,14.23,6167,5279,24374,603,3525
Z0257,Wildfire,East,34046,87.62,80.89,26.76,29.5,14.29,29183,32334,150653,4807,21564
Z0258,Earthquake,South,5618,71.35,57.54,9.51,5.27,12.99,4130,3605,16754,488,2364
Z0259,Earthquake,North,9171,69.04,68.41,7.33,21.19,1.41,6583,6044,28110,841,4001
Z0260,Wildfire,West,29588,54.88,55.01,19.57,32.4,6.2,18096,16674,77870,2171,11127
Z0261,Earthquake,South,39778,67.01,59.54,26.83,22.96,7.4,27947,26546,123682,3555,17653
Z0262,Landslide,North,8944,92.32,74.55,10.16,13.71,11.06,7982,7771,35971,1108,5137
Z0263,Earthquake,East,15349,14.55,32.73,21.39,10.84,9.89,4745,3681,17186,417,2428
Z0264,Earthquake,East,46294,35.0,60.38,7.11,25.55,10.5,21411,19585,91475,2644,13053
Z0265,Wildfire,West,49490,11.88,31.3,7.64,28.14,11.74,14308,11095,51821,1203,7376
Z0266,Flood,Central,29263,94.76,90.14,27.34,32.38,14.28,26650,31171,145543,4792,20810
Z0267,Landslide,Central,22628,47.3,62.29,6.19,32.17,8.72,12553,11680,54660,1585,7751
Z0268,Flood,Central,17670,69.16,71.04,3.66,15.18,13.66,12699,12025,56253,1718,8010
Z0269,Wildfire,Central,30816,84.91,50.26,23.92,23.12,12.41,25788,23393,109371,2986,15623
Z0270,Landslide,Central,29750,99.15,92.93,12.79,8.05,5.73,28073,28977,135338,4491,19304
Z0271,Landslide,West,15090,20.37,30.71,13.71,7.83,12.39,5323,3971,18309,439,2648
Z0272,Landslide,North,1628,80.95,78.11,24.6,7.14,2.64,1314,1255,6174,187,853
Z0273,Flood,South,7999,89.31,62.45,7.86,32.81,3.22,6958,6412,29803,883,4262
Z0274,Earthquake,East,47949,9.64,16.08,20.56,9.57,14.89,13057,9102,42514,813,6085
Z0275,Landslide,West,21199,76.64,90.87,11.47,19.47,7.0,16425,17367,80704,2675,11568
Z0276,Cyclone,West,24374,38.7,34.8,5.82,17.99,7.45,11949,9017,42421,1013,6003
Z0277,Flood,Central,23622,66.62,75.39,21.56,14.74,14.31,16527,16903,78555,2461,11245
Z0278,Landslide,North,39246,53.83,56.03,11.6,21.13,6.07,23694,20809,97436,2741,13891
Z0279,Earthquake,East,3715,29.68,36.28,26.4,5.08,4.32,1570,1219,5747,139,799
Z0280,Landslide,West,4595,17.85,34.28,27.81,16.4,2.09,1534,1206,5335,134,792
Z0281,Landslide,South,14154,16.11,18.25,25.92,19.38,8.32,4541,3289,15568,319,2185
Z0282,Earthquake,South,24590,14.82,32.99,11.7,29.1,3.8,7651,5903,27618,652,3926
Z0283,Flood,West,33721,65.59,48.08,9.39,26.03,1.91,23332,19418,90018,2428,12916
Z0284,Wildfire,Central,24790,38.38,41.36,27.11,30.49,12.38,12094,10694,49786,1276,7172
Z0285,Landslide,East,22338,25.58,50.17,15.23,16.29,5.6,8753,7384,34653,947,4953
Z0286,Flood,East,46923,70.73,66.95,22.11,9.23,9.11,34276,32432,151729,4523,21666
Z0287,Flood,North,8470,70.25,45.85,25.33,17.03,2.47,6157,5195,24122,644,3465
Z0288,Cyclone,South,28801,56.22,66.14,10.5,33.89,8.08,17904,17277,80348,2408,11537
Z0289,Wildfire,North,27341,93.82,76.52,6.22,11.43,9.85,24707,23650,110515,3438,15767
Z0290,Earthquake,Central,23938,41.61,41.38,19.87,10.24,7.3,12258,9901,46174,1174,6595
Z0291,Cyclone,Central,40476,84.41,80.39,18.94,33.33,5.72,33720,35666,165999,5303,23779
Z0292,Landslide,West,13715,12.14,29.67,10.3,33.5,5.35,3992,3029,14290,324,2035
Z0293,Wildfire,South,47712,75.28,52.42,18.79,9.48,2.53,36481,30712,143283,3946,20433
Z0294,Cyclone,East,16912,98.9,100.0,24.34,28.08,2.62,15927,18351,85552,2920,12199
Z0295,Cyclone,North,27478,85.43,71.78,12.45,17.89,7.94,23101,22180,103452,3166,14806
Z0296,Flood,Central,26273,60.07,57.06,9.54,19.77,2.94,17091,14773,68866,1957,9829
Z0297,Cyclone,North,42564,64.54,55.64,22.58,19.96,4.13,29116,26143,121899,3426,17435
Z0298,Cyclone,West,22226,38.56,60.37,24.22,34.05,3.31,10873,10393,48635,1407,6967
Z0299,Wildfire,East,14585,69.55,56.95,28.77,10.54,12.23,10525,9771,45681,1291,6505
Z0300,Cyclone,East,1569,78.19,49.46,6.98,28.19,7.3,1234,1089,4593,149,726
Z0301,Landslide,North,18502,99.83,71.76,27.01,5.17,8.74,17553,17131,79870,2444,11410
Z0302,Cyclone,South,41402,51.78,69.4,23.66,23.86,9.16,24359,24387,113872,3443,16257
Z0303,Cyclone,Central,990,10.82,40.94,21.95,24.58,6.55,278,239,1111,36,157
Z0304,Flood,Central,44860,61.61,55.83,11.45,27.61,5.18,29701,26412,123260,3461,17601
Z0305,Cyclone,East,27370,16.31,50.45,3.6,32.78,6.35,8822,7547,35493,974,5021
Z0306,Earthquake,East,7442,28.25,49.51,16.7,27.62,8.49,3065,2665,12818,333,1769
Z0307,Earthquake,Central,15458,36.23,41.73,10.72,26.96,6.02,7292,5960,27730,720,3955
Z0308,Wildfire,West,27925,74.45,63.96,10.83,12.61,2.91,21178,18760,87455,2589,12538
Z0309,Landslide,East,16127,22.46,41.3,28.03,34.79,13.79,5942,5339,25041,631,3531
Z0310,Flood,Central,5874,20.75,26.43,7.13,19.05,11.25,2089,1502,7303,154,992
Z0311,Cyclone,Central,33467,9.27,30.15,28.22,17.52,1.93,9020,6915,32138,744,4592
Z0312,Cyclone,South,33776,87.96,77.08,16.6,20.06,13.68,29037,29903,139232,4373,19898
Z0313,Landslide,North,6384,70.88,43.74,25.63,16.82,3.39,4671,3918,18221,464,2603
Z0314,Earthquake,West,14421,8.79,27.56,10.66,22.81,2.37,3835,2778,12799,291,1840
Z0315,Landslide,North,12571,7.69,25.59,20.12,15.49,3.43,3239,2399,10665,238,1561
Z0316,Landslide,Central,33142,58.07,69.28,18.03,12.2,14.06,21063,20565,95530,2885,13648
Z0317,Landslide,West,36650,31.84,20.38,27.95,32.84,4.1,16082,12036,56288,1153,8023
Z0318,Cyclone,North,36486,61.69,54.35,7.84,32.83,12.02,24178,21950,102696,2860,14636
Z0319,Flood,East,46969,46.29,44.68,8.52,19.89,10.0,25700,21187,98684,2585,14110
Z0320,Landslide,West,38548,92.71,87.51,28.62,33.86,8.26,34513,39264,183319,5981,26231
Z0321,Wildfire,North,16373,32.34,42.26,5.65,17.47,6.12,7246,5720,26618,684,3799
Z0322,Landslide,Central,5833,69.52,84.79,20.14,16.62,2.3,4208,4316,20032,645,2871
Z0323,Cyclone,North,30925,10.14,38.52,4.64,32.51,10.95,8537,6943,32248,817,4573
Z0324,Cyclone,East,45843,95.81,72.77,5.08,23.99,6.53,42110,40160,187529,5764,26787
Z0325,Flood,North,48771,98.17,81.87,19.12,27.88,8.49,45663,48477,226139,7242,32292
Z0326,Wildfire,North,11895,75.21,62.12,17.89,17.38,1.72,9089,8159,38190,1104,5483
Z0327,Earthquake,West,12204,49.2,62.37,18.47,17.21,11.86,6944,6581,30507,895,4365
Z0328,Landslide,North,2351,25.9,23.26,15.79,7.5,10.69,927,681,3115,70,454
Z0329,Cyclone,Central,7492,82.19,60.32,23.04,34.0,8.41,6117,5963,27521,801,3951
Z0330,Landslide,North,27965,74.95,71.69,29.79,11.84,7.95,21313,21245,99084,3028,14158
Z0331,Flood,West,27567,26.09,54.06,10.45,19.83,5.72,10908,9343,43678,1221,6281
Z0332,Landslide,South,18861,47.87,24.9,11.73,8.44,5.79,10544,7319,34141,753,4873
Z0333,Cyclone,West,15843,48.97,68.43,11.72,24.41,1.96,8987,8400,39350,1172,5617
Z0334,Cyclone,West,41575,83.51,69.25,23.61,16.73,10.61,34354,33904,158335,4795,22632
Z0335,Landslide,West,23272,69.97,40.88,12.4,28.03,1.63,16867,13528,63578,1611,9044
Z0336,Landslide,East,40509,66.1,25.33,21.27,20.85,1.02,28184,20535,95931,2102,13738
Z0337,Landslide,Central,48179,66.73,43.35,15.04,8.88,1.43,33748,26385,123271,3187,17600
Z0338,Landslide,East,16198,30.69,41.64,19.41,5.32,3.85,6968,5468,25629,652,3611
Z0339,Landslide,Central,10535,40.31,46.38,25.38,11.37,8.98,5292,4540,21078,571,3031
Z0340,Wildfire,East,47669,9.34,37.74,16.88,26.73,10.54,12873,10666,49337,1229,7063
Z0341,Wildfire,West,31924,79.76,62.27,15.83,29.86,6.89,25482,24147,112589,3281,16102
Z0342,Wildfire,West,14900,46.13,37.08,10.21,15.24,6.72,8135,6253,29119,715,4177
Z0343,Cyclone,South,31282,46.63,45.69,16.93,21.08,9.08,17196,14661,68121,1788,9691
Z0344,Cyclone,Central,25995,28.31,40.97,10.09,12.2,9.36,10718,8430,39550,990,5659
Z0345,Flood,South,45324,24.9,41.46,25.78,31.41,12.83,17529,15442,72088,1836,10325
Z0346,Landslide,Central,13170,60.84,48.99,13.5,33.96,12.47,8643,7743,36107,978,5168
Z0347,Landslide,North,49574,27.09,50.72,6.49,27.59,12.53,19987,17512,81477,2236,11653
Z0348,Earthquake,West,46835,11.1,23.65,9.48,7.67,12.82,13266,9335,43504,945,6236
Z0349,Flood,Central,9444,77.91,57.41,17.43,18.11,13.32,7407,6791,31708,895,4528
Z0350,Wildfire,South,8648,40.76,40.91,27.74,34.72,8.77,4373,3829,17849,450,2587
Z0351,Flood,South,26891,41.12,60.51,11.12,11.88,9.33,13671,12139,56814,1635,8083
Z0352,Landslide,Central,2723,45.98,48.7,10.14,25.11,11.18,1484,1251,5917,140,861
Z0353,Wildfire,West,15290,82.43,62.0,13.98,33.16,3.79,12511,11762,54709,1594,7831
Z0354,Wildfire,Central,22037,35.48,55.63,29.13,28.2,6.05,10271,9662,44940,1275,6459
Z0355,Earthquake,Central,48484,77.01,93.07,25.82,23.27,13.78,37700,43532,202819,6757,28996
Z0356,Landslide,Central,49623,94.26,79.36,7.04,20.2,8.32,45006,44549,208305,6570,29710
Z0357,Wildfire,Central,8001,67.78,77.09,19.57,32.86,1.73,5668,5818,26991,842,3860
Z0358,Landslide,West,44638,46.01,62.74,24.38,16.84,6.68,24331,22908,106561,3126,15244
Z0359,Earthquake,Central,5001,76.04,59.55,23.74,32.04,3.25,3852,3669,17069,496,2417
Z0360,Flood,South,37556,48.5,51.99,16.2,17.93,5.99,21172,18284,85187,2344,12166
Z0361,Cyclone,East,42360,44.37,34.01,22.76,27.7,8.63,22568,18412,85842,2061,12235
Z0362,Landslide,East,44595,54.9,52.74,18.76,32.47,8.07,27281,24958,116391,3215,16665
Z0363,Flood,South,11559,35.18,36.83,8.44,21.52,7.87,5362,4156,19605,482,2755
Z0364,Earthquake,South,44726,14.9,28.36,4.51,14.3,1.26,13943,9703,45182,1017,6479
Z0365,Cyclone,Central,6241,44.41,40.43,12.98,6.53,7.23,3327,2579,12013,299,1696
Z0366,Cyclone,South,26184,16.77,30.78,4.67,29.28,1.41,8530,6266,29504,671,4170
Z0367,Flood,North,23742,43.99,55.58,13.67,23.66,6.67,12581,11220,51948,1475,7448
Z0368,Earthquake,East,16138,57.91,55.42,25.38,12.89,10.06,10237,9320,43187,1216,6176
Z0369,Wildfire,South,1594,93.42,54.01,25.8,31.32,2.76,1436,1308,6035,143,898
Z0370,Earthquake,Central,38715,8.44,20.69,3.92,32.61,13.83,10194,7387,34261,720,4942
Z0371,Wildfire,West,17111,64.04,41.99,4.88,31.61,9.83,11641,9574,44770,1157,6401
Z0372,Wildfire,East,33252,48.48,54.59,21.09,23.05,4.05,18741,16726,78177,2181,11235
Z0373,Wildfire,Central,20806,6.92,34.85,16.5,34.3,6.52,5241,4246,19991,483,2835
Z0374,Cyclone,East,18996,28.71,43.87,7.03,31.24,2.36,7890,6455,30016,779,4291
Z0375,Earthquake,South,44372,16.26,24.49,24.75,8.13,1.31,14286,10121,47267,1010,6743
Z0376,Earthquake,West,5176,25.6,42.04,8.85,34.43,13.82,2029,1769,8034,223,1140
Z0377,Cyclone,West,36963,31.08,36.45,5.11,21.46,10.45,16009,12452,57974,1422,8294
Z0378,Landslide,South,37466,43.12,35.06,23.24,32.6,11.92,19610,16501,77161,1865,11021
Z0379,Wildfire,North,19309,55.26,64.3,19.42,27.81,9.71,11864,11539,54064,1585,7709
Z0380,Flood,North,13492,5.09,37.62,13.65,24.43,13.69,3213,2663,12130,302,1785
Z0381,Wildfire,South,762,20.38,47.6,21.7,14.8,13.54,269,211,1339,31,142
Z0382,Earthquake,West,46873,13.89,25.34,27.61,5.81,1.81,14258,10222,47615,1038,6828
Z0383,Earthquake,Central,47413,57.22,70.62,3.92,13.3,3.65,29830,26888,125427,3836,17940
Z0384,Earthquake,South,12428,36.26,39.02,19.95,25.57,6.54,5865,4818,22620,571,3230
Z0385,Earthquake,West,2079,57.1,64.25,8.89,30.89,5.78,1306,1223,5789,172,798
Z0386,Flood,South,6576,26.07,33.21,15.8,5.07,8.36,2601,1941,9061,215,1275
Z0387,Earthquake,North,3848,7.3,26.33,14.45,11.24,4.73,980,723,3202,66,476
Z0388,Wildfire,East,41640,94.43,47.88,13.53,25.19,12.16,37818,32977,154070,4126,22002
Z0389,Flood,South,44650,15.29,29.79,8.14,13.51,1.1,14050,9959,46315,1072,6617
Z0390,Landslide,North,8087,17.05,35.47,24.67,9.25,12.08,2652,2126,9890,237,1426
Z0391,Wildfire,South,37464,18.92,30.49,13.25,7.46,6.51,12809,9349,43719,998,6233
Z0392,Landslide,South,9373,98.22,100.0,26.95,24.14,1.07,8779,10020,46597,1582,6678
Z0393,Cyclone,South,18677,63.68,46.07,12.58,22.85,12.86,12656,10840,50555,1338,7203
Z0394,Cyclone,East,30170,62.98,52.88,25.67,30.76,7.25,20285,18819,87888,2424,12507
Z0395,Cyclone,Central,36137,98.74,68.45,17.7,14.45,11.15,33989,32708,152753,4610,21797
Z0396,Earthquake,Central,43791,13.4,25.6,13.41,9.1,13.3,13159,9566,44719,989,6360
Z0397,Wildfire,East,2716,97.58,91.05,22.01,28.97,1.48,2531,2828,12725,428,1846
Z0398,Landslide,South,10223,24.38,56.15,24.24,34.65,4.67,3914,3658,17233,484,2455
Z0399,Flood,North,14385,64.19,51.89,16.03,15.81,2.66,9802,8332,38661,1054,5524
Z0400,Landslide,East,15861,44.91,41.02,14.49,30.96,2.37,8515,6962,32887,836,4663
Z0401,Earthquake,West,49903,41.48,33.93,18.59,27.88,14.24,25505,20996,97945,2342,13960
Z0402,Cyclone,East,38982,93.47,92.08,18.8,32.35,12.28,35124,40208,187552,6230,26819
Z0403,Flood,North,16360,19.18,49.0,14.49,17.73,6.11,5625,4759,22184,606,3182
Z0404,Cyclone,West,48606,99.72,78.57,23.46,8.04,10.62,46074,46710,218005,6870,31160
Z0405,Flood,South,25216,41.02,30.81,13.79,8.55,13.87,12801,9647,45154,1040,6422
Z0406,Earthquake,East,25287,66.63,45.97,15.23,27.9,4.09,17694,14944,69695,1863,9972
Z0407,Wildfire,Central,21968,96.95,80.37,19.34,30.9,1.2,20367,21053,98451,3126,14050
Z0408,Flood,West,7623,10.47,37.35,29.64,18.71,12.54,2123,1785,8153,204,1189
Z0409,Earthquake,East,46752,92.67,51.17,10.04,6.79,11.12,41844,34944,163080,4470,23279
Z0410,Flood,Central,1189,58.94,53.56,9.26,7.0,3.24,763,589,2789,78,401
Z0411,Flood,South,9126,71.92,83.98,7.78,22.96,7.86,6748,6894,32178,1039,4582
Z0412,Landslide,South,11868,19.17,32.93,21.61,32.56,3.25,4080,3294,15375,357,2152
Z0413,Cyclone,South,14325,55.67,73.49,15.13,16.99,9.44,8846,8701,40239,1249,5843
Z0414,Earthquake,Central,7025,68.98,70.73,13.49,24.52,10.07,5039,4956,23098,702,3264
Z0415,Flood,Central,1389,48.34,38.58,8.51,21.26,4.87,781,673,2624,65,386
Z0416,Landslide,South,34044,19.72,32.33,27.06,31.69,11.93,11844,9860,46040,1089,6595
Z0417,Earthquake,North,48481,28.19,38.96,14.97,29.97,7.63,19946,16434,76485,1914,10944
Z0418,Cyclone,Central,6530,86.17,60.96,19.41,10.98,10.89,5526,5043,23727,692,3379
Z0419,Flood,East,15178,8.27,17.91,6.04,25.33,9.96,3977,2740,12771,254,1841
Z0420,Cyclone,West,25563,72.34,82.87,5.92,30.43,7.31,18982,19559,91177,2908,13030
Z0421,Wildfire,North,46412,99.94,68.24,4.82,32.91,5.1,44071,41742,195024,5870,27829
Z0422,Landslide,East,34866,5.71,41.08,12.92,22.7,3.86,8466,6757,31712,812,4548
Z0423,Cyclone,West,38427,20.3,30.93,15.77,10.28,11.44,13536,10249,47859,1128,6784
Z0424,Flood,East,29265,69.04,62.66,9.6,21.75,9.99,21006,19399,90689,2648,12914
Z0425,Earthquake,Central,21143,10.7,37.63,12.44,24.97,4.93,5925,4713,21760,543,3138
Z0426,Wildfire,East,10389,61.03,51.38,3.17,13.17,14.54,6833,5759,27127,741,3884
Z0427,Wildfire,East,43284,69.98,70.3,12.48,34.19,12.34,31374,31698,148034,4509,21129
Z0428,Earthquake,South,40304,60.87,33.92,6.22,11.88,2.78,26461,19180,89382,2151,12767
Z0429,Landslide,West,1742,39.69,52.11,6.47,32.34,3.28,867,761,3531,98,505
Z0430,Landslide,East,35913,71.24,34.56,3.12,17.76,8.62,26371,19792,92362,2224,13197
Z0431,Cyclone,West,4677,61.46,56.08,21.8,5.02,2.43,3091,2658,12149,355,1751
Z0432,Earthquake,West,37080,24.73,48.85,28.14,21.3,14.5,14293,13056,60824,1642,8688
Z0433,Earthquake,South,41385,58.5,64.64,19.78,23.85,9.93,26435,25578,119562,3517,17035
Z0434,Cyclone,South,6987,88.78,58.25,5.6,31.08,1.93,6050,5341,24966,700,3571
Z0435,Earthquake,South,21975,68.35,48.56,29.72,21.22,7.21,15660,13956,65433,1751,9309
Z0436,Cyclone,South,6625,49.82,44.14,29.34,7.82,4.11,3800,3151,14626,384,2122
Z0437,Flood,Central,28581,35.55,46.79,15.64,32.8,7.87,13337,11650,54292,1465,7771
Z0438,Earthquake,South,46415,13.16,7.85,5.91,21.96,4.46,13864,8612,39866,681,5743
Z0439,Flood,North,4503,28.24,40.37,22.46,13.15,12.65,1854,1561,7329,182,1032
Z0440,Earthquake,Central,20180,6.06,32.07,28.96,31.97,11.1,4953,4147,19357,451,2748
Z0441,Earthquake,South,48670,98.73,75.91,24.02,8.63,13.69,45773,46431,216808,6767,30998
Z0442,Cyclone,South,15397,26.14,45.68,19.85,7.92,3.77,6098,4922,22962,610,3273
Z0443,Wildfire,South,7044,82.41,73.01,19.49,21.05,6.4,5763,5691,26801,815,3793
Z0444,Wildfire,East,24685,21.02,30.06,29.4,23.75,12.28,8829,7147,33419,763,4770
Z0445,Landslide,South,25664,31.94,19.33,4.97,20.33,6.23,11281,7625,35621,723,5100
Z0446,Cyclone,Central,33312,44.74,51.21,7.04,32.87,6.31,17840,15544,72341,1975,10360
Z0447,Earthquake,East,16030,35.82,33.26,25.43,12.88,14.8,7512,6070,28184,670,4019
Z0448,Flood,North,47804,80.84,62.52,6.92,34.71,11.79,38544,36707,171431,5011,24459
Z0449,Landslide,East,26291,95.98,83.54,13.35,5.58,13.05,24184,24465,113889,3666,16302
Z0450,Earthquake,South,14679,88.15,90.49,10.6,8.56,6.7,12640,12886,60110,1995,8555
Z0451,Flood,South,48035,19.59,35.32,9.57,10.57,9.2,16665,12612,59004,1436,8429
Z0452,Wildfire,Central,46278,78.79,74.98,3.69,7.39,7.31,36602,33740,157309,4884,22470
Z0453,Earthquake,North,25209,19.05,18.14,18.29,18.15,7.3,8644,6021,28332,557,4001
Z0454,Flood,West,1730,91.77,78.42,13.83,30.96,2.79,1537,1558,7467,229,1014
Z0455,Cyclone,West,30048,54.2,54.09,17.89,29.62,12.79,18224,16904,79145,2200,11293
Z0456,Landslide,South,27982,36.96,60.08,11.22,27.34,6.47,13353,12193,56936,1645,8151
Z0457,Earthquake,East,7836,19.92,29.47,28.42,5.22,9.15,2738,2048,9711,220,1373
Z0458,Earthquake,North,31882,6.12,25.47,18.97,30.97,13.0,7840,6082,28550,618,4069
Z0459,Flood,East,42120,28.55,53.41,28.95,16.89,11.83,17443,16092,75015,2083,10704
Z0460,Cyclone,East,5742,91.83,74.4,12.45,26.95,3.78,5103,5001,23296,721,3334
Z0461,Cyclone,East,36305,80.74,56.1,3.06,26.81,9.66,29245,25790,120302,3393,17228
Z0462,Earthquake,West,7446,97.13,100.0,24.09,10.33,7.94,6913,7751,36586,1234,5215
Z0463,Wildfire,Central,37567,14.57,20.07,25.34,20.46,4.64,11619,8416,39026,803,5577
Z0464,Wildfire,East,21246,61.26,57.92,4.58,32.79,1.57,14011,12316,57769,1643,8238
Z0465,Wildfire,Central,822,29.43,45.35,19.88,12.89,9.82,346,260,1226,32,202
Z0466,Cyclone,Central,48329,56.58,59.33,20.85,26.45,11.92,30174,28798,134746,3867,19178
Z0467,Wildfire,South,8715,35.44,42.22,6.93,33.74,14.18,4059,3450,16050,408,2278
Z0468,Earthquake,South,30004,31.93,40.34,17.92,15.82,5.97,13186,10606,49442,1242,7016
Z0469,Landslide,East,9482,59.52,54.92,9.57,16.63,6.59,6129,5283,24306,681,3521
Z0470,Landslide,East,46685,22.42,23.94,3.44,18.58,3.28,17187,11796,55105,1180,7887
Z0471,Landslide,South,37047,49.57,78.07,26.41,29.27,14.78,21183,23141,108203,3388,15450
Z0472,Flood,North,40316,66.83,59.12,16.28,18.18,12.89,28271,26145,121877,3489,17437
Z0473,Flood,West,21888,17.18,41.61,24.11,19.59,14.41,7198,6234,29077,743,4127
Z0474,Wildfire,East,23635,93.41,72.36,22.52,11.67,7.93,21285,20743,96924,2991,13868
Z0475,Earthquake,North,31898,53.04,49.91,29.83,34.65,3.94,19069,17527,81881,2223,11705
Z0476,Earthquake,Central,39346,82.86,65.11,14.82,31.77,9.02,32321,31414,146503,4339,20939
Z0477,Landslide,Central,42426,67.12,43.32,14.54,23.01,6.21,29842,24708,115286,2966,16442
Z0478,Wildfire,North,1382,72.45,62.92,10.61,33.82,5.87,1027,925,4550,134,623
Z0479,Earthquake,East,33346,73.03,60.28,19.88,25.61,2.15,24934,22942,107253,3081,15314
Z0480,Wildfire,West,5902,88.13,87.53,16.13,33.77,2.02,5081,5414,25609,830,3629
Z0481,Landslide,South,14752,63.29,45.45,22.68,9.85,6.3,9953,8213,38492,1007,5513
Z0482,Flood,South,41557,31.43,35.36,12.63,11.76,13.97,18107,14146,66032,1583,9454
Z0483,Cyclone,South,12900,14.45,22.17,6.53,31.56,11.12,3978,2923,13375,298,1902
Z0484,Wildfire,South,39943,62.59,76.73,26.29,17.6,11.65,26739,27891,129970,4058,18568
Z0485,Wildfire,West,23419,11.3,20.78,25.36,16.13,4.28,6669,4757,22549,459,3171
Z0486,Wildfire,North,12015,27.92,47.1,12.48,27.63,11.28,4919,4285,20030,529,2835
Z0487,Flood,West,17045,10.77,42.57,21.64,23.91,6.69,4786,4034,18690,481,2670
Z0488,Wildfire,East,26773,57.14,54.67,16.29,15.32,1.83,16828,14431,67527,1885,9597
Z0489,Cyclone,West,38375,20.23,19.6,23.55,16.94,6.53,13497,9651,44963,912,6393
Z0490,Cyclone,Central,30498,62.99,43.27,13.53,17.25,2.84,20508,16406,76711,1985,10957
Z0491,Cyclone,East,46695,80.13,79.39,17.46,8.79,12.95,37402,37835,176510,5585,25213
Z0492,Landslide,North,43453,83.08,55.57,4.56,11.89,12.76,35766,30714,143535,4022,20502
Z0493,Cyclone,East,37791,34.41,48.63,7.72,21.13,5.02,17311,14348,66581,1801,9516
Z0494,Flood,South,30354,57.15,57.8,24.11,28.45,9.57,19081,18194,84952,2407,12151
Z0495,Earthquake,East,14848,58.49,61.7,13.3,17.57,6.09,9483,8599,39682,1156,5709
Z0496,Wildfire,South,20922,49.92,58.12,3.95,16.5,3.16,12018,10156,47685,1359,6825
Z0497,Flood,North,6385,67.24,50.78,7.53,24.52,10.09,4497,3876,18126,491,2602
Z0498,Earthquake,East,19022,24.96,27.02,14.11,9.72,11.64,7365,5393,25258,565,3586
Z0499,Flood,South,46361,98.03,87.5,22.38,16.42,11.85,43358,47053,219553,7171,31402
Z0500,Landslide,North,21581,14.32,25.32,12.81,11.24,3.09,6634,4634,21766,462,3098
Z0501,Wildfire,North,6129,83.78,38.08,23.12,24.55,8.18,5077,4248,19659,494,2803
Z0502,Wildfire,Central,32771,61.44,66.58,26.17,8.37,1.33,21655,20015,93599,2796,13357
Z0503,Flood,Central,48150,28.26,28.11,12.21,18.43,2.26,19835,14315,66890,1506,9568
Z0504,Wildfire,West,43441,75.84,72.32,24.61,22.89,2.13,33397,33029,154614,4735,22037
Z0505,Wildfire,South,14067,13.03,48.88,6.43,30.01,1.8,4188,3512,16406,446,2323
Z0506,Wildfire,West,22968,78.57,68.41,14.21,26.74,5.67,18128,17459,81213,2450,11618
Z0507,Wildfire,East,26785,61.05,70.53,5.63,33.29,6.01,17621,17104,79342,2434,11332
Z0508,Wildfire,North,12768,15.52,35.38,4.42,25.4,10.77,4040,3177,14797,369,2087
Z0509,Flood,Central,13800,12.55,50.95,4.74,15.48,5.62,4059,3340,15738,426,2257
Z0510,Landslide,East,12215,76.33,54.24,5.83,11.95,2.97,9436,7769,36116,1008,5195
Z0511,Wildfire,East,49732,32.83,42.96,25.56,6.7,14.26,22192,18702,87651,2253,12478
Z0512,Cyclone,Central,37428,89.48,82.29,17.68,13.33,13.26,32604,33909,158254,5060,22593
Z0513,Wildfire,West,42123,77.4,65.29,28.58,9.11,2.74,32877,30687,143238,4248,20442
Z0514,Flood,East,40920,71.33,78.06,17.53,16.08,6.08,30075,29914,139640,4405,19968
Z0515,Cyclone,Central,47978,31.47,37.12,19.98,26.08,3.35,20920,16846,78758,1925,11263
Z0516,Wildfire,West,5711,72.35,89.62,7.98,25.76,14.43,4241,4609,21431,713,3077
Z0517,Cyclone,East,44141,95.07,100.0,17.6,14.54,5.98,40302,44530,207491,7080,29673
Z0518,Cyclone,West,3794,13.7,35.92,13.4,20.26,2.37,1149,879,4070,105,592
Z0519,Earthquake,North,24033,35.99,51.43,28.15,11.5,11.18,11294,10090,47385,1292,6722
Z0520,Landslide,Central,29925,27.29,54.31,28.22,20.09,10.96,12110,11265,52611,1470,7508
Z0521,Wildfire,Central,18214,42.36,34.05,8.36,20.3,4.37,9429,7099,32987,804,4710
Z0522,Earthquake,South,7735,75.52,50.79,19.74,14.04,5.5,5928,5071,23601,646,3407
Z0523,Cyclone,North,10019,50.05,67.6,20.23,12.78,6.81,5765,5417,25638,763,3617
Z0524,Cyclone,Central,41321,59.22,60.86,18.19,34.39,4.75,26617,25262,117870,3434,16832
Z0525,Landslide,East,16277,34.84,41.44,6.36,21.11,5.04,7509,5906,27715,708,3964
Z0526,Cyclone,South,15861,18.42,35.26,20.66,21.86,12.22,5363,4368,20531,487,2902
Z0527,Landslide,Central,46207,30.36,13.07,24.58,5.23,11.53,19763,13329,61602,1163,8869
Z0528,Wildfire,East,7621,86.67,70.38,12.32,10.46,10.7,6478,6104,28756,872,4028
Z0529,Earthquake,South,45806,62.23,50.19,16.89,15.7,10.61,30540,26456,123360,3351,17635
Z0530,Earthquake,West,46088,40.91,58.52,6.14,33.98,8.31,23359,21390,99702,2844,14263
Z0531,Cyclone,West,30129,80.04,80.96,28.13,10.26,5.91,24112,24778,115893,3685,16511
Z0532,Cyclone,East,8693,11.12,38.04,5.96,14.1,11.09,2464,1975,9127,221,1284
Z0533,Cyclone,West,8215,29.12,45.76,8.63,34.7,2.63,3437,2886,13511,344,1919
Z0534,Flood,North,14593,26.86,21.8,11.06,19.43,2.97,5858,4022,19023,397,2724
Z0535,Flood,South,29082,98.61,86.32,25.3,14.55,2.77,27325,28550,133476,4333,19032
Z0536,Cyclone,East,8104,72.08,72.2,21.92,24.03,11.26,6002,6095,28768,875,4074
Z0537,Landslide,North,23055,63.69,74.97,3.19,19.89,9.28,15624,14970,70190,2176,9964
Z0538,Cyclone,North,6216,5.47,53.43,7.96,33.72,7.3,1498,1346,6233,158,886
Z0539,Landslide,East,27244,22.51,17.07,23.25,7.5,7.67,10048,6856,32014,626,4581
Z0540,Flood,East,1546,65.38,56.3,13.9,28.72,12.59,1067,981,4579,126,679
Z0541,Wildfire,South,35597,41.07,38.68,3.71,13.37,2.7,18084,13495,62863,1579,8965
Z0542,Landslide,North,3242,92.81,78.12,29.03,29.2,6.37,2905,3088,14464,474,2059
Z0543,Landslide,South,10143,77.65,67.87,7.08,30.43,11.64,7936,7717,35783,1080,5120
Z0544,Wildfire,East,9144,47.5,48.32,16.78,30.48,10.21,5086,4475,21143,566,3012
Z0545,Wildfire,Central,41635,76.2,79.24,9.7,31.0,7.09,32121,32806,152904,4823,21917
Z0546,Wildfire,South,3142,97.66,65.5,22.91,26.54,4.14,2930,2808,13222,399,1817
Z0547,Cyclone,East,21748,48.79,39.34,23.97,9.27,14.25,12308,10167,47435,1193,6772
Z0548,Landslide,North,29762,66.04,49.03,13.72,6.56,6.71,20694,16915,79074,2134,11317
Z0549,Cyclone,North,26042,92.27,71.42,20.78,15.22,13.29,23230,23217,108232,3294,15433
Z0550,Flood,West,34196,28.62,26.0,27.54,19.85,11.89,14179,10968,51485,1151,7350
Z0551,Wildfire,East,40254,89.22,73.49,25.0,14.08,13.06,34987,35611,166384,5135,23745
Z0552,Landslide,South,19985,14.27,30.86,14.2,27.27,1.24,6136,4654,21538,505,3082
Z0553,Landslide,South,41497,66.6,52.19,14.92,26.67,7.68,29027,25743,120139,3314,17144
Z0554,Landslide,East,16240,79.37,79.14,26.95,34.16,4.63,12915,13858,64696,2044,9256
Z0555,Earthquake,East,49229,63.39,59.15,3.93,17.02,4.84,33250,28631,133420,3836,19066
Z0556,Landslide,Central,25474,52.08,66.4,3.62,28.57,4.78,15045,13942,64584,1922,9252
Z0557,Earthquake,South,36933,63.65,57.67,8.56,27.24,6.45,25017,22383,104298,2955,14937
Z0558,Landslide,Central,43813,19.41,35.39,25.35,34.66,6.75,15141,12675,59135,1424,8467
Z0559,Wildfire,Central,39737,25.48,32.26,7.14,28.21,9.88,15541,12006,55856,1316,8012
Z0560,Landslide,East,42631,30.64,41.77,10.7,13.51,5.21,18323,14359,67097,1713,9599
Z0561,Cyclone,North,27057,61.79,67.53,19.98,5.46,4.82,17950,16497,76835,2311,11001
Z0562,Landslide,East,2652,46.98,45.9,7.97,34.04,6.05,1465,1246,5743,151,818
Z0563,Flood,Central,24908,28.23,46.75,11.18,26.48,10.61,10255,8755,41216,1089,5887
Z0564,Wildfire,East,9484,88.87,64.13,15.61,29.38,1.0,8218,7682,35635,1046,5093
Z0565,Cyclone,West,44512,40.52,56.39,9.16,28.8,11.46,22430,20445,95505,2684,13622
Z0566,Cyclone,South,12219,47.37,44.09,29.8,27.07,5.75,6785,5931,27662,723,3979
Z0567,Earthquake,East,11789,43.92,59.38,7.41,27.54,9.07,6241,5666,26452,758,3767
Z0568,Flood,South,12844,22.28,37.99,25.95,32.88,11.66,4715,4086,19088,472,2734
Z0569,Earthquake,South,32307,74.5,84.23,15.69,32.42,8.15,24513,26386,122905,3970,17568
Z0570,Wildfire,North,28776,47.6,37.33,6.49,16.38,10.06,16028,12418,57771,1442,8299
Z0571,Flood,West,47468,6.54,10.88,6.2,5.93,13.88,11822,7497,34838,626,4997
Z0572,Landslide,Central,21105,96.58,70.72,16.51,6.16,1.42,19508,17789,82845,2546,11870
Z0573,Wildfire,South,14473,82.5,53.76,12.55,18.4,5.89,11850,10219,47796,1331,6824
Z0574,Landslide,North,2938,73.74,48.96,9.33,30.05,13.98,2212,1970,8657,251,1309
Z0575,Earthquake,East,850,87.56,80.62,28.89,30.43,12.72,728,774,3902,128,579
Z0576,Earthquake,South,18994,91.15,75.08,15.51,17.13,9.64,16784,16646,77750,2418,11096
Z0577,Earthquake,West,46328,37.06,39.63,28.08,14.05,4.21,22142,18068,84498,2113,12034
Z0578,Flood,North,26426,63.04,55.03,7.43,20.2,5.63,17779,15273,71608,2006,10179
Z0579,Cyclone,West,44731,62.84,52.4,7.95,29.98,13.01,30028,26881,125548,3454,17919
Z0580,Landslide,North,5532,30.39,61.52,19.09,24.09,10.78,2367,2255,10425,308,1480
Z0581,Cyclone,South,5119,26.09,30.52,10.29,9.19,5.0,2025,1441,7124,159,963
Z0582,Flood,North,41757,15.82,17.84,7.99,15.87,2.85,13306,8736,40728,826,5824
Z0583,Wildfire,Central,5783,67.63,71.75,5.56,21.66,11.93,4090,3945,18133,567,2614
Z0584,Cyclone,East,3072,79.19,65.97,5.06,21.15,9.07,2439,2282,10773,301,1515
Z0585,Cyclone,Central,20502,77.29,91.97,23.34,29.92,14.49,15985,18585,86701,2890,12373
Z0586,Cyclone,East,46280,35.05,37.96,10.62,32.97,6.69,21422,17374,80839,2019,11574
Z0587,Landslide,West,34625,24.5,48.63,29.42,8.01,5.89,13287,11391,52999,1426,7597
Z0588,Flood,Central,5406,48.09,64.44,7.94,11.73,5.07,3031,2671,12599,361,1783
Z0589,Earthquake,Central,41938,56.95,50.07,12.57,16.76,7.75,26300,22271,103851,2831,14856
Z0590,Cyclone,West,42257,92.31,66.86,13.12,13.89,5.52,37707,34649,161555,4825,23065
Z0591,Earthquake,West,40135,88.11,82.36,16.5,17.25,2.02,34549,34639,161819,5178,23053
Z0592,Flood,Central,45182,92.03,82.52,26.51,6.22,5.37,40222,40998,191383,6130,27266
Z0593,Wildfire,West,12374,85.77,55.25,25.54,6.98,4.06,10435,9090,42540,1188,6056
Z0594,Earthquake,East,48989,96.64,64.61,3.27,30.15,12.42,45305,42805,199658,5897,28511
Z0595,Earthquake,East,16374,49.22,21.63,14.05,8.08,4.3,9319,6351,29711,617,4204
Z0596,Wildfire,South,40201,9.51,37.38,25.35,29.72,7.42,10908,9151,42658,1047,6121
Z0597,Earthquake,East,29179,12.94,28.98,3.01,14.2,10.42,8668,6224,28829,667,4203
Z0598,Cyclone,Central,39084,42.08,46.2,17.41,14.28,3.09,20152,16514,76621,2040,11021
Z0599,Cyclone,Central,31577,29.48,20.92,10.01,8.02,8.44,13297,9085,42138,883,6010
Z0600,Wildfire,East,32303,21.14,23.45,14.14,5.4,12.86,11582,8212,38423,815,5474
Z0601,Wildfire,East,31006,95.55,71.82,14.35,15.66,9.18,28421,27426,128081,3928,18296
Z0602,Cyclone,West,39061,23.56,29.89,13.58,30.06,7.75,14714,11375,53222,1215,7574
Z0603,Flood,Central,37083,96.14,79.29,27.08,32.6,12.74,34155,37616,175812,5563,25123
Z0604,Wildfire,North,7160,77.28,74.51,17.48,6.85,14.26,5582,5503,25888,784,3709
Z0605,Landslide,West,41390,65.89,88.47,27.4,5.93,12.49,28732,31046,144830,4758,20657
Z0606,Flood,East,27035,69.22,62.83,22.62,9.76,6.72,19442,17865,83491,2440,11950
Z0607,Flood,South,16492,36.49,58.45,12.48,27.99,9.56,7812,7125,33626,966,4793
Z0608,Earthquake,South,25954,66.41,51.57,16.33,11.15,8.37,18118,15483,72182,1986,10312
Z0609,Wildfire,Central,48366,22.74,17.41,13.53,11.92,5.25,17922,11955,55612,1098,7984
Z0610,Earthquake,South,42950,94.08,72.52,25.37,31.67,7.09,38896,40238,188040,5777,26869
Z0611,Wildfire,East,41768,33.67,24.35,8.07,31.25,12.61,18901,14119,65919,1426,9431
Z0612,Flood,West,23409,29.24,41.26,28.28,25.11,5.21,9815,8365,38922,991,5578
Z0613,Cyclone,South,39315,72.56,55.54,18.67,9.92,13.45,29258,26191,122192,3432,17485
Z0614,Wildfire,Central,19562,67.36,38.6,19.52,16.43,14.88,13795,11441,53081,1342,7632
Z0615,Landslide,North,34465,47.87,72.16,16.95,12.09,5.29,19267,18350,85510,2613,12228
Z0616,Cyclone,Central,32159,65.08,54.34,17.97,25.16,2.72,22129,19587,91515,2555,13083
Z0617,Earthquake,West,12865,20.15,16.43,21.03,28.4,14.4,4517,3297,15342,297,2195
Z0618,Cyclone,Central,13690,68.97,73.71,20.69,9.26,3.39,9819,9386,43943,1361,6221
Z0619,Earthquake,North,3526,30.71,33.15,8.78,31.94,11.8,1517,1203,5575,152,841
Z0620,Cyclone,Central,7418,30.92,55.09,18.73,18.88,1.55,3204,2752,12819,361,1843
Z0621,Flood,South,21964,20.41,27.42,12.57,28.85,4.3,7755,5830,27189,607,3844
Z0622,Earthquake,Central,24155,36.58,38.63,20.2,6.55,4.64,11458,8916,41553,1033,5925
Z0623,Landslide,South,8673,36.47,49.2,17.79,15.82,5.16,4107,3461,16337,446,2305
Z0624,Wildfire,West,21136,48.15,58.6,7.85,5.44,13.87,11860,10300,48421,1380,6884
Z0625,Cyclone,Central,30407,23.09,46.92,22.84,26.55,3.45,11347,9811,45665,1225,6553
Z0626,Landslide,West,12012,23.34,36.76,15.34,7.38,3.43,4505,3380,15761,386,2272
Z0627,Cyclone,North,17243,56.47,62.4,17.89,15.15,10.68,10751,10014,46895,1384,6690
Z0628,Flood,South,18692,17.24,43.43,21.16,28.45,14.33,6155,5373,25602,639,3629
Z0629,Wildfire,North,25500,70.45,66.15,20.63,27.47,6.45,18574,18075,84413,2518,12049
Z0630,Cyclone,Central,18636,94.67,75.36,23.22,24.21,11.82,16959,17679,82457,2568,11785
Z0631,Flood,South,36979,45.55,32.71,8.58,25.82,1.43,20029,14992,70239,1656,10021
Z0632,Flood,East,16711,90.61,82.03,5.98,24.54,12.54,14699,15121,70500,2260,10074
Z0633,Earthquake,East,21978,14.34,33.39,21.07,24.24,11.13,6759,5462,25535,608,3630
Z0634,Landslide,South,19283,9.08,25.03,9.37,15.49,13.55,5170,3797,17477,385,2525
Z0635,Earthquake,South,9554,73.53,80.77,6.09,5.84,9.92,7180,6899,32295,1030,4607
Z0636,Cyclone,East,34444,77.3,50.38,6.54,18.25,14.18,26858,23022,107403,2940,15353
Z0637,Flood,North,12154,85.09,91.53,11.45,6.36,6.46,10187,10343,48412,1583,6914
Z0638,Wildfire,Central,15195,10.4,30.45,29.78,19.07,11.26,4224,3377,15724,381,2282
Z0639,Wildfire,Central,39742,78.81,72.16,7.25,18.92,11.16,31439,30215,141267,4349,20178
Z0640,Wildfire,West,47469,40.77,42.68,11.06,10.36,4.76,24009,18810,87693,2245,12529
Z0641,Landslide,East,33707,33.82,23.6,27.86,28.53,13.89,15291,12020,56236,1206,7991
Z0642,Flood,North,45860,21.44,35.12,29.01,26.13,11.91,16546,13964,64933,1585,9299
Z0643,Flood,South,42783,99.62,83.81,9.18,21.79,13.13,40522,42318,197280,6361,28183
Z0644,Flood,East,24305,11.05,39.19,26.77,32.78,6.08,6875,5858,27532,701,3902
Z0645,Cyclone,North,38630,83.57,68.59,6.75,13.62,12.78,31938,29865,139538,4207,19904
Z0646,Wildfire,West,16754,65.75,34.85,23.56,12.86,5.41,11613,9102,42106,1006,6060
Z0647,Landslide,East,23295,74.83,47.66,3.35,10.5,14.5,17733,14540,67880,1823,9715
Z0648,Cyclone,West,27004,72.61,89.56,13.98,21.33,1.34,20107,20892,97315,3211,13898
Z0649,Landslide,East,48045,86.55,59.49,9.68,11.16,9.67,40796,35951,167785,4833,23931
Z0650,Cyclone,North,42504,22.46,54.48,22.01,31.07,2.57,15661,14277,66799,1846,9517
Z0651,Landslide,West,24718,5.08,16.58,3.43,14.13,11.06,5885,3907,17791,347,2589
Z0652,Cyclone,West,32803,61.86,56.83,15.55,19.73,6.09,21780,19437,90446,2565,12946
Z0653,Landslide,East,10516,38.62,53.74,21.81,20.89,13.19,5149,4730,22120,625,3146
Z0654,Cyclone,West,40318,16.76,24.38,4.26,14.23,13.22,13132,9324,43451,956,6219
Z0655,Landslide,Central,27875,22.68,56.58,27.23,27.15,6.15,10317,9683,45349,1273,6431
Z0656,Landslide,South,26870,36.52,45.99,12.75,25.76,12.34,12734,11000,51226,1349,7327
Z0657,Earthquake,Central,38431,11.67,36.95,7.46,27.82,10.54,11050,8820,41164,1037,5850
Z0658,Wildfire,South,31830,10.41,27.51,9.09,23.18,6.97,8851,6463,30202,677,4355
Z0659,Cyclone,North,4087,92.02,83.52,12.15,18.81,5.81,3638,3704,17029,559,2457
Z0660,Landslide,East,14763,34.65,63.0,8.36,18.47,3.94,6789,6025,28126,824,4043
Z0661,Cyclone,Central,9247,98.31,77.5,16.79,26.5,1.88,8667,8656,40440,1276,5794
Z0662,Earthquake,West,36877,96.61,98.89,20.09,16.31,8.24,34096,38275,178527,6052,25462
Z0663,Flood,South,2239,18.54,27.86,14.7,18.12,8.56,759,589,2613,53,404
Z0664,Earthquake,Central,10519,72.92,74.28,14.53,9.91,7.22,7857,7506,34970,1083,5016
Z0665,Wildfire,Central,30074,62.08,65.01,24.11,25.39,14.31,20017,19970,93397,2767,13379
Z0666,Wildfire,Central,34893,70.61,51.01,11.13,7.31,1.19,25457,20494,95472,2609,13638
Z0667,Flood,East,25414,14.14,35.34,19.81,34.72,12.9,7778,6569,30493,746,4373
Z0668,Cyclone,West,43106,22.91,37.69,27.11,9.31,12.21,16028,13125,61078,1530,8715
Z0669,Earthquake,East,45988,12.28,21.52,8.98,16.49,11.62,13433,9478,44274,921,6313
Z0670,Cyclone,East,7039,62.39,63.61,19.74,12.13,8.35,4702,4356,20553,590,2888
Z0671,Landslide,East,47650,98.73,81.06,28.6,13.72,3.66,44814,46153,215253,6863,30876
Z0672,Flood,North,30912,68.84,61.99,17.3,14.67,13.08,22142,20683,96816,2811,13819
Z0673,Wildfire,North,31993,72.52,64.06,29.38,26.55,11.42,23800,23865,111556,3272,15948
Z0674,Wildfire,East,5207,98.54,78.12,11.37,10.3,12.66,4890,4842,22583,718,3217
Z0675,Wildfire,East,31283,69.41,58.76,18.24,12.92,4.3,22542,19974,93400,2669,13318
Z0676,Cyclone,East,36423,8.82,31.53,11.4,8.04,8.76,9694,7153,33264,781,4774
Z0677,Landslide,Central,29249,87.37,65.33,3.1,14.94,6.82,25016,22222,103927,3066,14817
Z0678,Wildfire,West,4682,39.64,78.68,29.93,33.24,9.96,2328,2515,11949,372,1691
Z0679,Flood,North,26400,5.41,11.06,9.48,16.4,11.54,6351,4131,19330,336,2780
Z0680,Flood,Central,46829,53.19,47.24,29.27,28.32,3.43,28047,24858,116190,3093,16584
Z0681,Wildfire,Central,36309,94.02,70.64,20.63,18.85,3.44,32865,31701,147925,4505,21116
Z0682,Earthquake,North,7301,29.45,65.68,27.41,18.49,1.61,3073,2889,13704,406,1935
Z0683,Flood,Central,48017,51.69,37.59,29.11,29.72,3.2,28218,23641,110088,2720,15717
Z0684,Earthquake,South,47965,21.51,41.94,18.33,5.8,4.36,17331,13601,63470,1622,9042
Z0685,Landslide,South,8885,10.48,33.74,29.99,30.95,2.02,2475,2062,9334,224,1314
Z0686,Earthquake,East,40144,12.65,35.96,23.72,19.56,5.98,11837,9514,44282,1084,6335
Z0687,Earthquake,Central,20632,74.07,80.57,17.14,15.53,10.45,15588,15934,74635,2363,10654
Z0688,Wildfire,South,29887,87.09,87.49,20.68,32.21,12.1,25499,28713,133681,4360,19158
Z0689,Wildfire,East,22537,18.61,29.82,8.25,15.2,5.84,7653,5560,26012,589,3701
Z0690,Cyclone,North,39240,32.39,45.14,3.3,34.33,2.17,17380,14232,66437,1737,9460
Z0691,Earthquake,North,49835,23.53,15.57,9.93,33.09,11.63,18762,13244,61745,1191,8830
Z0692,Wildfire,East,39858,7.55,30.34,14.74,13.04,6.48,10229,7590,35560,809,5066
Z0693,Landslide,South,46603,57.58,47.14,9.16,15.22,4.52,29446,23847,111336,2957,15910
Z0694,Landslide,North,47329,71.49,62.08,16.88,29.37,7.59,34842,33086,154503,4517,22091
Z0695,Earthquake,North,4960,66.55,41.38,20.76,10.87,14.58,3468,2883,13465,341,1937
Z0696,Earthquake,South,13042,41.87,52.89,20.71,26.96,6.22,6704,6046,28214,770,4030
Z0697,Flood,South,36232,57.73,36.39,27.13,8.87,14.43,22934,18756,87233,2123,12509
Z0698,Cyclone,Central,29709,13.94,34.45,29.09,11.17,4.54,9048,7126,33062,813,4717
Z0699,Flood,East,2982,19.66,21.09,27.05,20.02,2.48,1036,753,3564,82,459
Z0700,Wildfire,East,5205,93.52,66.24,19.74,27.38,3.2,4692,4488,20770,628,3043
Z0701,Earthquake,North,26267,77.34,81.39,8.56,27.18,11.83,20490,21255,99149,3175,14179
Z0702,Landslide,North,31000,92.66,83.02,28.47,23.27,8.53,27743,30081,140459,4515,20085
Z0703,Flood,South,8802,92.08,89.43,7.72,13.16,9.15,7839,8068,38016,1235,5313
Z0704,Earthquake,Central,8979,66.69,80.4,7.09,17.46,14.55,6287,6355,29831,935,4278
Z0705,Earthquake,West,6902,93.18,66.97,11.57,12.39,8.07,6204,5706,26816,813,3831
Z0706,Wildfire,North,28465,44.59,67.51,18.49,13.31,2.64,15212,14083,65571,1967,9353
Z0707,Wildfire,North,888,5.34,10.35,21.4,14.7,11.06,213,142,718,9,89
Z0708,Cyclone,South,28835,10.94,39.97,3.36,22.97,3.91,8133,6296,29117,741,4203
Z0709,Flood,South,24058,15.4,27.55,24.01,11.23,9.14,7590,5686,26589,599,3780
Z0710,Wildfire,Central,23566,14.06,21.57,7.73,6.28,12.96,7198,4951,23149,489,3306
Z0711,Earthquake,North,34124,38.41,53.5,11.01,25.77,7.68,16655,14664,68256,1904,9802
Z0712,Landslide,West,26370,71.62,75.73,11.7,5.65,5.4,19439,18211,85055,2643,12149
Z0713,Earthquake,South,36524,80.11,80.04,11.98,34.12,9.06,29249,30711,143254,4543,20423
Z0714,Cyclone,South,38314,61.07,61.17,23.53,15.51,2.78,25212,23042,107379,3124,15332
Z0715,Flood,South,46046,18.91,36.98,4.11,5.2,5.31,15740,11455,53398,1311,7644
Z0716,Cyclone,West,40063,76.05,73.15,8.31,31.54,8.06,30864,30577,142603,4407,20382
Z0717,Landslide,West,26126,38.71,49.94,3.6,22.99,4.56,12810,10625,49342,1340,7052
Z0718,Wildfire,East,24862,6.23,34.92,24.01,29.52,1.55,6134,4928,22985,569,3285
Z0719,Wildfire,Central,12167,31.66,44.86,29.56,18.05,9.19,5322,4639,21721,556,3056
Z0720,Wildfire,Central,30180,36.41,55.14,20.81,15.63,6.62,14277,12705,59132,1666,8475
Z0721,Wildfire,West,7387,31.05,22.55,18.93,24.66,6.47,3198,2348,11173,225,1574
Z0722,Cyclone,East,46597,82.13,68.6,27.52,17.18,14.96,38022,38511,179999,5416,25690
Z0723,Earthquake,East,42330,77.19,50.85,9.88,21.69,2.56,32972,27600,128921,3525,18421
Z0724,Flood,West,6426,71.08,67.41,4.79,13.33,3.16,4711,4179,19452,583,2781
Z0725,Flood,East,39405,18.21,54.72,16.77,14.98,13.27,13263,11916,55453,1574,7921
Z0726,Flood,North,6296,81.74,64.27,10.03,7.47,2.82,5119,4494,20864,618,2953
Z0727,Landslide,West,36201,69.33,64.66,15.18,28.44,13.85,26064,25501,119248,3518,17056
Z0728,Earthquake,South,4841,23.51,47.01,15.32,15.47,10.41,1822,1583,7152,195,1026
Z0729,Cyclone,West,24666,66.57,36.8,11.61,34.25,8.39,17248,14062,65597,1611,9346
Z0730,Earthquake,North,33064,50.93,46.75,16.13,12.79,4.9,19242,15827,73804,1964,10535
Z0731,Cyclone,North,36576,46.74,55.08,13.26,19.25,6.03,20137,17588,82174,2301,11696
Z0732,Cyclone,East,21221,15.65,1.0,6.05,14.17,12.56,6735,3955,18557,276,2668
Z0733,Cyclone,West,46121,54.24,43.11,26.4,25.82,1.81,27986,23671,110634,2861,15805
Z0734,Flood,East,38829,14.49,46.18,21.93,29.25,11.76,11986,10685,49811,1320,7118
Z0735,Wildfire,North,10809,20.6,48.37,4.12,19.61,12.59,3832,3229,14893,411,2125
Z0736,Cyclone,South,33726,17.59,39.17,6.13,16.01,10.88,11195,8781,40975,1012,5865
Z0737,Landslide,East,36662,95.64,88.19,5.61,27.34,1.76,33630,34393,160443,5256,22931
Z0738,Wildfire,South,17015,32.06,45.21,4.67,10.74,11.4,7494,6032,27909,730,3964
Z0739,Flood,Central,37043,38.74,52.97,4.59,22.98,11.12,18171,15744,73630,2022,10520
Z0740,Earthquake,East,44970,35.6,40.79,7.24,27.01,1.18,21001,16549,77138,1953,11009
Z0741,Cyclone,Central,40947,90.33,76.07,25.89,13.08,13.49,35930,37179,173414,5397,24708
Z0742,Landslide,North,38246,58.48,49.58,25.36,24.67,2.85,24424,21480,100335,2711,14347
Z0743,Cyclone,East,31908,92.32,90.94,24.14,27.06,14.45,28475,32722,152660,5054,21847
Z0744,Flood,Central,13891,33.49,61.68,19.6,8.52,1.99,6267,5560,26066,758,3690
Z0745,Landslide,South,39864,15.91,50.31,22.53,14.72,4.33,12730,10947,50891,1384,7260
Z0746,Landslide,Central,18527,57.84,51.91,22.94,17.19,10.66,11742,10517,49339,1361,6988
Z0747,Flood,West,26844,37.83,34.36,27.01,28.28,2.92,12985,10528,49145,1177,7007
Z0748,Wildfire,East,16065,81.18,84.97,22.77,22.03,3.59,12994,13737,64013,2052,9157
Z0749,Wildfire,North,15994,88.55,80.23,22.88,18.49,1.16,13821,14004,65197,2067,9339
Z0750,Earthquake,Central,8301,49.89,56.38,24.71,14.56,12.57,4766,4401,20594,581,2940
Z0751,Landslide,East,48085,97.28,70.9,18.02,5.12,1.53,44700,40932,191056,5799,27312
Z0752,Wildfire,West,7815,57.54,61.75,8.75,5.61,9.86,4936,4338,20053,598,2880
Z0753,Cyclone,West,4769,30.74,28.88,5.28,12.21,9.15,2053,1458,6930,156,965
Z0754,Flood,East,46839,51.45,60.91,14.31,8.5,8.16,27442,24414,113981,3290,16231
Z0755,Cyclone,North,27973,8.54,46.24,5.48,8.59,6.25,7386,5821,26936,710,3880
Z0756,Earthquake,East,22176,81.38,89.33,7.57,23.08,5.19,17970,18708,87226,2866,12446
Z0757,Wildfire,East,37006,14.64,41.55,3.64,23.16,14.4,11464,9399,43780,1123,6231
Z0758,Flood,North,19474,34.33,27.3,11.11,6.34,12.0,8909,6391,29883,666,4302
Z0759,Wildfire,North,6832,58.71,59.66,29.19,22.82,13.92,4375,4268,19911,564,2846
Z0760,Earthquake,South,36620,9.08,55.67,13.23,9.37,11.27,9818,8519,40258,1126,5713
Z0761,Earthquake,South,9212,12.54,21.47,9.5,16.32,12.61,2709,1865,9091,190,1274
Z0762,Earthquake,East,27873,71.13,63.41,13.89,34.69,14.5,20444,20180,94331,2771,13476
Z0763,Flood,West,47479,11.82,48.46,11.14,20.66,7.35,13705,11519,53857,1443,7709
Z0764,Landslide,North,46839,50.32,60.08,21.19,6.03,13.7,27045,24862,115915,3341,16546
Z0765,Landslide,Central,18359,37.18,75.21,20.13,15.43,1.6,8791,8560,39865,1238,5689
Z0766,Earthquake,Central,39125,26.67,30.87,3.74,25.13,2.51,15651,11421,53303,1248,7595
Z0767,Flood,North,30828,22.93,25.73,16.81,11.74,7.87,11467,8291,38746,864,5488
Z0768,Wildfire,North,24229,77.52,82.33,3.98,33.93,7.36,18933,19515,91062,2923,12974
Z0769,Landslide,Central,7426,95.4,63.12,21.29,17.76,7.13,6799,6423,30014,884,4250
Z0770,Earthquake,East,19130,18.32,32.71,28.27,5.63,8.52,6454,4984,23329,568,3349
Z0771,Landslide,East,32770,96.17,77.11,27.5,21.22,8.54,30190,31520,147022,4622,21028
Z0772,Earthquake,East,49339,61.5,71.26,8.55,25.29,13.19,32625,32139,150263,4576,21422
Z0773,Landslide,Central,742,65.96,68.65,23.05,18.68,5.84,515,510,2579,83,274
Z0774,Cyclone,North,36029,72.44,70.33,24.41,32.85,5.43,26780,27219,127141,3853,18165
Z0775,Flood,Central,42394,71.89,59.71,26.34,32.06,10.83,31337,30781,143859,4154,20517
Z0776,Landslide,South,47585,82.88,85.16,10.01,9.17,10.08,39096,39388,183632,5935,26242
Z0777,Flood,Central,21478,50.93,100.0,15.17,7.4,12.62,12500,13762,64251,2201,9199
Z0778,Wildfire,East,6364,55.67,63.91,8.98,14.37,5.33,3930,3497,16174,494,2362
Z0779,Flood,West,13913,35.76,45.86,3.66,23.24,1.09,6514,5146,23978,641,3443
Z0780,Wildfire,North,42602,15.0,17.68,20.79,23.05,14.22,13313,9685,45294,886,6470
Z0781,Earthquake,South,43958,68.14,54.83,14.65,13.15,1.62,31256,26478,123530,3452,17662
Z0782,Cyclone,North,32035,8.19,26.94,9.7,33.53,10.52,8375,6378,29764,669,4278
Z0783,Wildfire,East,6575,31.19,35.74,25.87,14.22,5.51,2853,2279,10558,262,1519
Z0784,Wildfire,North,6535,13.95,32.48,16.38,29.13,6.93,1991,1575,7462,172,1057
Z0785,Cyclone,South,24169,23.12,59.05,29.86,29.96,12.73,9025,8940,41602,1196,5960
Z0786,Earthquake,East,29619,65.68,76.09,24.42,7.95,6.87,20514,20282,94576,2943,13522
Z0787,Landslide,East,2102,64.71,58.68,26.47,11.98,3.02,1441,1293,5988,188,884
Z0788,Wildfire,Central,34462,45.0,35.25,23.88,11.46,11.56,18523,14806,69276,1672,9843
Z0789,Earthquake,West,27453,13.57,48.51,5.86,32.59,1.28,8285,6916,32292,874,4602
Z0790,Earthquake,Central,1108,46.17,49.8,4.76,15.53,4.85,605,502,2337,73,360
Z0791,Wildfire,East,5236,38.51,25.46,27.71,30.09,8.53,2559,1958,9594,196,1324
Z0792,Earthquake,South,22989,73.44,73.94,6.73,19.34,7.13,17260,16494,77366,2379,10990
Z0793,Cyclone,South,36268,60.01,70.31,13.56,18.72,9.68,23577,22736,106297,3231,15199
Z0794,Earthquake,West,41358,51.7,24.32,19.47,32.1,6.34,24308,18390,85939,1859,12263
Z0795,Cyclone,Central,21849,51.26,43.3,8.72,18.23,6.47,12770,10204,47625,1245,6812
Z0796,Cyclone,Central,15120,96.8,76.91,9.08,27.35,5.88,14001,13898,64956,2027,9295
Z0797,Cyclone,South,48432,76.85,76.08,15.59,17.73,13.42,37601,38104,177797,5548,25392
Z0798,Cyclone,East,23198,52.21,47.53,12.74,8.06,1.24,13723,10905,50971,1354,7258
Z0799,Earthquake,West,16112,50.53,42.81,21.27,6.59,14.15,9328,7721,36113,951,5128
Z0800,Flood,Central,22394,7.52,37.86,5.03,11.25,6.02,5742,4316,20125,493,2868
Z0801,Landslide,South,1098,94.54,71.38,16.2,26.67,6.11,998,1012,4679,146,669
Z0802,Earthquake,West,15445,35.32,50.93,7.71,16.21,11.16,7180,6084,28735,791,4056
Z0803,Flood,Central,26020,29.31,27.78,19.38,18.62,6.44,10924,8185,38430,853,5431
Z0804,Cyclone,North,45963,99.94,63.74,6.14,8.06,9.63,43644,38533,180254,5300,25714
Z0805,Wildfire,South,37042,73.28,74.37,8.34,23.69,13.65,27767,27707,129515,4000,18474
Z0806,Landslide,East,39174,9.5,33.26,24.71,29.1,12.85,10626,8836,41139,964,5881
Z0807,Cyclone,Central,27473,10.88,42.05,9.35,23.74,8.22,7736,6328,29527,748,4192
Z0808,Wildfire,Central,5974,7.42,22.69,22.9,34.54,11.03,1527,1166,5396,113,821
Z0809,Landslide,North,19851,61.96,49.54,10.37,5.49,6.49,13195,10745,49799,1344,7125
Z0810,Wildfire,North,49854,11.8,47.82,9.35,5.47,11.86,14383,11745,55041,1463,7790
Z0811,Wildfire,South,2686,93.67,58.24,11.08,20.0,3.38,2424,2094,9999,283,1418
Z0812,Cyclone,North,44021,94.01,91.72,26.79,12.99,1.64,39842,42629,198817,6580,28397
Z0813,Flood,East,34383,56.88,72.13,13.72,25.6,8.57,21544,21263,99425,3049,14220
Z0814,Cyclone,South,14553,63.58,70.29,9.58,28.8,4.01,9850,9438,43994,1347,6284
Z0815,Wildfire,South,39011,32.73,34.75,17.49,8.07,11.2,17378,13426,62440,1525,8962
Z0816,Landslide,North,41927,11.08,21.3,13.41,32.52,2.42,11870,8481,39545,828,5714
Z0817,Earthquake,South,2639,75.06,63.76,24.34,5.9,1.12,2013,1835,8543,256,1186
Z0818,Wildfire,North,5767,14.67,17.53,29.74,25.65,10.46,1788,1320,6050,118,900
Z0819,Wildfire,South,33455,13.13,20.68,17.22,16.54,8.01,9985,7115,32986,682,4716
Z0820,Landslide,East,49956,34.57,51.75,15.2,25.02,14.33,22944,20715,96604,2660,13817
Z0821,Flood,South,1686,6.18,36.19,12.26,7.93,4.46,415,271,1340,33,194
Z0822,Landslide,West,33452,46.23,37.83,29.28,33.11,2.73,18289,15425,72041,1775,10319
Z0823,Wildfire,East,7258,72.23,72.84,16.05,33.12,1.32,5383,5404,25020,772,3564
Z0824,Cyclone,South,32681,81.13,75.07,7.81,20.58,7.22,26422,25589,119489,3700,17058
Z0825,Landslide,West,31354,62.41,77.44,29.17,20.29,2.41,20947,21491,100116,3141,14336
Z0826,Wildfire,Central,4976,85.45,78.83,28.94,24.04,11.86,4184,4530,21119,674,3017
Z0827,Landslide,East,34196,43.62,61.69,14.76,22.4,2.01,18026,16306,75938,2221,10858
Z0828,Landslide,Central,44904,85.63,77.82,12.4,21.31,13.89,37819,38788,180702,5681,25782
Z0829,Cyclone,South,43241,53.11,65.97,21.37,22.68,8.57,25872,25132,117372,3478,16778
Z0830,Flood,East,1935,26.19,23.96,25.38,30.76,10.75,767,606,2775,51,402
Z0831,Earthquake,East,12673,94.69,75.62,16.46,23.33,2.83,11535,11406,53313,1657,7589
Z0832,Cyclone,Central,12421,31.12,41.65,11.93,10.88,2.25,5383,4127,19535,501,2809
Z0833,Landslide,West,22938,7.49,26.19,11.14,32.42,5.95,5876,4371,20538,456,2908
Z0834,Earthquake,East,7579,28.05,45.75,11.82,11.48,8.29,3110,2524,11770,307,1636
Z0835,Earthquake,South,42791,39.84,54.52,6.19,9.95,9.06,21344,17984,83731,2337,11937
Z0836,Earthquake,North,38950,38.38,50.82,24.02,34.91,5.62,19002,17355,80924,2216,11581
Z0837,Earthquake,Central,40514,54.84,53.04,5.83,11.4,4.82,24766,20355,94802,2619,13573
Z0838,Landslide,North,10311,88.9,65.07,13.75,8.0,14.74,8937,8316,38979,1151,5575
Z0839,Flood,West,1221,32.77,56.19,25.54,21.86,4.82,544,459,2551,54,349
Z0840,Landslide,East,45577,54.47,59.16,13.91,29.82,2.93,27735,25253,117743,3376,16792
Z0841,Flood,West,14801,37.31,33.3,10.96,6.82,6.03,7102,5218,24299,580,3526
Z0842,Wildfire,Central,32985,83.07,68.36,28.6,19.7,5.25,27147,26698,124530,3763,17815
Z0843,Landslide,North,45518,19.97,15.06,6.42,7.06,6.9,15921,10178,47185,911,6786
Z0844,Wildfire,North,2290,14.83,33.58,26.89,17.86,9.73,713,586,2719,55,394
Z0845,Earthquake,South,770,52.78,51.65,4.68,15.32,9.44,459,393,1715,34,256
Z0846,Cyclone,East,768,68.83,55.96,14.17,9.11,10.78,550,481,1957,63,316
Z0847,Cyclone,North,8238,80.57,88.33,20.06,32.93,3.19,6626,7206,34012,1090,4800
Z0848,Flood,Central,3057,61.01,44.68,12.99,24.05,1.64,2010,1626,7654,208,1069
Z0849,Landslide,West,41089,78.52,76.66,17.43,30.29,12.07,32415,34024,158569,4957,22673
Z0850,Flood,Central,30493,42.31,74.51,8.51,32.18,4.04,15775,15516,72503,2264,10327
Z0851,Wildfire,South,49013,8.12,42.39,18.36,32.91,5.42,12787,10872,50702,1296,7278
Z0852,Wildfire,Central,40174,16.03,33.44,6.63,27.44,7.38,12865,9873,46243,1104,6599
Z0853,Earthquake,South,48178,8.68,16.17,24.49,14.21,11.03,12772,9005,41919,813,6038
Z0854,Earthquake,North,12308,36.25,28.59,18.76,29.87,3.29,5808,4455,20777,470,2953
Z0855,Flood,Central,14746,52.07,48.7,16.01,20.61,13.63,8708,7601,35801,961,5082
Z0856,Earthquake,North,42546,38.85,38.12,4.48,13.15,5.5,20906,15727,73186,1830,10495
Z0857,Earthquake,West,12621,58.26,48.41,16.49,16.57,14.76,8039,6972,32609,887,4668
Z0858,Landslide,South,3333,50.66,48.95,18.22,14.04,5.0,1933,1579,7712,210,1103
Z0859,Landslide,West,33622,69.4,61.94,10.17,18.99,11.16,24225,22236,103753,3035,14862
Z0860,Flood,South,40148,68.36,68.42,21.29,28.44,6.27,28613,28383,132115,3976,18897
Z0861,Flood,North,48426,35.22,29.52,5.07,19.55,12.71,22477,16781,78150,1800,11202
Z0862,Landslide,Central,46426,37.89,37.65,8.63,13.04,7.47,22478,17251,80281,1985,11494
Z0863,Cyclone,South,6451,60.59,56.41,22.91,7.62,13.19,4222,3838,17763,512,2537
Z0864,Wildfire,West,38720,61.66,56.57,6.97,30.67,11.56,25650,23369,108842,3084,15599
Z0865,Landslide,North,42384,34.9,66.23,9.63,17.52,9.2,19571,18186,84834,2531,12123
Z0866,Landslide,Central,35057,36.38,47.8,20.57,18.26,4.5,16577,14056,65831,1758,9369
Z0867,Wildfire,West,41080,70.93,44.65,22.68,27.91,4.64,30070,25857,120583,3160,17220
Z0868,Cyclone,East,41980,66.5,66.59,4.39,30.49,14.88,29334,28424,132651,3950,18928
Z0869,Landslide,Central,22604,17.83,41.35,6.42,20.33,13.96,7544,6167,28622,719,4122
Z0870,Flood,East,2487,46.9,49.29,15.05,23.97,2.94,1372,1197,5358,155,780
Z0871,Flood,South,23082,89.81,59.83,19.01,12.17,3.86,20164,17948,83797,2424,11962
Z0872,Earthquake,South,10488,8.45,50.74,15.25,33.05,2.5,2762,2464,11364,307,1611
Z0873,Earthquake,West,6129,86.24,59.59,20.47,22.04,3.82,5190,4749,22170,645,3162
Z0874,Earthquake,East,6683,20.5,44.2,23.41,26.59,5.06,2364,2080,9561,233,1328
Z0875,Landslide,East,35020,53.19,56.66,28.64,8.43,12.73,20974,19364,90106,2550,12916
Z0876,Earthquake,West,25474,45.31,57.13,12.45,24.11,2.33,13752,12105,56489,1605,8056
Z0877,Landslide,West,27222,5.96,48.76,7.4,16.07,13.35,6661,5594,26390,693,3751
Z0878,Flood,West,37387,91.96,82.32,10.13,18.5,14.61,33263,34432,160922,5135,22960
Z0879,Earthquake,West,27639,48.22,44.82,7.0,25.46,4.94,15523,12645,59248,1549,8461
Z0880,Cyclone,West,31686,95.66,90.88,13.64,28.89,7.39,29070,31700,148097,4885,21128
Z0881,Wildfire,West,4758,32.24,35.16,26.56,15.48,8.41,2102,1659,7834,188,1107
Z0882,Earthquake,Central,42631,87.3,74.98,12.37,31.2,3.88,36439,36308,169032,5254,24204
Z0883,Cyclone,West,22715,92.63,60.43,7.02,11.57,11.24,20324,17979,83851,2415,11968
Z0884,Cyclone,North,8183,57.9,44.45,17.11,21.89,9.12,5190,4392,20581,533,2930
Z0885,Flood,Central,40760,24.25,38.95,29.78,9.54,2.57,15565,12445,58331,1456,8341
Z0886,Earthquake,South,36864,70.1,67.97,8.08,13.68,13.54,26754,25105,117168,3520,16735
Z0887,Earthquake,West,3124,57.15,36.0,24.0,31.86,5.23,1964,1568,7430,181,1080
Z0888,Cyclone,West,10055,94.73,83.07,25.23,5.35,3.19,9155,9246,42829,1378,6128
Z0889,Flood,West,1279,46.73,40.87,13.84,32.47,14.75,704,570,2742,78,406
Z0890,Landslide,East,13902,30.51,57.14,19.73,14.85,2.44,5962,5210,24187,694,3495
Z0891,Cyclone,East,5449,18.14,30.75,14.67,25.87,1.84,1831,1417,6367,134,939
Z0892,Flood,North,35640,71.37,50.77,10.08,7.75,4.33,26205,21295,99337,2700,14178
Z0893,Earthquake,South,26366,97.54,79.56,14.51,24.24,5.47,24561,24903,116187,3687,16626
Z0894,Cyclone,North,49021,7.69,18.23,5.57,32.28,7.07,12631,8812,41033,819,5901
Z0895,Earthquake,Central,37597,75.34,81.66,22.09,21.66,10.59,28764,30571,142450,4551,20370
Z0896,Landslide,Central,30772,93.06,76.19,25.39,15.86,6.12,27632,27916,130175,4082,18593
Z0897,Landslide,North,25711,12.1,29.83,11.3,28.81,8.83,7475,5706,26724,622,3829
Z0898,Landslide,Central,3197,15.47,40.61,18.29,26.38,1.08,1010,839,3935,80,545
Z0899,Landslide,West,3975,70.74,51.85,9.27,8.53,6.39,2904,2404,11169,318,1631
Z0900,Wildfire,South,31007,66.56,46.14,6.44,24.97,14.23,21680,18478,86567,2277,12297
Z0901,Cyclone,North,716,11.54,36.25,20.92,24.94,11.85,205,138,741,22,141
Z0902,Landslide,West,2596,84.27,58.15,6.62,27.56,11.37,2160,1948,9240,264,1313
Z0903,Earthquake,North,11347,54.73,41.9,24.11,14.49,5.26,6927,5702,26515,688,3795
Z0904,Landslide,North,44266,91.18,85.19,10.34,17.04,7.83,39125,39871,186124,6026,26589
Z0905,Cyclone,North,23217,88.41,79.93,25.1,33.8,12.82,20038,22046,103391,3259,14731
Z0906,Wildfire,North,35624,82.19,55.16,12.95,22.2,13.32,29084,26358,123132,3451,17587
Z0907,Flood,North,20872,54.01,47.28,12.96,20.26,10.95,12629,10788,49974,1328,7162
Z0908,Wildfire,South,9070,28.91,30.06,23.27,34.61,7.39,3781,3039,14043,342,2047
Z0909,Earthquake,Central,18872,53.07,75.5,16.78,11.89,2.02,11286,10783,50238,1561,7209
Z0910,Wildfire,South,5040,14.58,43.89,8.43,16.94,2.67,1559,1240,5664,149,808
Z0911,Earthquake,South,38628,67.59,57.12,25.96,27.8,1.0,27307,25173,117246,3328,16806
Z0912,Landslide,Central,9585,17.73,41.67,12.18,26.39,6.03,3192,2616,12212,314,1763
Z0913,Earthquake,East,19131,53.56,38.18,5.77,34.0,1.33,11511,9083,41947,1053,6050
Z0914,Wildfire,North,49012,10.17,22.52,14.23,24.63,7.09,13541,9777,45757,965,6521
Z0915,Landslide,East,29802,33.45,44.66,18.5,14.39,9.37,13437,11238,52464,1373,7477
Z0916,Earthquake,East,23199,27.05,45.3,19.47,16.93,9.34,9346,7879,37036,970,5270
Z0917,Flood,East,27379,63.9,58.98,25.56,7.69,8.77,18597,16914,79001,2265,11331
Z0918,Wildfire,Central,39312,79.74,71.83,17.62,32.71,4.17,31373,31393,146590,4475,20909
Z0919,Wildfire,West,13097,10.44,31.68,9.04,8.86,8.27,3645,2635,12489,310,1773
Z0920,Flood,North,32002,85.78,70.22,10.06,21.37,14.72,26989,26449,123585,3761,17614
Z0921,Earthquake,South,43699,86.77,69.17,5.72,17.04,7.22,37178,34372,160015,4848,22856
Z0922,Earthquake,East,28835,37.52,40.52,22.87,9.03,13.24,13881,11481,53687,1363,7623
Z0923,Earthquake,West,22604,67.61,64.97,5.86,13.79,6.34,15983,14227,66476,1971,9504
Z0924,Flood,South,7684,43.25,53.72,19.36,24.01,9.72,4029,3642,17299,471,2409
Z0925,Landslide,East,12790,19.65,38.19,19.12,5.94,7.75,4443,3462,16381,381,2298
Z0926,Landslide,South,47329,55.22,41.23,24.21,33.98,10.64,29067,25530,119027,3022,16961
Z0927,Landslide,West,27292,13.2,20.27,5.02,32.27,13.56,8160,5885,27642,586,3968
Z0928,Cyclone,South,15416,88.45,78.43,8.48,7.54,7.17,13310,12647,59116,1873,8451
Z0929,Wildfire,East,21209,92.81,93.71,27.56,31.05,11.6,19005,22360,104142,3482,14901
Z0930,Landslide,Central,29112,83.05,72.51,18.45,14.86,13.36,23956,23804,111369,3405,15875
Z0931,Flood,Central,27109,58.44,52.2,15.36,7.03,12.05,17304,14824,69366,1913,9921
Z0932,Cyclone,East,35139,57.97,59.58,23.19,14.18,1.34,22305,19983,93022,2681,13354
Z0933,Flood,South,13246,98.54,65.56,27.37,29.27,1.0,12439,12118,56543,1686,8081
Z0934,Cyclone,North,32637,28.55,56.41,10.1,24.97,13.36,13516,12286,57626,1616,8204
Z0935,Earthquake,Central,22412,12.22,33.96,27.34,12.16,11.21,6536,5248,24670,582,3504
Z0936,Wildfire,East,47060,58.38,49.08,5.93,26.58,14.41,30017,26104,121863,3292,17408
Z0937,Wildfire,North,8317,36.23,42.92,29.4,26.23,5.09,3923,3377,15608,424,2280
Z0938,Cyclone,Central,7847,35.62,38.27,7.45,27.29,12.03,3666,3012,13703,339,1993
Z0939,Landslide,East,23352,5.67,43.86,10.19,21.22,12.22,5663,4731,21984,565,3167
Z0940,Landslide,West,25663,61.64,56.48,5.61,29.57,13.0,16997,15428,72324,2047,10288
Z0941,Cyclone,North,34699,30.08,43.41,24.7,24.24,10.69,14768,12884,59843,1543,8580
Z0942,Wildfire,Central,20500,22.85,44.45,29.57,8.76,2.94,7613,6296,29601,759,4197
Z0943,Landslide,South,45729,8.84,20.97,11.02,29.31,10.53,12178,8859,41226,862,5853
Z0944,Earthquake,West,23971,39.61,49.11,11.79,14.71,9.46,11915,10014,46868,1279,6675
Z0945,Earthquake,South,6902,88.5,76.97,10.53,26.15,5.67,5962,5942,27517,859,3940
Z0946,Cyclone,North,6401,36.98,26.69,7.18,25.25,3.92,3056,2193,10261,226,1475
Z0947,Wildfire,East,48684,69.51,66.26,24.26,15.08,13.39,35117,34401,160417,4788,22958
Z0948,Flood,North,7137,76.87,66.73,4.64,9.85,2.99,5542,4841,22825,672,3234
Z0949,Cyclone,East,47419,36.17,46.45,29.13,25.85,6.91,22347,19845,92565,2441,13279
Z0950,Cyclone,East,14265,83.06,71.11,28.04,30.47,9.72,11739,12260,56858,1749,8145
Z0951,Wildfire,North,5123,70.73,67.01,6.2,30.15,14.61,3742,3612,16757,510,2389
Z0952,Landslide,East,15583,58.13,73.02,17.3,23.8,10.39,9910,9970,46517,1435,6653
Z0953,Earthquake,East,30928,5.09,13.65,29.81,11.82,5.27,7366,5028,23386,439,3340
Z0954,Flood,East,21681,8.33,25.48,26.02,14.49,1.85,5691,4157,19512,439,2752
Z0955,Flood,North,39387,99.13,87.52,22.31,27.64,5.45,37161,40504,188871,6165,26981
Z0956,Flood,West,30744,79.32,74.4,3.61,17.33,5.1,24438,22814,106817,3295,15219
Z0957,Cyclone,South,20339,94.07,82.25,4.85,26.97,12.47,18417,19038,88722,2855,12669
Z0958,Landslide,South,31914,90.72,100.0,24.44,14.28,6.27,28097,31653,148015,5019,21153
Z0959,Landslide,Central,48588,6.94,36.19,13.16,5.19,2.38,12247,9021,42014,1029,6025
Z0960,Landslide,Central,20885,80.23,82.7,21.05,23.1,13.18,16744,18027,84057,2702,12035
Z0961,Cyclone,North,8095,47.86,47.64,22.96,23.03,1.25,4525,3856,17911,481,2608
Z0962,Cyclone,East,20735,80.01,57.09,14.4,23.83,1.04,16590,14599,68028,1922,9737
Z0963,Wildfire,South,42086,5.64,24.33,6.87,13.05,7.65,10197,7142,32954,709,4710
Z0964,Earthquake,West,11272,32.38,51.35,13.44,29.33,1.97,4992,4323,20210,559,2852
Z0965,Cyclone,West,47483,76.38,71.89,26.52,19.62,3.48,36697,36359,169585,5206,24231
Z0966,Earthquake,East,29621,80.34,74.03,11.94,27.87,14.79,23772,24288,113493,3506,16177
Z0967,Earthquake,West,30278,63.87,57.56,4.69,23.33,12.82,20560,18461,86143,2441,12271
Z0968,Flood,West,16193,33.62,39.01,28.9,17.48,11.7,7322,6228,28621,708,4117
Z0969,Landslide,Central,46063,34.48,41.81,21.38,25.39,10.39,21124,18065,84289,2162,12052
Z0970,Cyclone,Central,2284,96.84,86.96,17.6,22.25,1.67,2116,2170,10097,343,1494
Z0971,Earthquake,East,15284,46.73,60.79,25.39,20.32,12.7,8413,8097,37754,1074,5419
Z0972,Landslide,North,21211,47.48,39.04,14.1,24.46,7.6,11795,9564,44336,1098,6374
Z0973,Flood,Central,24125,57.47,65.76,29.6,7.58,2.38,15223,14195,66409,1973,9462
Z0974,Wildfire,East,23970,43.9,41.34,26.15,32.31,5.21,12686,10995,50760,1303,7295
Z0975,Flood,Central,7822,57.5,62.25,10.57,15.05,8.03,4938,4434,20568,602,3000
Z0976,Cyclone,West,11667,46.07,48.03,13.02,11.74,1.19,6365,5123,23741,640,3419
Z0977,Earthquake,East,5214,83.54,89.74,10.45,28.15,4.53,4310,4554,21304,700,3037
Z0978,Flood,Central,28837,91.36,70.23,20.8,11.94,5.7,25527,24358,113618,3454,16231
Z0979,Flood,West,17868,93.55,78.6,20.26,34.87,7.49,16110,17152,80004,2512,11406
Z0980,Earthquake,West,28506,58.61,64.51,17.11,17.61,1.03,18232,16612,77492,2290,11084
Z0981,Landslide,East,29691,47.0,40.36,29.08,13.9,8.92,16404,13714,64171,1615,9131
Z0982,Landslide,South,35249,72.0,63.73,15.75,6.86,3.77,26084,23110,108029,3171,15433
Z0983,Wildfire,South,27578,84.64,68.35,24.16,6.25,9.36,23022,21985,102315,3071,14648
Z0984,Landslide,West,32574,58.48,51.0,20.77,7.85,4.35,20802,17509,81627,2232,11682
Z0985,Cyclone,South,29564,71.5,59.05,16.99,5.15,6.64,21766,19010,88961,2552,12655
Z0986,Landslide,West,32796,76.22,80.27,4.14,14.81,9.73,25307,24672,115595,3662,16484
Z0987,Wildfire,West,31024,69.26,55.91,20.75,14.31,10.19,22320,20128,94070,2644,13410
Z0988,Cyclone,North,16152,75.88,73.53,20.35,17.9,1.43,12423,12019,56280,1742,8018
Z0989,Cyclone,North,12691,24.82,42.43,6.37,11.99,8.49,4901,3802,18024,470,2552
Z0990,Flood,West,39478,52.35,37.03,24.49,6.88,12.43,23396,18832,87819,2174,12563
Z0991,Flood,Central,17464,60.89,64.72,15.61,7.13,3.89,11468,10223,47776,1431,6828
Z0992,Wildfire,East,27683,5.24,10.92,11.75,10.46,8.45,6625,4271,19967,354,2784
Z0993,Wildfire,West,10250,86.32,80.01,25.25,14.5,7.27,8686,8988,41710,1316,5942
Z0994,Earthquake,South,21855,62.95,53.54,12.27,9.44,12.9,14689,12688,59329,1642,8495
Z0995,Wildfire,South,26718,17.27,34.6,19.79,15.95,7.14,8804,6922,31884,779,4588
Z0996,Flood,South,31488,82.55,54.87,19.68,32.67,14.21,25793,24546,114146,3213,16329
Z0997,Wildfire,Central,26556,73.12,66.68,4.43,12.85,10.13,19875,18018,84421,2505,12044
Z0998,Cyclone,West,18352,77.04,78.5,14.42,10.05,8.86,14274,14021,65643,2068,9361
Z0999,Cyclone,South,48108,42.24,38.55,9.02,24.94,5.09,24862,19557,91485,2275,13050
Z1000,Landslide,North,25881,86.15,65.1,8.39,19.73,9.35,21899,20262,94522,2800,13479
Z1001,Earthquake,Central,40511,44.33,54.84,20.68,6.42,2.84,21571,18362,85600,2400,12270
Z1002,Cyclone,South,36967,59.2,63.32,3.31,28.63,6.83,23807,21765,101456,2984,14544
Z1003,Earthquake,South,28137,5.06,1.0,29.17,26.46,4.98,6695,4254,19698,308,2862
Z1004,Landslide,West,44377,66.26,85.63,13.68,34.32,10.38,30929,33698,157306,5106,22471
Z1005,Cyclone,North,6849,73.23,71.62,11.07,33.15,11.7,5131,5163,24262,736,3447
Z1006,Cyclone,South,46093,58.88,65.75,27.84,22.53,14.0,29573,29779,139188,4132,19875
Z1007,Landslide,East,42587,52.17,51.97,16.14,25.58,4.11,25181,21994,102944,2822,14632
Z1008,Wildfire,North,25430,81.94,47.8,19.59,17.29,13.39,20714,18082,84513,2252,12067
Z1009,Wildfire,Central,36803,69.73,71.45,21.79,31.65,12.84,26608,27682,128812,3949,18467
Z1010,Landslide,Central,26254,31.42,35.5,26.53,21.58,13.07,11438,9530,44753,1060,6387
Z1011,Flood,Central,13804,96.11,84.39,6.5,14.77,11.37,12711,12833,59887,1935,8595
Z1012,Landslide,East,40094,72.19,62.08,5.2,5.28,4.75,29727,25264,117793,3434,16863
Z1013,Landslide,East,12673,98.85,82.22,29.83,22.59,13.29,11930,13150,61401,1955,8803
Z1014,Flood,South,16065,97.27,69.2,3.24,20.76,9.39,14933,13975,65077,1964,9319
Z1015,Flood,North,26205,92.3,86.14,22.12,29.36,11.37,23381,25967,121161,3945,17308
Z1016,Cyclone,North,41951,76.76,52.96,19.5,10.61,3.87,32541,27759,129546,3593,18512
Z1017,Earthquake,North,19504,62.9,86.54,17.92,29.46,3.2,13102,13951,64966,2116,9276
Z1018,Landslide,North,24960,21.36,63.6,24.22,5.46,4.88,8991,8207,38615,1128,5464
Z1019,Landslide,West,2562,56.62,75.73,29.8,22.62,8.16,1600,1675,7913,231,1128
Z1020,Earthquake,West,6235,77.71,83.05,4.27,16.91,6.83,4881,4831,22453,718,3201
Z1021,Flood,West,3269,54.48,53.95,19.59,14.95,13.43,1990,1834,8646,235,1165
Z1022,Earthquake,South,4066,87.48,87.11,22.35,18.0,1.18,3481,3613,16784,565,2452
Z1023,Wildfire,North,43492,15.42,32.33,11.26,11.71,2.12,13728,9994,46696,1108,6660
Z1024,Wildfire,North,42179,41.19,29.01,27.11,10.5,5.56,21466,16217,75528,1727,10836
Z1025,Cyclone,Central,41184,53.07,72.23,15.34,29.15,3.35,24629,24217,113021,3458,16152
Z1026,Wildfire,Central,3250,46.07,63.88,7.44,11.83,6.69,1773,1562,7402,227,1076
Z1027,Cyclone,North,4343,15.32,33.05,26.07,27.11,11.05,1368,1116,4907,122,774
Z1028,Wildfire,West,14390,19.59,21.07,28.46,26.34,14.91,4992,3840,17773,378,2556
Z1029,Flood,Central,28482,84.57,64.48,5.69,6.0,3.83,23762,20423,95616,2817,13615
Z1030,Cyclone,Central,17039,51.02,31.21,23.3,31.43,4.72,9928,7888,36869,877,5264
Z1031,Flood,South,24634,9.63,41.64,8.81,28.68,11.76,6706,5586,26379,662,3706
Z1032,Flood,West,9063,6.57,9.37,3.18,28.88,4.81,2259,1415,6890,124,991
Z1033,Flood,Central,36674,49.98,55.93,10.04,29.28,10.85,21082,19198,89507,2522,12792
Z1034,Flood,Central,16038,20.62,26.22,26.08,22.48,9.17,5688,4390,20434,458,2935
Z1035,Wildfire,West,3793,71.99,47.47,6.81,34.8,12.97,2807,2464,11728,319,1613
Z1036,Landslide,South,37264,80.56,72.17,6.53,10.37,1.47,29968,27002,126355,3849,18022
Z1037,Cyclone,West,45188,26.69,35.67,22.95,7.17,14.72,18083,14481,67529,1643,9645
Z1038,Wildfire,North,1226,61.26,68.75,13.97,26.13,14.5,808,798,3983,106,561
Z1039,Cyclone,North,22115,19.67,20.61,7.01,13.82,1.31,7686,5109,23905,496,3379
Z1040,Cyclone,North,41445,33.84,34.52,9.21,23.25,7.99,18808,14550,68131,1641,9734
Z1041,Cyclone,East,35455,89.44,45.54,24.45,16.75,6.62,30874,26278,122600,3222,17531
Z1042,Cyclone,North,42899,56.69,29.97,19.83,15.01,4.56,26819,20053,93630,2156,13381
Z1043,Cyclone,North,21053,89.16,95.62,23.55,31.8,14.69,18289,21751,101263,3408,14517
Z1044,Wildfire,Central,18927,26.4,64.52,5.64,9.26,3.44,7533,6515,30273,890,4376
Z1045,Wildfire,East,35604,36.35,46.11,15.37,10.67,4.69,16827,13621,63956,1685,9105
Z1046,Flood,West,8103,49.74,42.47,24.52,25.04,1.12,4643,3848,18093,459,2565
Z1047,Landslide,East,12351,50.61,49.25,10.18,28.48,9.12,7158,6180,28812,789,4156
Z1048,Flood,North,30242,99.78,90.36,7.57,29.97,13.05,28680,31386,146675,4824,20933
Z1049,Landslide,East,33589,15.87,27.56,13.31,11.93,9.71,10716,7869,36476,817,5222
Z1050,Wildfire,North,6423,85.94,75.12,12.0,31.46,10.12,5425,5518,25726,796,3691
Z1051,Landslide,West,25661,87.05,72.72,8.01,23.29,1.93,21886,20585,96631,2959,13760
Z1052,Cyclone,West,18563,57.55,49.83,28.76,29.7,11.01,11725,10896,50606,1388,7241
Z1053,Wildfire,West,25336,37.68,39.41,16.04,7.06,6.73,12227,9484,44423,1121,6311
Z1054,Landslide,South,47943,54.33,58.4,19.42,15.71,7.63,29124,26393,122983,3514,17547
Z1055,Landslide,East,4292,32.78,31.31,6.27,20.75,9.19,1914,1424,6582,152,962
Z1056,Wildfire,West,49776,80.92,74.93,19.47,22.31,14.66,40164,41584,193871,6033,27679
Z1057,Cyclone,East,22754,52.34,48.13,17.99,7.97,11.47,13483,11413,53132,1415,7604
Z1058,Wildfire,Central,38719,92.96,77.66,28.16,21.16,10.57,34739,36761,171349,5387,24507
Z1059,Wildfire,West,21511,64.16,76.9,14.13,24.96,7.05,14653,14724,68947,2151,9831
Z1060,Cyclone,West,15892,53.86,52.6,24.12,15.85,1.48,9598,8297,38840,1071,5570
Z1061,Landslide,West,38645,72.55,75.94,11.21,20.02,8.54,28757,28313,132287,4133,18900
Z1062,Landslide,North,34540,52.87,32.57,18.63,13.78,10.25,20604,16014,74300,1754,10641
Z1063,Wildfire,East,7631,90.93,69.37,28.03,31.12,10.86,6730,6967,32826,995,4620
Z1064,Landslide,West,35418,22.52,37.72,19.88,22.98,9.51,13066,10753,50153,1256,7104
Z1065,Landslide,East,37778,97.47,100.0,22.2,21.54,5.21,35172,39964,186458,6360,26647
Z1066,Wildfire,East,19698,82.16,46.67,26.65,33.33,4.09,16078,14292,66618,1772,9554
Z1067,Flood,Central,46320,86.77,71.57,27.99,24.95,2.26,39408,39490,184001,5645,26345
Z1068,Flood,Central,32224,50.88,70.46,8.62,13.39,10.84,18741,17653,82589,2499,11771
Z1069,Earthquake,South,17014,84.53,62.07,8.29,24.25,14.59,14189,13343,62311,1826,8887
Z1070,Landslide,South,1031,34.14,41.22,17.86,33.85,8.35,470,422,2030,42,283
Z1071,Cyclone,North,33911,77.39,71.55,29.88,5.71,10.42,26465,26180,122222,3755,17460
Z1072,Wildfire,West,10848,18.34,37.3,16.23,23.8,10.7,3662,2949,14049,338,2002
Z1073,Flood,East,37948,34.17,62.58,11.93,9.71,3.26,17315,15131,70907,2075,10085
Z1074,Earthquake,East,26492,47.34,56.42,17.51,29.49,3.69,14704,13301,62327,1749,8872
Z1075,Flood,Central,23603,35.62,60.52,4.74,24.22,3.91,11026,9724,45357,1312,6477
Z1076,Landslide,East,8605,41.77,43.65,7.78,33.11,14.06,4417,3791,17547,451,2543
Z1077,Earthquake,West,35720,82.91,61.71,7.02,25.09,1.22,29356,26017,121611,3527,17350
Z1078,Earthquake,South,8712,29.38,38.45,3.75,5.52,8.58,3662,2699,12827,327,1834
Z1079,Landslide,Central,21179,75.8,52.78,22.5,20.31,6.28,16276,14494,67582,1859,9643
Z1080,Flood,North,41897,12.0,37.4,11.79,32.11,10.23,12150,9955,46485,1143,6635
Z1081,Wildfire,East,46059,77.75,63.13,7.55,11.97,4.09,36070,31535,147154,4311,21031
Z1082,Flood,Central,49463,80.24,61.07,16.83,7.49,14.46,39659,36356,169822,4932,24230
Z1083,Earthquake,West,47922,43.16,54.72,11.73,26.6,5.64,25097,22193,103330,2904,14781
Z1084,Cyclone,North,28021,73.64,51.78,13.61,20.08,13.96,21080,18692,87131,2407,12419
Z1085,Flood,Central,10423,91.94,84.81,11.52,6.43,9.25,9272,9245,43039,1390,6188
Z1086,Flood,South,42034,81.07,63.85,3.11,13.4,6.8,33965,29797,139251,4112,19894
Z1087,Wildfire,East,40181,42.09,62.06,21.58,14.8,11.27,20720,19507,91085,2649,12987
Z1088,Cyclone,East,49521,51.0,48.34,5.99,25.04,8.74,28846,24322,113331,3040,16250
Z1089,Flood,South,32722,79.04,76.05,8.92,19.15,2.94,25942,24786,115823,3604,16511
Z1090,Earthquake,South,7509,32.8,45.19,8.14,19.62,10.86,3349,2819,13153,334,1837
Z1091,Earthquake,Central,25394,81.37,78.68,11.95,29.2,9.11,20576,21174,98855,3116,14094
Z1092,Flood,West,22688,36.17,46.21,7.33,13.35,8.92,10692,8662,40610,1063,5799
Z1093,Cyclone,Central,42226,81.57,49.9,12.37,25.18,11.33,34278,30069,140125,3806,20066
Z1094,Earthquake,South,19932,13.25,44.39,9.57,16.03,10.15,5967,4928,22616,573,3277
Z1095,Landslide,South,16765,9.22,29.02,4.65,17.55,6.13,4512,3250,15214,347,2189
Z1096,Landslide,East,4462,99.78,89.35,26.51,21.68,5.46,4232,4583,21643,703,3081
Z1097,Cyclone,West,41855,87.6,81.46,11.25,25.87,4.51,35870,36382,169597,5410,24281
Z1098,Earthquake,North,37889,88.87,64.6,5.57,33.36,9.05,32832,31052,145226,4281,20712
Z1099,Landslide,South,2540,95.37,66.48,17.08,13.07,5.2,2325,2103,10081,307,1403
Z1100,Landslide,East,21972,46.64,58.52,6.33,8.11,2.69,12080,10124,47150,1350,6712
Z1101,Earthquake,North,24246,32.25,39.1,23.87,17.86,11.96,10714,8981,41637,1044,5969
Z1102,Wildfire,East,23732,17.35,45.78,4.66,21.4,3.93,7835,6267,29605,768,4180
Z1103,Earthquake,North,45988,52.61,51.8,15.55,11.84,3.31,27343,22879,106852,2941,15271
Z1104,Landslide,Central,7958,25.9,51.53,28.48,31.71,12.89,3137,2979,14034,395,1994
Z1105,Earthquake,East,15664,93.88,81.71,7.29,28.97,10.83,14162,14658,68418,2188,9795
Z1106,Landslide,North,9456,5.38,31.41,8.44,19.81,11.73,2273,1726,8095,176,1166
Z1107,Wildfire,East,12582,18.6,30.74,19.21,18.5,5.91,4272,3239,15283,347,2168
Z1108,Landslide,South,45402,28.42,43.42,29.46,6.22,9.64,18758,15735,73775,1908,10482
Z1109,Earthquake,East,47066,23.9,52.46,13.42,21.11,14.05,17850,15907,74332,2048,10599
Z1110,Cyclone,South,2710,26.45,38.9,20.51,22.87,4.96,1080,900,4133,96,584
Z1111,Earthquake,East,31789,67.32,68.4,7.11,31.75,1.97,22408,21099,98409,2955,14035
Z1112,Cyclone,North,12026,36.11,45.42,20.32,20.03,3.39,5662,4732,21883,582,3154
Z1113,Landslide,South,10031,63.43,61.38,9.82,9.72,13.56,6778,6106,28173,816,4030
Z1114,Flood,South,14957,89.57,94.94,19.56,10.4,4.94,13039,13945,64855,2178,9256
Z1115,Earthquake,West,10122,62.24,73.65,5.39,9.8,7.88,6749,6264,29377,903,4186
Z1116,Wildfire,Central,24765,70.98,64.99,17.17,33.16,8.48,18137,17801,83127,2451,11806
Z1117,Wildfire,Central,49783,39.72,49.42,9.41,28.8,14.44,24787,21907,102249,2760,14623
Z1118,Wildfire,South,29529,20.18,27.68,21.41,29.74,5.22,10375,8025,37168,849,5319
Z1119,Landslide,South,36301,35.46,42.43,23.19,30.21,8.3,16914,14639,68559,1746,9743
Z1120,Landslide,South,24918,96.61,81.85,25.9,7.87,14.41,23039,24240,113164,3620,16180
Z1121,Cyclone,East,1188,64.07,70.45,29.79,26.07,3.82,808,872,3753,122,545
Z1122,Landslide,Central,4663,31.36,51.24,15.4,26.13,9.37,2029,1860,8621,231,1211
Z1123,Earthquake,South,13809,47.84,38.0,21.11,11.74,1.89,7716,5997,28203,705,3979
Z1124,Cyclone,West,12561,84.37,83.13,3.5,19.72,4.68,10460,10285,48086,1531,6832
Z1125,Cyclone,South,42109,68.5,61.61,27.44,24.87,1.97,30055,28428,132463,3855,18982
Z1126,Flood,South,42258,58.26,45.2,19.63,31.92,5.62,26916,23318,108665,2854,15546
Z1127,Earthquake,East,42779,89.09,90.04,14.38,8.31,3.89,37140,37723,176342,5832,25175
Z1128,Earthquake,West,32061,68.88,80.44,14.73,31.77,12.18,22975,24456,114326,3635,16316
Z1129,Landslide,Central,28031,66.06,64.5,23.47,32.67,7.49,19494,19337,89909,2665,12870
Z1130,Earthquake,West,32633,23.03,46.17,25.5,32.71,6.67,12163,10849,50582,1344,7184
Z1131,Earthquake,West,20637,15.11,42.52,24.81,5.15,10.69,6466,5330,25033,641,3575
Z1132,Landslide,Central,33675,96.69,94.93,16.79,11.63,14.26,31155,34327,160516,5380,22889
Z1133,Cyclone,West,39825,61.89,67.78,13.02,25.74,5.22,26451,25171,117441,3512,16752
Z1134,Landslide,North,38264,44.49,33.54,28.53,14.65,1.93,20421,15870,74134,1773,10584
Z1135,Earthquake,North,30885,60.96,82.65,20.12,6.83,2.54,20298,20050,93614,3006,13374
Z1136,Earthquake,East,3376,10.87,43.77,17.68,27.89,13.0,950,796,4055,108,548
Z1137,Cyclone,North,36385,83.1,64.59,19.15,5.86,12.84,29954,27943,130449,3841,18610
Z1138,Earthquake,West,18647,25.58,26.71,20.01,18.38,7.66,7307,5426,25542,560,3621
Z1139,Wildfire,West,37312,81.43,75.84,22.25,33.43,3.07,30250,31206,145688,4535,20841
Z1140,Wildfire,Central,27207,55.77,52.33,17.94,18.21,8.37,16821,14725,69117,1904,9840
Z1141,Wildfire,North,44119,31.27,46.16,26.63,32.36,10.36,19171,17353,81326,2148,11572
Z1142,Landslide,West,17253,7.87,38.25,26.21,17.27,5.65,4469,3630,16777,415,2423
Z1143,Flood,Central,46604,82.5,63.58,14.94,15.4,2.16,38157,34323,160025,4722,22879
Z1144,Wildfire,North,42302,21.76,23.57,7.55,8.22,5.51,15364,10426,48853,1048,6954
Z1145,Earthquake,West,16890,9.92,35.09,18.57,15.74,10.67,4635,3662,17149,416,2437
Z1146,Earthquake,Central,24387,76.81,60.84,19.76,15.11,14.7,18926,17856,83220,2412,11893
Z1147,Cyclone,North,26802,38.25,47.79,17.13,30.4,3.66,13049,11265,52648,1414,7542
Z1148,Cyclone,East,38547,41.99,31.97,27.05,32.6,13.8,19849,16716,77784,1830,11125
Z1149,Wildfire,North,34613,28.47,37.63,5.51,5.66,7.39,14313,10614,49433,1242,7093
Z1150,Cyclone,East,42675,86.62,81.22,10.76,7.95,10.29,36259,35780,166938,5311,23849
Z1151,Cyclone,Central,18808,33.25,50.56,26.38,24.3,13.09,8452,7807,36389,977,5237
Z1152,Flood,South,25487,24.97,29.27,28.36,19.54,8.8,9870,7746,36148,823,5184
Z1153,Landslide,West,21828,34.38,29.89,14.5,13.91,1.86,9994,7260,33743,784,4841
Z1154,Earthquake,Central,45523,24.3,38.55,8.2,12.8,4.72,17401,13215,61649,1535,8815
Z1155,Landslide,North,15596,35.18,51.08,14.35,11.74,12.24,7234,6235,28918,805,4159
Z1156,Cyclone,East,29563,12.88,36.95,15.32,20.76,8.74,8768,7004,32803,800,4607
Z1157,Landslide,South,6448,20.06,29.89,17.03,5.52,5.61,2260,1638,7513,185,1115
Z1158,Landslide,Central,42589,44.62,53.11,10.41,27.17,9.17,22770,20137,94135,2599,13418
Z1159,Cyclone,West,19519,88.55,91.73,11.44,14.01,4.76,16867,17501,81399,2710,11622
Z1160,Cyclone,East,17359,10.44,33.2,20.7,17.8,4.37,4831,3747,17311,425,2460
Z1161,Landslide,West,29354,25.2,19.26,19.79,20.81,12.6,11419,8261,38942,784,5519
Z1162,Flood,North,25191,91.29,77.65,20.88,11.34,6.6,22286,22143,103363,3251,14762
Z1163,Wildfire,East,42475,89.55,98.78,13.19,31.51,4.84,37022,41686,194616,6610,27834
Z1164,Cyclone,West,26805,69.55,47.8,12.08,25.46,6.73,19343,16467,76643,2057,10991
Z1165,Wildfire,Central,26091,27.84,40.67,12.49,31.11,13.89,10666,9058,42324,1082,6078
Z1166,Cyclone,North,5696,44.88,46.97,28.68,19.26,3.53,3056,2642,12453,336,1763
Z1167,Flood,Central,1585,25.07,39.94,13.67,17.97,3.59,615,463,2452,61,319
Z1168,Landslide,South,20228,17.22,36.8,19.37,12.11,5.95,6658,5192,24241,601,3482
Z1169,Cyclone,Central,49912,41.1,61.28,17.12,21.35,1.85,25368,23021,107304,3107,15317
Z1170,Wildfire,Central,45909,59.7,58.85,26.66,22.79,2.05,29738,27528,128362,3677,18315
Z1171,Wildfire,West,31635,39.19,61.88,12.97,17.6,1.15,15625,13873,64667,1875,9227
Z1172,Earthquake,Central,31726,63.03,58.25,14.72,9.36,3.05,21343,18329,85599,2448,12244
Z1173,Landslide,East,19879,33.14,39.03,25.76,13.19,9.97,8917,7334,34465,866,4851
Z1174,Cyclone,West,9286,37.86,37.79,7.35,5.43,3.75,4494,3314,15438,382,2226
Z1175,Cyclone,Central,923,80.11,47.26,19.05,14.57,6.29,739,602,2977,57,419
Z1176,Cyclone,South,17273,88.44,76.95,13.8,22.42,10.88,14912,15088,70670,2203,10103
Z1177,Landslide,West,16165,35.59,69.22,29.62,33.67,1.45,7548,7615,35748,1084,5067
Z1178,Landslide,West,9984,59.29,63.11,22.48,10.34,3.93,6436,5907,27242,799,3900
Z1179,Wildfire,East,13329,31.43,50.53,3.29,6.66,14.94,5808,4771,22405,617,3187
Z1180,Wildfire,East,1728,10.07,25.58,25.67,13.89,9.36,476,359,2011,27,234
Z1181,Earthquake,West,30594,75.1,63.37,21.99,9.7,10.24,23351,21793,101955,2991,14530
Z1182,Cyclone,East,46410,21.25,48.5,18.15,25.87,8.22,16679,14601,68179,1835,9754
Z1183,Wildfire,East,34695,45.44,74.1,9.38,5.17,14.52,18763,17930,83656,2596,11961
Z1184,Wildfire,East,22686,51.27,71.05,7.03,34.43,3.02,13261,12807,59339,1815,8510
Z1185,Cyclone,East,21303,22.52,47.05,19.97,30.67,1.94,7859,6779,31556,848,4562
Z1186,Flood,East,15723,13.98,33.11,14.88,19.72,12.43,4793,3755,17584,430,2508
Z1187,Earthquake,East,7549,38.06,48.45,26.26,32.63,1.06,3665,3254,15133,390,2151
Z1188,Wildfire,South,30125,95.47,68.47,10.08,23.84,8.86,27595,26330,122984,3708,17537
Z1189,Landslide,North,28543,63.44,42.51,20.21,34.81,1.02,19289,16312,76161,1943,10869
Z1190,Landslide,East,862,41.23,34.15,9.72,13.35,5.88,439,311,1380,30,232
Z1191,Landslide,East,21068,8.7,30.38,20.18,34.91,10.11,5588,4499,21108,481,2987
Z1192,Flood,North,14262,62.03,55.61,4.31,10.41,8.66,9487,7995,37233,1047,5334
Z1193,Cyclone,East,8929,13.76,14.93,13.58,15.6,8.84,2707,1808,8352,165,1214
Z1194,Landslide,Central,35300,56.54,55.65,7.66,33.06,3.2,22029,19471,91158,2564,12951
Z1195,Flood,South,26528,76.44,63.22,19.36,16.12,5.13,20514,18947,88394,2593,12624
Z1196,Cyclone,Central,31872,45.24,35.81,11.55,11.3,10.94,17189,13227,61722,1511,8829
Z1197,Earthquake,East,35818,33.44,38.95,23.83,6.78,1.33,16147,12561,58635,1456,8343
Z1198,Wildfire,South,49100,9.5,26.37,6.09,9.47,9.33,13318,9382,43465,977,6258
Z1199,Earthquake,Central,40237,7.35,21.64,18.02,15.66,8.24,10265,7358,34101,692,4905
Z1200,Earthquake,Central,31208,45.85,61.34,19.03,17.64,5.82,16973,15631,72892,2124,10362
Z1201,Wildfire,Central,44012,88.92,51.07,3.6,21.27,5.69,38154,31721,148159,4059,21164
Z1202,Landslide,West,24137,28.19,16.67,3.97,29.41,12.19,9931,6872,32213,638,4600
Z1203,Wildfire,West,49246,59.54,57.79,11.32,5.4,6.35,31840,27126,126641,3621,18069
Z1204,Cyclone,Central,38191,70.01,64.66,19.45,30.23,2.12,27691,26421,123282,3628,17588
Z1205,Flood,Central,32719,10.78,35.78,28.99,22.32,14.47,9189,7756,36248,890,5181
Z1206,Earthquake,Central,45215,19.54,29.28,5.45,27.69,2.83,15669,11485,53681,1226,7667
Z1207,Flood,Central,25996,36.47,34.04,21.99,27.71,12.16,12310,10210,47075,1136,6769
Z1208,Wildfire,South,36175,68.66,62.68,21.7,32.1,1.2,25863,24584,114612,3348,16349
Z1209,Flood,Central,14594,46.71,45.39,21.08,7.8,6.1,8031,6610,30723,811,4348
Z1210,Landslide,Central,48179,74.75,84.73,16.94,22.15,8.21,36646,38654,180284,5826,25706
Z1211,Cyclone,Central,31357,87.42,69.19,29.1,32.27,1.42,26831,27104,126145,3811,18001
Z1212,Cyclone,North,39210,77.05,66.74,16.55,26.58,11.28,30500,29922,139339,4171,19929
Z1213,Wildfire,North,23306,99.26,100.0,25.63,7.9,4.65,22011,24375,113315,3859,16220
Z1214,Wildfire,Central,43407,76.66,64.83,10.09,23.42,8.58,33638,31415,146684,4338,20955
Z1215,Earthquake,West,4171,85.96,78.95,24.77,29.0,12.09,3523,3809,17702,569,2538
Z1216,Wildfire,East,6148,84.07,78.99,29.91,13.25,9.28,5106,5322,24749,794,3554
Z1217,Wildfire,West,25602,74.38,74.69,27.57,23.97,7.38,19402,20028,93524,2912,13407
Z1218,Wildfire,West,36755,81.17,73.12,11.21,30.21,5.71,29727,29297,136928,4224,19525
Z1219,Flood,North,40557,93.79,78.91,25.85,20.72,1.63,36640,37416,174753,5520,24943
Z1220,Flood,South,22284,50.14,53.78,5.57,10.83,13.78,12837,10980,51206,1418,7319
Z1221,Flood,East,32659,65.64,54.19,21.3,21.49,9.29,22610,20501,95991,2673,13660
Z1222,Wildfire,North,27879,53.92,58.56,12.24,22.64,9.84,16850,15385,71561,2058,10242
Z1223,Wildfire,Central,48096,85.85,96.56,20.78,17.09,7.17,40587,45002,210205,7069,30027
Z1224,Earthquake,North,32878,45.98,64.82,14.13,25.39,6.22,17914,16884,78965,2320,11251
Z1225,Cyclone,East,21134,82.87,74.23,3.24,18.0,1.65,17362,15989,74642,2299,10618
Z1226,Cyclone,North,48506,80.94,79.79,9.24,31.32,3.37,39147,39507,184356,5828,26355
Z1227,Earthquake,North,5809,96.38,67.58,4.14,28.75,6.96,5361,5054,23426,696,3359
Z1228,Wildfire,East,49237,28.65,37.63,14.54,29.14,4.38,20427,16443,76736,1892,10958
Z1229,Wildfire,West,8123,72.41,76.2,25.68,20.78,1.62,6036,6092,28482,897,3982
Z1230,Earthquake,South,14767,76.91,85.15,22.93,10.89,8.64,11471,12014,56049,1809,7989
Z1231,Cyclone,East,41163,93.95,67.42,24.3,26.73,7.5,37237,36953,172562,5163,24628
Z1232,Flood,Central,36821,91.16,69.33,24.79,7.07,6.9,32539,31049,144539,4382,20707
Z1233,Flood,South,48533,59.48,83.89,13.04,20.53,11.98,31357,32834,153340,4938,21885
Z1234,Wildfire,Central,37624,60.02,59.17,16.66,6.59,9.39,24461,21682,101164,2899,14486
Z1235,Wildfire,Central,32032,20.89,58.37,16.73,20.85,1.02,11425,10121,47310,1346,6773
Z1236,Flood,East,17651,97.62,81.17,6.06,25.58,11.67,16453,16860,78658,2515,11239
Z1237,Cyclone,West,733,29.23,44.03,19.15,17.58,7.76,307,244,1432,20,194
Z1238,Flood,Central,6631,73.85,61.95,22.44,17.51,8.24,4999,4690,21800,625,3110
Z1239,Cyclone,West,15240,80.6,80.64,19.5,8.68,13.45,12261,12612,58431,1869,8366
Z1240,Earthquake,East,2526,46.92,67.1,23.14,14.06,2.53,1394,1275,5932,178,890
Z1241,Cyclone,Central,25655,25.06,26.36,6.21,18.33,9.39,9953,7168,33356,755,4760
Z1242,Landslide,Central,38979,22.95,33.39,23.56,30.91,4.95,14505,11701,54896,1303,7793
Z1243,Flood,South,48182,86.37,83.48,8.62,31.94,1.51,40847,41691,194286,6254,27776
Z1244,Cyclone,West,24740,53.52,52.88,26.67,33.61,7.12,14879,13902,64786,1803,9262
Z1245,Earthquake,South,43813,13.56,26.54,9.61,8.01,4.97,13218,9201,42994,941,6170
Z1246,Earthquake,West,49285,73.12,77.33,16.28,13.89,1.02,36885,35491,165908,5203,23698
Z1247,Wildfire,North,43062,28.77,54.06,16.16,18.89,7.9,17904,15834,73508,2051,10523
Z1248,Wildfire,South,23516,88.26,68.15,10.26,24.25,5.36,20270,19098,88851,2690,12711
Z1249,Landslide,West,16600,34.41,46.47,12.77,26.08,7.08,7604,6450,29965,792,4304
Z1250,Landslide,West,48907,24.03,23.71,8.01,28.58,1.16,18596,13166,61441,1322,8787
Z1251,Earthquake,East,12474,13.06,21.44,18.39,19.88,6.62,3717,2634,12460,258,1783
Z1252,Landslide,West,20873,53.6,55.97,27.65,21.7,7.59,12566,11660,54374,1539,7765
Z1253,Cyclone,East,4164,47.82,51.68,11.55,33.82,7.52,2326,2076,9779,263,1352
Z1254,Earthquake,North,39788,76.37,55.4,16.72,12.2,11.04,30747,27211,127207,3574,18162
Z1255,Landslide,Central,32667,49.14,43.44,26.27,29.11,14.88,18573,16635,77807,2031,11124
Z1256,Wildfire,North,4698,37.66,32.93,15.22,26.35,1.39,2267,1717,7867,190,1149
Z1257,Earthquake,Central,11485,29.86,46.88,25.44,9.2,6.54,4869,4078,19050,512,2758
Z1258,Earthquake,Central,27995,31.42,18.67,15.05,32.79,12.99,12196,8975,42217,865,6000
Z1259,Cyclone,North,27250,93.15,64.09,14.89,30.66,9.76,24488,23677,110380,3259,15781
Z1260,Wildfire,Central,40202,20.68,14.02,7.25,28.39,14.77,14276,9900,45971,851,6598
Z1261,Landslide,West,13672,98.88,84.41,6.37,8.8,10.99,12874,12838,59640,1922,8500
Z1262,Earthquake,West,46273,36.06,23.2,19.51,9.19,11.14,21769,15701,73292,1558,10458
Z1263,Landslide,South,22501,13.4,32.75,25.34,25.5,2.07,6762,5344,25053,597,3539
Z1264,Wildfire,North,41218,28.63,60.42,6.66,8.22,4.85,17094,14572,68100,1965,9723
Z1265,Earthquake,North,12300,10.55,50.88,27.57,8.4,9.17,3433,3018,13946,392,1986
Z1266,Wildfire,East,2330,80.05,47.36,12.69,17.01,8.31,1865,1569,7468,199,1041
Z1267,Wildfire,West,3225,53.69,58.11,14.48,5.16,11.68,1944,1734,8104,233,1137
Z1268,Earthquake,North,18949,37.01,33.49,27.15,26.64,14.91,9050,7618,35378,835,5075
Z1269,Landslide,South,47682,67.89,48.02,27.2,21.21,3.9,33815,29493,137554,3689,19629
Z1270,Earthquake,Central,2910,64.91,59.34,17.17,7.35,7.0,1999,1801,8318,247,1185
Z1271,Landslide,East,18764,94.29,91.6,10.47,21.31,13.14,17022,18501,86498,2849,12312
Z1272,Flood,North,5909,96.32,85.17,7.64,6.62,12.73,5450,5449,25272,823,3624
Z1273,Landslide,Central,46613,69.66,54.73,10.33,7.12,12.44,33676,28910,134978,3778,19278
Z1274,Earthquake,South,33928,82.69,78.94,24.08,19.56,9.69,27827,29061,135627,4284,19400
Z1275,Cyclone,North,38253,80.28,42.23,11.76,19.99,14.9,30683,25602,119517,3082,17069
Z1276,Cyclone,East,35806,51.67,44.38,21.75,15.17,6.01,21037,17497,81638,2139,11639
Z1277,Wildfire,North,33023,71.92,54.67,8.27,23.65,2.63,24417,20901,97828,2734,13934
Z1278,Flood,West,38799,12.43,32.78,15.92,16.62,2.86,11377,8566,40015,952,5697
Z1279,Cyclone,West,902,77.01,64.92,12.51,22.61,7.1,701,664,3373,97,474
Z1280,Flood,Central,43340,96.37,76.31,16.6,15.49,12.27,39993,40235,187883,5871,26860
Z1281,Landslide,South,37124,13.07,30.09,18.39,26.45,7.34,11064,8582,40145,923,5717
Z1282,Cyclone,East,37102,84.43,71.71,29.76,22.38,9.56,30914,31868,148549,4552,21212
Z1283,Flood,West,19975,93.63,82.98,27.3,9.8,6.01,18022,18668,87178,2788,12466
Z1284,Flood,North,40143,26.49,41.36,21.79,25.59,11.01,16004,13698,64073,1628,9119
Z1285,Flood,South,19400,54.86,51.76,7.15,28.52,3.14,11862,10095,47202,1286,6737
Z1286,Landslide,North,2923,93.15,81.05,27.81,6.98,8.28,2627,2708,12440,407,1792
Z1287,Wildfire,West,45437,96.22,87.83,27.1,23.3,3.59,41877,45508,212265,6953,30353
Z1288,Earthquake,West,12109,17.15,27.76,26.94,28.71,7.56,3979,3121,14677,323,2083
Z1289,Earthquake,North,5544,38.16,45.28,15.93,8.44,7.03,2695,2173,10367,267,1474
Z1290,Flood,North,31284,71.32,78.17,7.61,32.05,9.46,22991,23479,109407,3447,15682
Z1291,Flood,East,12066,26.05,26.09,23.37,17.44,8.13,4771,3551,16569,379,2404
Z1292,Flood,West,42978,35.85,66.37,13.49,27.14,14.66,20151,19795,92643,2771,13214
Z1293,Wildfire,West,22466,7.21,12.9,12.3,31.97,13.6,5708,3989,18446,342,2635
Z1294,Earthquake,East,722,19.58,31.62,13.55,34.69,5.12,250,175,746,1,126
Z1295,Landslide,Central,47610,58.42,45.73,18.09,22.52,2.7,30382,25371,118602,3130,16905
Z1296,Flood,East,25974,67.04,88.13,12.01,26.13,1.91,18255,18954,88606,2901,12647
Z1297,Flood,East,13517,66.65,55.62,21.63,12.55,3.77,9460,8310,38642,1088,5522
Z1298,Earthquake,South,34026,78.94,62.41,20.49,13.7,4.11,26950,24621,114862,3358,16389
Z1299,Flood,West,26765,44.45,45.0,16.74,30.52,13.44,14276,12599,58516,1535,8370
Z1300,Earthquake,Central,1965,30.98,43.19,4.46,16.95,13.95,850,719,3033,78,433
Z1301,Earthquake,South,38103,6.48,24.62,28.29,29.67,4.23,9472,7285,34167,735,4827
Z1302,Cyclone,West,20367,24.63,36.95,14.12,6.52,11.62,7836,6080,28379,701,4083
Z1303,Flood,East,35141,34.68,1.72,15.14,11.55,12.7,16168,9863,46117,693,6585
Z1304,Cyclone,East,44834,21.93,37.75,15.31,10.1,6.29,16341,12606,58888,1472,8400
Z1305,Earthquake,East,30725,6.91,29.01,12.86,20.81,13.2,7737,5935,27602,633,3971
Z1306,Landslide,East,33745,19.96,48.44,21.21,7.42,14.84,11801,10215,47492,1277,6795
Z1307,Cyclone,West,13105,68.28,78.26,3.38,15.32,14.55,9332,9183,42957,1358,6175
Z1308,Wildfire,South,12264,64.81,58.39,26.58,34.59,11.39,8414,8285,38729,1096,5520
Z1309,Landslide,North,21042,93.89,86.43,5.77,28.83,6.2,19026,19711,92097,3006,13164
Z1310,Landslide,South,42713,80.83,56.24,29.99,27.82,4.18,34436,32331,151110,4262,21581
Z1311,Wildfire,East,26448,58.94,66.63,19.96,9.05,14.9,16981,16324,76187,2270,10899
Z1312,Flood,Central,17727,18.07,28.07,4.79,15.94,4.87,5948,4220,19485,436,2797
Z1313,Wildfire,West,39091,58.59,43.01,18.19,25.42,7.14,24996,21045,98216,2542,14062
Z1314,Cyclone,East,42741,10.85,28.74,11.95,5.65,4.7,12026,8489,39590,900,5653
Z1315,Landslide,Central,45176,45.93,67.07,28.73,18.02,7.95,24597,24214,113089,3381,16132
Z1316,Landslide,North,15298,42.07,50.31,23.4,32.86,2.55,7887,7018,33034,883,4709
Z1317,Earthquake,West,35627,45.64,68.06,16.69,7.47,12.33,19321,18231,85187,2558,12185
Z1318,Cyclone,Central,29721,31.58,33.38,14.6,32.19,8.07,12984,10348,48592,1149,6913
Z1319,Earthquake,West,22724,70.15,76.16,29.89,10.84,6.87,16500,16724,77763,2439,11182
Z1320,Flood,East,20148,84.89,63.86,21.02,10.67,6.08,16857,15542,72311,2130,10370
Z1321,Wildfire,East,6170,78.01,70.61,16.88,10.86,9.12,4844,4636,21501,636,3083
Z1322,Landslide,North,14104,64.64,63.15,13.74,32.94,11.92,9658,9370,43822,1281,6236
Z1323,Flood,North,27708,56.14,63.81,11.76,23.11,13.64,17208,16360,76511,2238,10938
Z1324,Flood,North,44385,7.95,32.38,22.05,27.52,12.78,11523,9389,43902,1028,6230
Z1325,Flood,Central,43384,73.68,56.65,18.87,15.99,7.24,32651,29248,136062,3863,19480
Z1326,Earthquake,South,9786,56.77,66.79,25.9,31.2,12.68,6124,6277,29348,862,4167
Z1327,Earthquake,Central,34127,30.72,62.68,17.95,22.46,8.4,14688,13851,64632,1893,9256
Z1328,Landslide,West,4698,36.14,37.87,18.72,23.0,9.93,2213,1762,8248,206,1182
Z1329,Cyclone,West,33913,93.88,54.61,15.89,27.57,10.44,30661,27981,130673,3648,18661
Z1330,Wildfire,Central,17425,64.31,66.36,23.59,28.21,6.6,11890,11720,54754,1624,7823
Z1331,Cyclone,East,22767,50.21,48.64,14.2,25.46,7.8,13127,11326,53162,1426,7571
Z1332,Wildfire,North,36023,63.99,58.62,26.0,8.57,10.7,24493,22508,104860,3009,14991
Z1333,Flood,Central,21532,44.31,56.04,11.83,31.0,5.31,11462,10321,48270,1344,6872
Z1334,Wildfire,South,40468,49.67,46.84,21.7,12.83,11.46,23169,19892,92599,2473,13271
Z1335,Earthquake,North,26912,32.58,39.69,27.11,34.89,5.96,11958,10272,47962,1202,6899
Z1336,Earthquake,South,49938,46.79,49.53,23.76,16.57,9.2,27512,24134,112572,3054,16101
Z1337,Cyclone,Central,32093,70.13,81.21,12.25,8.6,12.73,23299,23357,109103,3465,15561
Z1338,Cyclone,East,15170,8.79,30.2,22.07,14.48,1.32,4034,2987,14037,320,1975
Z1339,Earthquake,East,38877,80.53,54.46,8.59,22.21,4.36,31256,26861,125341,3491,17918
Z1340,Flood,West,20693,31.88,28.18,4.57,16.74,8.86,9086,6553,30638,687,4383
Z1341,Cyclone,East,26941,69.84,65.08,24.37,29.86,2.49,19500,18897,88280,2614,12614
Z1342,Cyclone,North,7272,66.06,47.78,24.82,25.47,3.88,5057,4423,20637,542,2927
Z1343,Flood,North,6407,67.0,43.1,3.62,11.4,11.49,4501,3569,16544,431,2406
Z1344,Landslide,Central,28956,62.77,67.15,28.59,21.17,1.36,19423,18794,87545,2629,12486
Z1345,Flood,South,9741,96.11,86.07,15.04,28.63,9.54,8970,9686,45373,1487,6463
Z1346,Flood,South,49881,53.29,49.89,27.44,31.74,1.48,29912,26802,125540,3407,17909
Z1347,Earthquake,North,42856,74.57,69.54,24.28,16.85,2.62,32539,31267,146222,4431,20864
Z1348,Earthquake,West,35194,72.02,66.87,27.32,32.73,6.46,26049,26332,122696,3657,17524
Z1349,Earthquake,East,36868,27.45,47.33,25.5,6.08,14.51,14964,12930,60337,1595,8631
Z1350,Wildfire,West,29963,31.91,49.81,29.3,25.3,8.64,13163,11979,55957,1516,8009
Z1351,Cyclone,North,3484,45.28,18.63,19.99,28.46,5.37,1880,1347,6461,141,898
Z1352,Flood,East,19922,31.38,39.37,9.14,17.75,6.76,8673,6794,31706,816,4494
Z1353,Cyclone,East,25042,39.84,53.13,13.52,5.33,8.96,12491,10520,49074,1356,7056
Z1354,Earthquake,Central,45808,42.14,43.25,23.3,25.61,9.67,23639,20492,95468,2464,13643
Z1355,Wildfire,West,11365,62.37,59.74,7.24,15.28,4.75,7589,6589,30605,889,4389
Z1356,Wildfire,West,25097,25.89,48.25,28.11,9.55,3.76,9893,8376,38991,1050,5601
Z1357,Cyclone,West,17531,81.41,70.75,8.54,9.71,7.93,14210,13083,61243,1864,8780
Z1358,Earthquake,West,7151,46.57,68.71,26.65,28.07,10.03,3928,4016,18618,569,2656
Z1359,Flood,South,5599,72.09,78.17,16.06,10.62,12.43,4147,4136,19409,633,2754
Z1360,Wildfire,East,18586,12.74,30.58,25.7,19.52,9.3,5493,4386,19816,479,2905
Z1361,Flood,Central,4579,49.65,49.93,28.87,34.11,10.69,2621,2470,11342,326,1649
Z1362,Earthquake,West,3824,7.68,1.0,14.4,27.76,7.78,985,624,2838,27,386
Z1363,Cyclone,Central,17868,69.21,59.15,21.81,21.42,8.93,12848,12009,55785,1616,8024
Z1364,Earthquake,North,10498,37.65,29.47,9.12,20.85,9.9,5064,3821,17479,398,2535
Z1365,Landslide,Central,27963,95.18,80.0,24.62,10.02,4.31,25554,25623,119857,3815,17104
Z1366,Flood,West,1374,35.79,46.52,25.14,18.39,14.08,644,540,2768,81,390
Z1367,Wildfire,North,15440,58.56,65.56,10.97,9.35,5.83,9869,8869,41133,1231,5902
Z1368,Flood,Central,22937,29.45,57.96,3.65,7.51,9.47,9654,8215,38122,1082,5450
Z1369,Earthquake,Central,48176,63.91,59.84,14.64,8.27,8.85,32727,28976,135328,3897,19345
Z1370,Cyclone,West,31910,49.37,79.52,7.59,23.2,12.95,18197,18501,86314,2737,12377
Z1371,Wildfire,Central,44096,40.21,49.9,25.1,10.81,2.59,22117,18769,87748,2381,12528
Z1372,Landslide,Central,17493,24.35,22.67,10.05,9.48,13.38,6693,4728,21982,471,3146
Z1373,Wildfire,East,22761,15.59,26.83,28.48,31.01,2.92,7214,5621,26188,596,3739
Z1374,Cyclone,Central,21309,16.39,29.54,29.24,8.66,3.02,6881,5168,24181,566,3451
Z1375,Wildfire,East,44426,99.91,87.06,27.54,26.17,13.07,42175,47655,222372,7250,31825
Z1376,Cyclone,North,47981,44.17,37.93,19.19,17.51,4.6,25491,20214,94514,2344,13495
Z1377,Flood,North,48136,5.18,24.27,10.22,22.37,9.57,11497,8350,39151,849,5564
Z1378,Earthquake,West,37722,95.53,75.61,24.8,5.7,7.49,34571,34015,158821,4944,22687
Z1379,Earthquake,North,25404,6.9,23.42,21.94,5.0,14.08,6395,4609,21801,474,3138
Z1380,Landslide,Central,27272,44.77,59.36,29.38,29.52,11.95,14612,14427,67208,1937,9623
Z1381,Earthquake,Central,49036,73.16,72.93,13.19,19.26,5.69,36713,35403,165240,5076,23590
Z1382,Earthquake,North,14585,91.89,89.54,4.59,7.14,12.39,12969,13137,61273,2019,8794
Z1383,Landslide,North,17662,72.72,61.02,29.96,15.3,4.16,13165,12306,57445,1663,8196
Z1384,Flood,North,44902,49.04,66.4,25.63,20.19,9.62,25495,25056,116989,3484,16719
Z1385,Wildfire,West,19623,97.57,62.3,8.98,9.06,11.52,18284,16339,76301,2228,10938
Z1386,Wildfire,South,12137,8.74,13.15,22.59,21.39,10.84,3223,2257,10634,185,1509
Z1387,Wildfire,West,28243,98.75,64.75,3.02,20.86,10.19,26566,24282,113583,3354,16212
Z1388,Wildfire,Central,16604,85.69,72.24,18.06,23.09,12.62,13992,14172,65996,2036,9429
Z1389,Flood,West,44599,93.25,90.72,12.8,29.31,8.79,40111,43909,204855,6765,29245
Z1390,Earthquake,Central,45499,29.2,33.83,13.3,17.38,14.0,19064,14994,69872,1682,10022
Z1391,Wildfire,East,15647,18.53,29.47,9.6,31.66,3.03,5304,4055,18747,428,2619
Z1392,Earthquake,Central,26712,68.01,59.81,10.42,19.24,5.98,18968,16926,78731,2262,11262
Z1393,Landslide,West,49208,54.01,61.58,15.28,18.71,11.96,29775,27770,130140,3788,18545
Z1394,Cyclone,East,37245,54.7,49.35,9.7,24.67,5.31,22729,19222,89439,2405,12824
Z1395,Earthquake,South,11173,92.84,69.66,15.59,23.53,7.2,10014,9670,45679,1375,6438
Z1396,Cyclone,West,29742,63.91,44.01,18.59,5.34,11.82,20204,16571,77475,2006,11020
Z1397,Cyclone,West,31185,34.55,37.14,22.2,34.47,8.54,14318,12127,56231,1402,8055
Z1398,Wildfire,North,32845,43.01,62.79,21.28,33.28,3.63,17164,16573,77364,2257,11012
Z1399,Cyclone,South,1738,17.68,35.82,9.53,13.44,3.45,578,429,1877,70,298
Z1400,Cyclone,Central,15319,23.27,28.92,4.06,21.76,5.22,5737,4154,19299,441,2764
Z1401,Landslide,North,42804,18.62,50.07,25.48,28.11,5.24,14538,13073,60743,1649,8720
Z1402,Flood,Central,12448,81.98,63.07,26.55,32.61,2.91,10143,9926,46067,1338,6593
Z1403,Earthquake,North,15335,71.96,81.62,29.43,22.58,12.69,11343,12403,57986,1860,8282
Z1404,Cyclone,East,16463,55.38,72.3,28.91,5.57,4.96,10131,9889,45964,1400,6559
Z1405,Landslide,South,9280,40.56,47.98,20.11,25.42,12.23,4679,4158,19807,517,2764
Z1406,Flood,North,8194,68.51,44.7,27.15,7.79,14.63,5849,5000,23395,624,3366
Z1407,Earthquake,South,17677,82.23,97.7,15.1,25.14,5.65,14437,16059,74567,2544,10694
Z1408,Cyclone,Central,43779,88.72,78.44,24.26,22.62,14.58,37886,40507,189224,5956,27028
Z1409,Flood,South,575,56.97,52.45,28.79,24.22,3.68,361,337,1443,38,227
Z1410,Cyclone,Central,14521,82.89,82.06,24.5,10.68,10.06,11932,12369,58188,1838,8268
Z1411,Wildfire,West,3501,53.57,62.89,14.23,19.81,14.88,2107,2006,9339,257,1348
Z1412,Wildfire,Central,28294,50.08,68.28,13.2,23.54,12.32,16286,15906,74035,2239,10624
Z1413,Landslide,East,12905,87.22,65.02,10.87,14.01,4.22,11023,9942,46072,1376,6583
Z1414,Earthquake,East,39703,41.71,51.76,12.91,10.45,4.6,20361,16950,79112,2172,11307
Z1415,Landslide,North,29458,42.61,34.21,25.16,11.68,4.67,15306,11925,55443,1333,7948
Z1416,Landslide,South,39300,33.97,51.68,21.94,30.74,14.2,17873,16678,78123,2132,11125
Z1417,Flood,East,31928,54.28,54.58,9.75,18.94,4.44,19383,16603,77405,2176,11078
Z1418,Flood,South,22200,56.76,59.59,22.21,24.83,8.13,13891,13042,61336,1745,8727
Z1419,Wildfire,North,43118,67.74,60.5,13.24,20.45,5.9,30530,27605,128628,3722,18430
Z1420,Wildfire,East,24075,45.9,47.23,18.06,30.02,6.06,13103,11418,52980,1419,7551
Z1421,Cyclone,Central,47522,25.69,28.71,13.0,20.25,6.72,18661,13886,64871,1473,9278
Z1422,Earthquake,Central,49738,87.35,82.53,17.08,7.8,5.83,42532,42257,197314,6325,28175
Z1423,Flood,South,29657,37.87,63.7,22.7,10.94,9.4,14355,13442,62737,1843,8970
Z1424,Earthquake,North,33893,92.68,69.29,22.74,5.4,6.96,30338,28608,133380,4044,19060
Z1425,Flood,North,13155,24.7,45.23,23.34,29.95,7.17,5068,4434,20579,535,2993
Z1426,Flood,West,40825,58.21,62.2,13.56,24.9,8.08,25988,24252,113186,3300,16151
Z1427,Wildfire,West,33744,55.98,55.89,21.64,27.78,5.99,20916,19257,89890,2535,12831
Z1428,Landslide,Central,45177,83.72,52.73,9.45,26.45,11.56,37402,33202,154772,4278,22155
Z1429,Landslide,East,13717,18.19,19.39,15.89,29.73,8.05,4615,3325,15692,318,2239
Z1430,Flood,South,39486,91.44,65.92,18.74,34.61,8.13,34977,34685,161917,4815,23099
Z1431,Earthquake,North,23779,55.49,29.85,21.54,24.6,3.94,14652,11301,52591,1197,7495
Z1432,Landslide,East,9666,60.68,75.27,27.62,12.57,1.43,6332,6231,29267,892,4137
Z1433,Cyclone,South,8974,53.47,58.82,11.23,8.04,12.33,5394,4837,22092,638,3203
Z1434,Earthquake,West,28328,8.42,29.27,25.82,22.69,12.98,7455,5938,27888,631,3980
Z1435,Cyclone,West,16313,52.22,27.44,11.4,28.12,4.38,9652,7185,33439,746,4777
Z1436,Landslide,East,5543,30.04,19.64,17.9,21.85,6.04,2357,1647,7676,164,1123
Z1437,Wildfire,West,21644,37.56,45.63,25.36,14.11,6.01,10426,8838,41461,1076,5840
Z1438,Wildfire,East,32820,66.66,85.31,22.53,26.59,10.58,22972,25203,117566,3787,16784
Z1439,Landslide,West,16288,52.28,45.37,26.3,18.44,3.62,9644,8158,38098,1017,5449
Z1440,Earthquake,West,47790,13.86,42.99,25.0,13.6,14.7,14526,12462,58176,1512,8330
Z1441,Wildfire,North,39088,11.94,25.81,10.46,30.23,1.87,11318,8288,38329,858,5465
Z1442,Landslide,North,25880,22.64,38.11,29.81,22.3,14.63,9570,8225,38306,947,5518
Z1443,Landslide,East,46766,23.13,52.3,28.3,13.5,1.96,17466,15261,71102,1960,10203
Z1444,Earthquake,West,21932,62.79,55.38,14.61,14.86,5.45,14715,12771,59500,1662,8474
Z1445,Cyclone,East,7413,21.89,28.76,4.27,22.15,4.51,2700,1946,8964,206,1298
Z1446,Cyclone,Central,2274,88.76,90.83,11.19,17.69,4.63,1969,2003,9738,313,1374
Z1447,Landslide,Central,46933,24.93,39.26,25.58,9.82,14.93,18162,15137,70428,1760,10095
Z1448,Flood,North,48009,13.66,45.61,28.67,23.31,7.42,14520,12763,59419,1572,8465
Z1449,Cyclone,West,37093,88.2,65.29,25.46,25.67,2.67,31956,30854,143680,4265,20558
Z1450,Earthquake,North,5598,33.06,60.06,13.71,5.0,14.75,2508,2258,10320,317,1497
Z1451,Flood,West,15035,45.42,53.26,4.53,21.11,4.4,8129,6833,32033,884,4549
Z1452,Landslide,North,2533,96.11,83.08,16.97,22.31,2.02,2332,2389,11145,336,1628
Z1453,Cyclone,North,3036,94.72,78.68,13.16,14.96,1.34,2764,2641,12542,378,1773
Z1454,Earthquake,West,12680,72.92,59.04,6.32,15.16,7.49,9471,8286,38639,1121,5507
Z1455,Landslide,South,28821,11.55,31.33,5.86,14.53,13.86,8261,6188,28872,673,4129
Z1456,Flood,South,3743,61.37,53.44,7.13,18.36,1.24,2471,2044,9804,268,1374
Z1457,Wildfire,East,49238,98.96,90.94,8.56,29.36,11.15,46392,50664,236186,7811,33765
Z1458,Earthquake,East,23028,94.96,74.79,23.35,19.07,4.65,21006,20997,97793,3051,14012
Z1459,Flood,West,13560,15.07,15.33,13.31,34.81,4.07,4245,2943,13815,250,1950
Z1460,Landslide,West,26046,42.62,28.29,14.8,16.28,10.85,13535,10159,47382,1083,6769
Z1461,Wildfire,Central,39613,34.98,23.52,19.16,25.98,11.47,18315,13841,64540,1396,9221
Z1462,Wildfire,East,15972,17.32,41.94,28.92,21.47,8.83,5269,4530,21306,542,2989
Z1463,Landslide,Central,2851,71.01,50.24,23.42,27.87,3.83,2089,1879,8677,239,1218
Z1464,Wildfire,West,3022,31.02,45.66,20.43,31.65,1.09,1307,1087,5266,135,763
Z1465,Earthquake,North,42674,37.76,47.41,23.08,20.35,11.32,20620,18166,84948,2247,12097
Z1466,Landslide,Central,6024,13.58,31.69,22.42,19.83,9.39,1818,1452,6725,161,1007
Z1467,Flood,East,31961,52.31,59.03,21.64,33.28,6.92,18931,18077,84362,2420,12060
Z1468,Wildfire,East,19533,20.03,37.92,16.4,33.01,3.99,6841,5533,25868,649,3735
Z1469,Wildfire,Central,38987,46.05,17.81,18.3,34.91,11.67,21263,15711,73893,1468,10507
Z1470,Landslide,Central,3496,18.62,31.36,15.46,9.69,1.99,1187,833,3791,89,591
Z1471,Wildfire,Central,44941,95.62,82.69,13.66,5.11,10.0,41218,41008,191138,6143,27321
Z1472,Cyclone,East,35061,18.77,55.01,10.31,18.12,10.64,11948,10497,48948,1374,6976
Z1473,Earthquake,East,22739,54.58,75.26,12.59,27.0,4.13,13856,13715,64185,1990,9137
Z1474,Cyclone,East,10747,23.71,21.68,14.57,7.19,7.77,4060,2769,12974,272,1894
Z1475,Flood,South,48869,12.25,27.54,18.64,16.21,8.28,14264,10665,49791,1126,7092
Z1476,Wildfire,South,15452,24.22,19.53,16.5,22.44,9.28,5897,4217,19596,403,2775
Z1477,Cyclone,South,24780,10.2,48.85,5.91,11.38,13.62,6852,5765,26426,715,3776
Z1478,Flood,West,20009,18.24,47.19,12.18,26.93,8.65,6739,5805,27039,727,3886
Z1479,Landslide,South,11912,51.88,57.74,13.16,11.89,1.94,7017,6033,27917,784,4005
Z1480,Cyclone,West,21122,66.92,63.8,22.09,30.22,5.83,14826,14429,67131,1973,9615
Z1481,Wildfire,South,7998,13.3,48.88,11.99,15.45,9.8,2397,2029,9531,249,1348
Z1482,Landslide,Central,582,46.9,65.33,3.21,22.96,5.66,321,288,1642,43,184
Z1483,Earthquake,East,14854,60.22,72.02,5.28,21.32,11.75,9680,9326,43357,1337,6264
Z1484,Flood,East,6047,27.25,45.47,16.42,13.89,3.66,2445,1998,9264,244,1319
Z1485,Cyclone,Central,21031,40.35,43.0,8.09,18.17,3.0,10571,8258,38842,998,5546
Z1486,Wildfire,Central,43207,11.82,40.71,16.35,30.38,4.23,12472,10311,48119,1221,6883
Z1487,Landslide,South,8547,25.91,49.04,18.5,21.45,13.27,3370,2993,14327,379,1986
Z1488,Wildfire,South,561,49.34,49.85,28.2,6.67,10.53,320,276,1279,34,202
Z1489,Wildfire,East,5999,99.09,75.28,20.7,26.39,8.28,5658,5772,26736,852,3882
Z1490,Cyclone,West,25654,99.65,93.41,3.84,10.47,5.2,24304,24540,114508,3824,16372
Z1491,Wildfire,Central,14104,98.06,98.9,13.28,19.58,13.86,13194,14905,69720,2368,9950
Z1492,Wildfire,South,24730,45.19,40.86,24.42,19.06,13.44,13328,11411,53010,1329,7545
Z1493,Flood,East,1947,12.66,28.8,10.04,19.59,6.59,574,416,1862,43,265
Z1494,Flood,North,16988,35.74,48.87,27.97,5.93,11.54,7951,6864,32074,874,4596
Z1495,Earthquake,West,20802,27.58,46.01,17.28,13.17,13.79,8463,7194,33920,885,4805
Z1496,Wildfire,East,21851,6.34,22.22,5.5,6.52,5.39,5409,3616,16819,357,2380
Z1497,Wildfire,West,27782,14.05,55.33,9.53,17.45,5.6,8484,7299,34013,954,4834
Z1498,Flood,South,39139,48.05,56.49,27.47,23.64,8.64,21933,20587,96499,2721,13717
Z1499,Wildfire,East,23628,37.27,51.88,29.77,24.62,6.72,11330,10366,48325,1343,6930
Z1500,Flood,North,42140,22.13,58.28,26.3,6.94,11.66,15422,14141,66117,1892,9446
Z1501,Landslide,South,26722,73.03,59.78,11.66,8.57,8.52,19981,17518,81613,2346,11676
Z1502,Cyclone,South,13387,38.93,45.35,23.76,24.85,3.97,6586,5613,26455,679,3755
Z1503,Landslide,East,11836,85.93,57.22,9.0,20.94,5.99,9995,8768,40754,1165,5859
Z1504,Landslide,Central,16463,27.89,38.27,13.38,30.0,10.4,6736,5526,26012,655,3709
Z1505,Wildfire,West,30075,56.15,38.02,21.82,11.15,1.75,18680,14557,68115,1670,9713
Z1506,Landslide,Central,12503,22.49,46.34,29.16,8.61,5.79,4610,3929,18224,480,2598
Z1507,Cyclone,South,45752,52.05,58.67,14.86,15.86,1.23,27011,23527,109583,3165,15685
Z1508,Cyclone,Central,24253,19.48,32.39,16.39,24.11,12.49,8394,6659,31165,733,4473
Z1509,Wildfire,West,43232,20.35,34.99,8.94,19.58,2.64,15245,11454,53572,1313,7637
Z1510,Landslide,North,34321,63.16,68.88,13.89,7.96,2.08,23122,20885,97604,2937,13908
Z1511,Landslide,Central,17001,30.06,27.9,4.7,7.14,12.01,7233,5144,24198,536,3443
Z1512,Landslide,North,11798,21.37,39.2,26.18,25.33,2.25,4251,3523,16616,405,2370
Z1513,Earthquake,Central,37325,93.33,84.73,3.63,13.91,10.58,33592,33562,156550,5049,22371
Z1514,Wildfire,South,16871,9.09,8.61,21.46,25.08,6.32,4524,3045,13931,228,1984
Z1515,Landslide,West,12720,58.69,65.5,10.38,13.85,12.5,8143,7572,35162,1047,5078
Z1516,Flood,West,46554,57.09,36.31,15.85,14.44,3.56,29244,22410,104652,2563,14969
Z1517,Landslide,North,24390,28.81,39.43,10.6,11.29,2.18,10148,7664,36024,897,5140
Z1518,Wildfire,Central,2904,48.01,37.44,13.8,34.51,4.2,1626,1361,5958,148,872
Z1519,Landslide,Central,24991,13.34,49.51,17.76,5.48,14.05,7499,6416,29742,820,4291
Z1520,Wildfire,East,23308,73.52,51.55,20.3,8.82,12.61,17514,15308,71497,1966,10180
Z1521,Landslide,South,43267,26.06,19.53,28.39,30.09,5.0,17110,12722,59221,1210,8450
Z1522,Wildfire,East,35722,23.37,39.45,11.97,9.14,3.89,13406,10240,47822,1203,6862
Z1523,Cyclone,West,9972,34.91,39.24,18.79,13.42,3.2,4605,3631,16770,410,2396
Z1524,Earthquake,North,7947,90.73,56.85,27.35,12.88,4.1,6997,6289,29435,835,4218
Z1525,Cyclone,North,30378,80.66,75.67,10.84,25.91,3.87,24453,24007,111796,3485,16015
Z1526,Wildfire,West,2845,94.95,53.32,26.36,17.34,13.43,2595,2378,10874,306,1598
Z1527,Landslide,South,16291,66.94,49.38,28.85,30.22,1.28,11437,10210,47896,1291,6804
Z1528,Flood,Central,7341,67.98,55.49,25.88,27.42,13.32,5211,4934,23120,652,3330
Z1529,Earthquake,East,1517,50.6,62.46,18.39,20.93,1.58,879,798,3713,99,564
Z1530,Flood,West,45982,90.99,90.59,22.5,12.47,12.58,40576,44413,207011,6852,29595
Z1531,Wildfire,South,4946,53.53,67.67,15.99,28.77,6.96,2975,2885,13597,413,1916
Z1532,Earthquake,West,958,38.73,44.46,19.13,30.98,2.08,470,364,1909,45,272
Z1533,Flood,South,46679,65.84,32.08,29.31,30.09,12.19,32386,27055,126304,2956,18004
Z1534,Wildfire,East,9822,56.88,60.97,9.78,6.55,4.59,6154,5270,24585,696,3504
Z1535,Wildfire,North,40920,16.78,51.88,24.4,25.94,13.29,13334,12408,57714,1602,8241
Z1536,Wildfire,East,2048,42.31,63.08,16.67,26.12,11.53,1059,1045,4814,138,680
Z1537,Earthquake,West,8101,34.77,49.68,7.78,33.29,14.74,3733,3303,15795,428,2199
Z1538,Cyclone,South,5976,85.45,57.72,20.38,12.9,12.65,5025,4597,21520,604,3073
Z1539,Cyclone,North,35460,40.99,41.24,24.4,28.59,4.37,17993,15206,70901,1808,10161
Z1540,Landslide,Central,31198,83.05,93.88,18.36,25.67,6.73,25672,28467,133021,4439,18993
Z1541,Wildfire,South,24037,47.03,33.87,25.61,31.36,10.75,13286,11088,51724,1240,7349
Z1542,Cyclone,West,12461,76.58,53.34,12.88,25.8,5.42,9649,8486,39208,1096,5646
Z1543,Cyclone,West,4898,17.85,46.13,27.67,30.57,8.65,1635,1468,6584,174,1016
Z1544,Flood,South,28676,92.84,70.89,20.5,15.79,4.33,25702,24686,115254,3506,16475
Z1545,Flood,South,11920,50.65,38.68,24.69,9.73,10.28,6912,5559,26201,653,3743
Z1546,Landslide,East,29715,29.68,59.66,10.37,15.9,5.79,12558,11044,51574,1472,7367
Z1547,Cyclone,East,34530,27.94,45.9,15.05,29.45,1.77,14142,11901,55605,1457,7936
Z1548,Flood,North,42547,30.18,37.02,27.56,8.95,14.55,18140,14880,69458,1712,9947
Z1549,Flood,North,24952,39.84,33.16,4.37,24.14,12.81,12446,9643,44644,1069,6422
Z1550,Landslide,North,734,73.16,89.81,13.91,34.63,5.25,550,586,2681,104,379
Z1551,Wildfire,South,14393,95.21,77.07,24.07,31.85,2.81,13156,13682,63734,1996,9120
Z1552,Earthquake,North,42742,68.56,79.48,23.08,25.14,11.29,30526,32512,151759,4804,21672
Z1553,Cyclone,West,26896,56.98,67.06,25.99,28.78,4.09,16873,16651,77722,2315,11128
Z1554,Earthquake,Central,31147,47.62,44.94,22.96,8.49,9.48,17354,14505,67319,1775,9624
Z1555,Wildfire,West,23162,83.68,64.87,28.57,19.97,11.91,19169,18988,88294,2618,12661
Z1556,Landslide,South,8555,85.72,89.5,16.45,20.96,4.81,7211,7620,35675,1170,5105
Z1557,Earthquake,South,44887,32.84,60.61,19.86,28.48,4.98,20033,18756,87637,2545,12558
Z1558,Cyclone,Central,38761,95.57,55.04,25.89,13.48,1.86,35535,31318,145698,4096,20856
Z1559,Cyclone,North,49762,42.54,54.99,21.95,8.19,5.48,25829,22467,104939,2926,14935
Z1560,Wildfire,South,42847,81.01,68.1,5.76,25.94,9.36,34602,32828,153301,4611,21880
Z1561,Cyclone,East,14911,96.85,65.87,12.91,19.78,3.18,13813,12710,59227,1762,8495
Z1562,Landslide,East,13086,71.85,67.66,17.92,30.27,14.34,9669,9797,45629,1379,6496
Z1563,Cyclone,Central,12799,20.35,20.0,23.38,19.44,11.11,4513,3289,15457,329,2194
Z1564,Earthquake,Central,45981,60.68,52.78,17.68,30.39,3.85,30122,26847,125100,3480,17937
Z1565,Landslide,Central,28068,16.28,24.37,23.99,20.24,8.43,9041,6805,31801,676,4541
Z1566,Landslide,South,22996,79.97,62.99,25.62,28.48,6.48,18392,17910,83749,2453,11960
Z1567,Wildfire,North,48429,31.72,41.59,10.16,26.62,6.35,21207,17266,80903,2047,11539
Z1568,Flood,Central,30370,71.05,51.89,19.63,12.98,8.84,22257,19389,90332,2494,12883
Z1569,Wildfire,North,45517,91.46,94.18,18.04,14.28,2.51,40326,42757,199324,6680,28490
Z1570,Landslide,West,49241,22.2,43.13,9.14,31.98,4.01,18047,14888,69605,1802,9927
Z1571,Earthquake,Central,4432,42.32,69.81,16.23,11.93,3.1,2293,2104,10011,298,1418
Z1572,Earthquake,North,18396,66.48,59.64,17.81,25.93,3.44,12851,11807,55115,1587,7862
Z1573,Landslide,West,36840,44.87,43.09,25.07,9.35,10.17,19766,16506,76929,1986,11001
Z1574,Earthquake,Central,40752,21.61,57.99,15.45,27.65,14.95,14755,13993,65215,1859,9302
Z1575,Earthquake,Central,7850,7.76,22.33,5.18,11.7,10.12,2027,1417,6343,137,924
Z1576,Cyclone,South,16261,43.63,46.86,16.16,22.82,14.79,8573,7534,35079,916,4989
Z1577,Landslide,South,27635,66.67,70.31,25.62,21.93,9.08,19345,19469,90818,2756,12967
Z1578,Wildfire,South,40061,59.53,42.89,18.42,11.11,4.97,25898,20847,97555,2527,13885
Z1579,Wildfire,East,6091,19.84,44.45,11.61,19.74,13.21,2125,1814,8417,217,1190
Z1580,Earthquake,Central,30236,47.82,58.3,27.87,31.38,1.94,16891,15980,74178,2129,10654
Z1581,Flood,Central,15174,40.1,62.29,7.2,25.42,2.43,7598,6811,31763,928,4532
Z1582,Wildfire,South,11209,31.05,52.76,11.83,34.78,14.27,4852,4494,20943,574,3017
Z1583,Wildfire,East,26012,74.28,81.45,14.8,28.54,10.1,19694,20755,96848,3093,13870
Z1584,Cyclone,West,20994,34.42,42.61,22.93,24.3,14.01,9618,8422,38960,1004,5579
Z1585,Landslide,West,31968,56.31,45.62,25.57,21.9,2.86,19894,16928,79293,2067,11317
Z1586,Earthquake,North,16223,92.71,100.0,4.58,33.12,11.76,14525,16546,77068,2637,11055
Z1587,Landslide,Central,41252,56.23,37.61,24.38,20.81,4.29,25647,20770,97059,2411,13840
Z1588,Landslide,Central,4366,63.62,42.87,22.45,17.08,5.81,2956,2437,11291,286,1620
Z1589,Earthquake,West,43163,11.96,38.36,27.16,30.03,13.59,12504,10879,50654,1259,7274
Z1590,Landslide,East,1976,21.92,56.56,27.31,33.21,6.76,720,660,3354,103,472
Z1591,Earthquake,West,36927,14.59,35.3,23.99,19.37,10.39,11426,9343,43423,1045,6214
Z1592,Cyclone,North,17651,77.66,79.7,8.14,9.12,13.42,13811,13589,63577,2017,9088
Z1593,Flood,South,19475,84.41,47.48,11.47,23.25,13.19,16224,13989,65386,1779,9336
Z1594,Flood,Central,1442,22.71,31.5,28.28,27.23,1.12,534,396,1984,51,255
Z1595,Landslide,South,35254,25.83,16.72,19.15,16.21,3.22,13880,9421,43821,864,6280
Z1596,Wildfire,West,8691,35.7,54.0,17.55,27.44,13.86,4065,3791,17344,496,2535
Z1597,Cyclone,East,33128,61.15,40.07,27.72,20.93,8.87,21819,18476,86246,2181,12333
Z1598,Wildfire,West,36397,64.07,44.9,26.6,14.04,7.72,24769,21106,98551,2570,14067
Z1599,Wildfire,Central,42340,70.24,69.8,22.64,23.89,1.91,30773,29920,139812,4224,19976
Z1600,Landslide,East,35551,90.99,87.79,26.82,16.67,1.35,31371,33208,154930,5068,22172
Z1601,Wildfire,South,15424,33.03,41.26,6.07,28.6,14.35,6906,5743,26653,690,3802
Z1602,Landslide,West,37060,67.58,69.01,23.45,5.09,7.63,26196,24776,115726,3490,16518
Z1603,Wildfire,South,41385,58.17,63.45,29.07,29.55,12.01,26332,26587,124018,3655,17688
Z1604,Earthquake,South,16199,34.05,41.14,4.32,14.2,4.08,7377,5595,26421,681,3789
Z1605,Earthquake,North,6646,91.2,62.02,9.02,33.79,4.32,5875,5494,25560,747,3618
Z1606,Cyclone,East,44556,14.07,39.52,24.44,27.77,8.84,13613,11560,54203,1354,7729
Z1607,Cyclone,West,7823,72.64,72.31,17.04,12.23,13.26,5827,5688,26565,804,3810
Z1608,Landslide,South,29895,74.15,76.51,5.34,34.36,5.04,22604,22471,104750,3279,15000
Z1609,Cyclone,West,12196,91.96,79.32,10.23,19.99,5.6,10851,10730,50085,1569,7150
Z1610,Flood,East,6738,54.27,40.83,11.75,20.69,8.71,4090,3294,15315,374,2207
Z1611,Earthquake,South,38933,35.55,52.84,11.67,32.29,1.56,18167,15812,73863,2052,10582
Z1612,Landslide,North,7614,83.64,70.99,26.7,32.55,6.3,6299,6489,30453,933,4343
Z1613,Flood,Central,33676,78.23,62.23,20.87,25.91,8.79,26494,25370,118326,3443,16923
Z1614,Flood,Central,34808,52.53,50.36,22.84,34.35,1.07,20675,18474,86137,2342,12323
Z1615,Wildfire,East,3481,77.95,59.59,3.37,14.87,9.93,2731,2358,10886,320,1611
Z1616,Wildfire,South,9060,30.45,52.41,14.54,11.97,1.71,3881,3288,15092,413,2146
Z1617,Cyclone,East,39821,61.0,41.53,11.58,5.88,11.08,26182,20665,96554,2450,13806
Z1618,Flood,East,25611,87.19,61.03,26.0,15.39,12.22,21870,20853,97475,2833,13914
Z1619,Earthquake,South,6507,35.21,40.42,28.75,23.08,12.74,3020,2635,12383,299,1738
Z1620,Landslide,West,49593,50.94,72.38,14.43,14.16,10.43,28866,27947,130620,3994,18674
Z1621,Landslide,South,13617,95.35,90.09,29.27,22.39,8.86,12461,14010,65605,2146,9369
Z1622,Earthquake,North,698,80.83,49.77,3.39,6.45,5.31,563,489,2141,60,308
Z1623,Flood,North,46247,89.27,90.31,11.79,15.62,6.94,40213,41917,195582,6451,27954
Z1624,Wildfire,South,1320,41.6,64.07,23.92,27.44,2.22,676,645,3075,83,362
Z1625,Landslide,Central,27891,99.67,65.73,12.72,8.13,10.9,26427,24238,113297,3369,16147
Z1626,Landslide,South,49658,19.49,5.46,27.87,26.45,1.35,17190,11212,51954,848,7464
Z1627,Wildfire,Central,29102,54.28,53.99,8.9,27.9,6.79,17668,15535,72366,2001,10341
Z1628,Cyclone,North,29440,50.53,66.26,24.48,22.06,8.09,17045,16641,77783,2323,11125
Z1629,Flood,Central,19715,80.85,88.56,8.45,31.58,10.1,15898,17239,79965,2637,11467
Z1630,Flood,Central,6782,91.32,64.78,8.32,33.64,5.8,6001,5631,26251,781,3774
Z1631,Wildfire,North,28848,74.46,86.98,15.04,6.04,7.2,21880,22117,103161,3362,14711
Z1632,Landslide,East,44917,64.55,33.77,28.51,25.37,9.22,30729,25304,118330,2840,16868
Z1633,Landslide,West,5009,45.61,45.67,18.81,12.12,13.92,2715,2293,10927,278,1554
Z1634,Earthquake,East,44079,53.48,49.41,20.15,17.25,10.41,26496,23124,108084,2920,15459
Z1635,Flood,Central,21045,53.38,68.19,3.26,23.69,4.56,12634,11579,54124,1631,7686
Z1636,Landslide,North,27042,6.94,44.4,4.53,26.37,12.86,6816,5720,26891,694,3798
Z1637,Landslide,East,8687,52.79,65.49,4.81,30.21,1.77,5177,4686,22009,654,3126
Z1638,Landslide,East,31279,86.32,56.27,25.13,26.16,4.81,26506,24538,114402,3229,16340
Z1639,Cyclone,West,9526,72.38,75.16,9.4,28.32,2.51,7076,6924,32098,1013,4595
Z1640,Landslide,South,14023,80.59,75.43,11.88,22.97,7.26,11280,11159,51825,1625,7478
Z1641,Earthquake,East,36220,42.1,28.1,19.47,8.51,9.92,18680,13855,64822,1461,9224
Z1642,Earthquake,North,3000,55.25,30.58,18.77,5.64,8.43,1843,1375,6340,141,933
Z1643,Flood,North,22635,8.18,41.95,14.08,20.89,12.36,5916,4966,23112,584,3307
Z1644,Flood,East,29931,41.38,45.6,3.12,26.47,8.94,15275,12566,58810,1557,8403
Z1645,Cyclone,West,7035,50.07,37.12,15.14,8.27,4.26,4049,3092,14531,341,2052
Z1646,Cyclone,West,15090,29.24,38.58,22.95,17.88,8.51,6327,5163,24031,622,3454
Z1647,Cyclone,Central,17503,7.97,33.75,9.35,12.69,11.3,4547,3473,16285,385,2287
Z1648,Cyclone,North,33349,70.59,62.83,22.13,22.01,8.04,24326,23164,108304,3157,15436
Z1649,Earthquake,East,48848,46.33,31.86,3.41,16.72,7.19,26743,19580,91022,2145,13033
Z1650,Landslide,North,41894,44.49,72.1,27.52,11.04,8.41,22358,22130,103378,3165,14757
Z1651,Cyclone,South,9893,28.75,52.86,28.65,5.13,8.67,4112,3580,17056,464,2405
Z1652,Cyclone,West,1398,56.09,51.82,3.07,14.65,5.35,868,707,3559,79,469
Z1653,Cyclone,East,3069,46.61,47.09,15.36,20.48,12.96,1687,1495,6915,179,976
Z1654,Cyclone,South,29988,50.03,56.83,14.17,32.88,3.91,17250,15714,73212,2058,10476
Z1655,Cyclone,North,8235,60.18,44.54,25.73,11.82,1.46,5364,4418,20412,532,2933
Z1656,Cyclone,North,11948,5.6,31.95,17.6,20.37,11.38,2891,2291,10677,242,1498
Z1657,Earthquake,East,42446,91.23,59.21,19.51,21.99,12.79,37532,35392,165146,4740,23610
Z1658,Cyclone,Central,43758,11.75,30.62,8.47,24.48,10.0,12608,9609,44714,1032,6412
Z1659,Landslide,South,42032,47.84,37.29,5.08,14.86,7.57,23487,17826,83224,2054,11884
Z1660,Wildfire,North,13056,24.7,25.17,21.69,7.98,14.65,5030,3735,17598,389,2475
Z1661,Flood,South,31175,54.76,74.87,19.76,32.64,6.19,19039,19604,91779,2843,13064
Z1662,Flood,West,30733,31.62,43.1,25.47,33.58,6.68,13435,11770,55144,1432,7852
Z1663,Flood,South,9669,86.7,75.17,25.81,18.15,9.28,8221,8419,39298,1217,5637
Z1664,Flood,Central,27900,42.65,24.32,20.04,22.42,7.03,14505,10752,50070,1091,7186
Z1665,Wildfire,North,26500,65.68,53.96,17.54,5.87,8.77,18354,15744,73656,2051,10508
Z1666,Earthquake,South,20110,28.64,46.29,27.68,6.42,14.53,8342,7224,33979,902,4856
Z1667,Earthquake,South,37708,6.84,31.09,24.63,7.3,4.32,9476,7108,33304,767,4735
Z1668,Earthquake,East,34042,43.39,23.02,26.83,27.16,3.08,17887,13344,62431,1338,8943
Z1669,Wildfire,South,26866,55.97,58.27,29.89,11.82,6.93,16651,15363,71573,2039,10260
Z1670,Landslide,East,36426,48.66,56.16,13.89,10.53,8.06,20579,17857,83440,2348,11936
Z1671,Flood,South,38274,96.39,93.42,22.36,5.25,10.98,35324,38189,178367,5939,25463
Z1672,Wildfire,South,28563,72.15,56.82,21.58,5.69,14.37,21169,19109,89287,2531,12753
Z1673,Wildfire,West,13750,99.59,52.87,7.7,17.16,10.64,13020,11214,52194,1435,7459
Z1674,Landslide,South,38042,33.03,31.21,20.19,21.25,14.82,17032,13637,63425,1475,9092
Z1675,Cyclone,Central,36022,79.96,55.81,14.56,22.37,4.45,28807,25420,119136,3338,16948
Z1676,Wildfire,Central,49180,57.78,65.62,15.17,18.74,3.92,31148,28807,134239,3993,19191
Z1677,Flood,South,7914,63.12,27.12,7.86,18.79,5.29,5329,3856,17676,391,2580
Z1678,Flood,South,21254,98.66,73.88,23.11,27.59,12.02,19978,20837,97373,3010,13919
Z1679,Landslide,Central,46250,67.13,79.03,21.84,13.69,3.61,32536,32463,151565,4787,21676
Z1680,Flood,Central,25972,90.39,74.8,17.37,12.13,3.75,22801,21904,102289,3174,14566
Z1681,Flood,East,47160,73.95,76.43,7.23,30.63,6.76,35588,35456,165771,5176,23650
Z1682,Flood,East,1117,17.1,14.7,18.04,25.68,5.45,367,233,997,37,175
Z1683,Cyclone,South,2240,71.45,45.07,5.7,19.31,10.05,1648,1322,6173,166,897
Z1684,Landslide,West,39904,51.01,70.3,12.16,13.26,13.46,23247,22373,104187,3162,14878
Z1685,Cyclone,Central,18242,92.29,76.97,13.05,9.1,2.94,16275,15387,72003,2250,10285
Z1686,Cyclone,East,26251,81.65,71.15,26.85,6.12,8.65,21326,20743,96900,2956,13855
Z1687,Flood,East,21686,14.89,19.77,14.22,30.57,2.24,6759,4760,22245,450,3180
Z1688,Earthquake,East,20694,17.72,35.96,19.16,22.8,4.1,6889,5488,25511,633,3656
Z1689,Wildfire,Central,47004,11.61,17.63,26.62,6.37,5.33,13494,9245,43073,859,6218
Z1690,Earthquake,East,5156,51.86,67.77,14.5,9.76,9.11,3037,2790,13075,391,1914
Z1691,Earthquake,East,38725,12.67,64.7,26.86,13.39,8.77,11425,10907,50875,1512,7291
Z1692,Wildfire,East,44538,73.75,71.37,6.68,12.89,10.0,33543,31439,146655,4473,20925
Z1693,Flood,North,33042,57.47,48.99,12.85,21.45,12.46,20850,18133,84551,2287,12080
Z1694,Flood,Central,20053,84.41,41.02,5.56,16.98,3.62,16706,12913,59969,1535,8635
Z1695,Wildfire,South,8420,31.58,22.16,18.15,31.47,11.41,3678,2747,13030,275,1879
Z1696,Earthquake,Central,34288,54.32,73.53,28.85,26.58,10.34,20827,21870,102248,3155,14584
Z1697,Earthquake,South,23705,16.16,21.54,20.74,32.32,2.12,7614,5644,25901,542,3754
Z1698,Cyclone,South,7894,89.04,69.52,19.9,30.88,5.83,6850,6814,31783,952,4571
Z1699,Flood,Central,18303,21.63,44.76,10.51,32.64,1.39,6630,5481,25721,668,3625
Z1700,Cyclone,North,48097,14.72,50.88,28.14,34.4,2.26,14929,13640,63655,1734,9115
Z1701,Flood,West,13636,24.48,36.07,15.73,14.35,4.97,5231,4042,18594,443,2688
Z1702,Landslide,Central,9333,81.59,65.02,10.21,11.29,4.4,7578,6762,31432,925,4482
Z1703,Wildfire,South,34258,15.05,34.14,29.67,9.95,13.6,10718,8676,40488,963,5796
Z1704,Landslide,South,10377,63.37,52.32,14.42,23.84,13.51,7007,6288,29385,802,4210
Z1705,Flood,South,46036,75.89,59.85,13.03,25.43,9.09,35410,32699,152609,4409,21788
Z1706,Wildfire,Central,43020,76.35,71.94,3.94,7.64,11.29,33238,30661,143403,4390,20450
Z1707,Landslide,South,49185,23.06,39.91,7.81,29.63,14.99,18344,15268,71365,1808,10193
Z1708,Wildfire,North,45673,10.85,56.55,24.85,28.49,6.74,12851,12093,55967,1594,8048
Z1709,Wildfire,East,12566,47.64,56.47,16.03,23.85,8.31,7003,6347,29678,847,4232
Z1710,Earthquake,North,11001,24.24,52.15,28.78,18.07,10.12,4200,3822,18137,492,2520
Z1711,Wildfire,East,17460,71.43,51.43,5.26,9.61,13.89,12846,10776,50298,1391,7180
Z1712,Wildfire,North,23755,38.89,52.69,19.63,20.17,12.16,11680,10537,49115,1348,7007
Z1713,Cyclone,South,44060,47.69,42.55,22.44,9.78,1.9,24571,19665,91674,2360,13077
Z1714,Landslide,North,36808,15.78,38.42,19.77,23.15,10.98,11718,9704,45428,1121,6501
Z1715,Cyclone,North,32400,58.92,65.67,17.31,14.3,4.53,20798,19207,89455,2670,12802
Z1716,Wildfire,West,43979,22.62,38.04,18.61,12.42,4.57,16257,12724,59083,1476,8454
Z1717,Flood,Central,32472,69.5,92.11,21.62,18.23,8.66,23420,25724,119967,3995,17127
Z1718,Cyclone,South,19263,11.76,48.6,26.31,22.42,10.75,5552,4970,23262,615,3322
Z1719,Flood,North,20943,97.71,92.87,12.08,16.02,3.23,19536,20380,95059,3156,13542
Z1720,Flood,Central,26092,70.03,72.69,15.41,33.91,5.4,18923,19022,88702,2715,12679
Z1721,Wildfire,East,4894,22.26,58.4,20.17,5.18,11.03,1796,1576,7455,217,1073
Z1722,Landslide,South,37215,6.34,11.24,11.48,32.39,3.13,9213,6131,28501,511,4077
Z1723,Cyclone,West,32813,36.77,61.67,7.83,5.02,12.9,15612,13770,64228,1879,9199
Z1724,Wildfire,West,36691,19.52,23.84,29.09,11.5,7.38,12710,9420,43847,946,6250
Z1725,Flood,West,26930,25.75,32.39,8.26,34.89,9.2,10587,8281,39008,902,5564
Z1726,Wildfire,West,39257,87.91,80.09,9.28,26.84,2.13,33735,33521,156298,4952,22379
Z1727,Cyclone,North,47513,62.3,74.06,19.7,24.33,14.36,31703,32859,153253,4739,21845
Z1728,Flood,South,28712,21.76,23.13,5.09,26.78,13.71,10428,7609,35344,763,5079
Z1729,Earthquake,West,22497,57.88,50.68,3.92,17.25,3.66,14265,11638,54078,1461,7725
Z1730,Cyclone,Central,5678,29.3,42.29,4.73,28.53,10.28,2383,1935,9036,234,1333
Z1731,Wildfire,West,39045,97.74,76.52,6.33,9.65,12.1,36431,35023,163603,5100,23359
Z1732,Wildfire,South,45247,8.11,39.71,14.59,28.82,2.71,11802,9549,44302,1113,6381
Z1733,Flood,Central,35125,74.57,100.0,25.39,33.19,9.08,26670,31972,149104,5076,21293
Z1734,Cyclone,East,43346,78.43,73.17,12.23,30.73,12.91,34166,34873,162501,5007,23220
Z1735,Cyclone,North,43130,11.38,22.44,14.54,27.19,8.09,12307,9037,42198,885,6011
Z1736,Cyclone,South,40006,21.33,21.17,19.21,24.54,13.93,14401,10770,50461,1031,7120
Z1737,Cyclone,Central,25393,41.51,43.93,11.16,20.63,1.67,12984,10421,48475,1263,6937
Z1738,Wildfire,East,5443,87.47,61.83,14.68,16.86,13.87,4659,4335,20415,590,2917
Z1739,Earthquake,East,660,56.01,61.42,13.43,30.97,14.68,409,383,1830,46,235
Z1740,Cyclone,North,10617,67.25,67.41,12.23,24.42,3.18,7478,6964,32661,977,4680
Z1741,Earthquake,West,21836,79.39,63.11,13.49,18.05,7.03,17369,15889,74336,2176,10616
Z1742,Flood,South,37308,83.67,94.84,3.3,28.54,9.69,30873,33499,156193,5241,22375
Z1743,Earthquake,North,23062,50.25,43.81,26.93,6.62,13.51,13304,11287,52669,1367,7517
Z1744,Flood,Central,1645,53.34,52.9,29.39,29.39,3.23,987,877,4305,119,609
Z1745,Landslide,East,10912,73.21,72.94,26.29,29.32,5.68,8174,8407,39107,1207,5612
Z1746,Cyclone,Central,48972,30.02,52.22,3.16,11.86,12.17,20820,17424,81397,2246,11562
Z1747,Cyclone,West,49408,86.18,87.73,23.27,6.13,6.74,41816,43440,202592,6642,28972
Z1748,Cyclone,Central,19169,6.97,33.98,18.47,26.41,9.47,4836,3928,18166,435,2595
Z1749,Cyclone,East,40347,23.6,50.59,5.54,11.0,8.84,15211,12471,58553,1585,8289
Z1750,Wildfire,West,36106,81.02,61.58,28.19,34.88,14.62,29161,29712,138495,4019,19803
Z1751,Cyclone,Central,46598,37.32,56.54,23.96,5.28,2.98,22362,19345,90392,2565,12936
Z1752,Landslide,West,44435,19.23,46.43,6.92,11.89,14.28,15296,12616,58680,1553,8415
Z1753,Wildfire,West,31623,22.74,55.66,29.03,6.26,8.9,11718,10515,49268,1403,7044
Z1754,Flood,Central,20034,55.42,35.46,6.41,28.48,13.66,12334,9857,46215,1141,6574
Z1755,Wildfire,South,31520,85.39,61.08,15.28,22.36,2.65,26490,24041,111970,3247,15998
Z1756,Wildfire,East,16297,11.71,41.32,7.29,30.45,9.98,4691,3866,18012,448,2600
Z1757,Landslide,West,17730,7.9,1.0,7.06,33.88,12.76,4597,2854,13157,202,1922
Z1758,Flood,Central,30633,49.19,57.96,29.13,23.3,12.02,17428,16802,78370,2251,11156
Z1759,Flood,West,28784,95.84,90.43,18.45,11.95,1.14,26447,27240,127056,4186,18167
Z1760,Flood,East,29259,31.51,35.41,10.0,7.78,7.33,12766,9538,44398,1095,6357
Z1761,Landslide,West,19541,96.12,72.7,23.96,30.99,2.61,17995,18203,85298,2600,12169
Z1762,Cyclone,East,20752,89.33,61.24,26.63,12.35,3.14,18054,16519,76919,2230,11020
Z1763,Earthquake,East,1004,31.9,36.29,27.78,31.81,10.89,441,357,1509,45,232
Z1764,Cyclone,East,30288,82.61,64.52,28.19,31.35,14.39,24823,25470,118802,3517,16947
Z1765,Cyclone,West,29001,70.16,55.39,27.45,23.83,9.88,21061,19758,92174,2590,13205
Z1766,Earthquake,North,46802,53.62,45.64,20.25,23.12,2.43,28182,23669,110500,2916,15803
Z1767,Landslide,Central,25462,45.18,46.6,12.25,33.52,4.42,13720,11730,54764,1460,7845
Z1768,Cyclone,North,23648,82.47,66.96,27.99,27.68,6.3,19356,19345,90304,2710,12926
Z1769,Cyclone,West,3850,80.34,91.68,6.31,25.5,2.76,3090,3233,14874,493,2131
Z1770,Wildfire,Central,10238,76.91,62.57,7.56,18.07,12.87,7953,7292,33995,990,4853
Z1771,Wildfire,South,17233,99.83,84.04,14.71,19.52,3.72,16349,16636,77652,2511,11090
Z1772,Landslide,East,19172,50.46,45.83,10.66,16.67,2.81,11090,8931,41652,1101,5959
Z1773,Wildfire,East,18453,81.66,62.84,19.62,33.39,11.16,14992,14738,68967,2023,9814
Z1774,Earthquake,North,20008,86.94,52.36,27.44,24.14,2.78,17048,15336,71376,1964,10218
Z1775,Earthquake,West,38562,25.1,19.95,16.26,28.41,6.74,14972,10792,50414,1040,7203
Z1776,Wildfire,Central,6990,9.0,15.47,17.95,6.12,8.22,1870,1216,5945,103,806
Z1777,Wildfire,Central,16947,43.45,51.1,14.42,30.57,2.12,8912,7721,36169,991,5144
Z1778,Flood,Central,8562,86.39,85.43,22.1,17.53,8.78,7260,7719,36017,1168,5156
Z1779,Flood,East,15736,32.46,21.41,5.72,27.11,7.72,6978,4912,22952,482,3325
Z1780,Flood,West,34386,71.5,57.74,4.31,6.2,10.36,25317,21484,100078,2859,14304
Z1781,Landslide,South,2814,5.7,11.73,20.32,31.82,4.07,683,460,2041,32,318
Z1782,Earthquake,South,17304,38.76,43.15,17.44,24.8,5.99,8491,7106,33080,862,4720
Z1783,Wildfire,Central,1672,63.47,72.82,14.0,18.73,10.24,1130,1088,5244,159,744
Z1784,Earthquake,South,47768,17.33,29.17,12.02,14.11,1.5,15762,11286,52539,1198,7512
Z1785,Flood,West,36500,90.18,74.03,4.4,14.33,2.62,31987,29408,137075,4229,19579
Z1786,Flood,Central,12558,19.85,53.38,21.38,14.1,4.97,4381,3816,17798,510,2596
Z1787,Wildfire,West,10310,91.43,80.78,14.38,8.93,2.49,9132,8817,41476,1311,5889
Z1788,Earthquake,North,5396,25.56,29.94,15.02,18.91,1.55,2114,1535,7374,165,1007
Z1789,Wildfire,Central,23908,99.46,81.61,27.12,18.6,14.82,22616,24566,114748,3651,16390
Z1790,Cyclone,South,37799,62.45,49.42,22.91,17.36,7.38,25264,22042,102835,2785,14694
Z1791,Flood,Central,29418,13.01,37.2,8.92,26.09,8.47,8754,6922,32379,808,4651
Z1792,Earthquake,North,44112,11.2,37.34,20.74,17.59,4.57,12528,9948,46636,1152,6629
Z1793,Flood,South,17519,12.12,15.26,6.57,7.67,1.11,5096,3137,14862,285,2101
Z1794,Flood,West,14266,61.04,60.67,8.24,30.56,11.51,9384,8769,40962,1192,5835
Z1795,Wildfire,North,24164,81.91,68.64,22.28,17.75,11.13,19677,19390,90273,2722,12918
Z1796,Landslide,South,10503,43.28,55.34,6.4,24.66,14.62,5510,4917,23070,651,3297
Z1797,Flood,Central,48795,47.26,60.97,10.57,32.9,1.3,27054,24676,114941,3340,16447
Z1798,Cyclone,Central,9695,60.98,64.27,27.25,28.02,2.92,6373,6196,28841,854,4150
Z1799,Earthquake,East,24204,55.64,51.96,22.93,21.16,10.97,14941,13530,63039,1721,9036
Z1800,Landslide,Central,26340,70.37,74.9,28.1,21.35,5.62,19170,19636,91534,2858,13110
Z1801,Flood,West,3323,49.82,41.92,26.81,30.49,1.89,1906,1599,7370,207,1067
Z1802,Earthquake,Central,23687,72.82,49.2,11.44,29.71,5.21,17674,15212,71063,1907,10118
Z1803,Landslide,East,23008,99.74,41.51,20.07,10.36,2.23,21813,17240,80614,2061,11505
Z1804,Landslide,South,13342,38.28,45.21,13.22,23.8,12.73,6499,5580,26211,670,3717
Z1805,Wildfire,Central,6834,6.16,18.53,21.82,30.97,13.28,1683,1201,6122,119,840
Z1806,Wildfire,East,2736,16.93,39.08,12.41,29.1,9.92,895,730,3464,69,498
Z1807,Landslide,East,924,57.58,33.01,3.04,8.74,6.4,584,422,2110,44,311
Z1808,Earthquake,West,24334,37.7,37.97,5.54,18.07,11.76,11747,9242,43012,1062,6135
Z1809,Wildfire,Central,4947,94.3,82.51,23.82,20.55,9.84,4488,4786,22261,725,3206
Z1810,Landslide,Central,47987,64.61,48.18,5.27,12.73,12.09,32851,27080,126309,3401,18060
Z1811,Wildfire,South,12615,54.43,59.85,19.18,25.38,8.15,7673,7201,33657,981,4796
Z1812,Landslide,South,32800,80.81,62.76,26.16,19.29,14.42,26439,25954,121585,3551,17297
Z1813,Wildfire,Central,33838,29.57,40.87,23.01,13.93,5.06,14272,11576,54241,1374,7708
Z1814,Cyclone,South,25028,82.88,77.73,14.16,15.11,9.46,20563,20426,95521,3003,13621
Z1815,Wildfire,West,44239,5.29,39.34,8.63,30.7,12.31,10603,8726,40982,1030,5853
Z1816,Earthquake,West,5979,63.87,61.24,27.91,30.99,13.51,4060,4084,19054,542,2679
Z1817,Flood,East,12084,93.8,66.82,18.29,29.37,14.25,10918,10970,51153,1539,7320
Z1818,Earthquake,West,12995,79.85,63.42,13.95,32.42,6.53,10381,9882,46261,1361,6570
Z1819,Cyclone,West,7203,86.1,80.0,28.44,33.57,10.79,6092,6718,31397,1003,4519
Z1820,Landslide,North,15091,42.71,36.24,8.81,19.75,5.06,7852,6017,27907,668,4000
Z1821,Cyclone,North,15978,83.3,68.68,14.94,7.9,10.09,13178,12331,57591,1739,8246
Z1822,Cyclone,East,38358,57.33,51.9,5.93,29.0,3.58,24165,20613,96230,2650,13730
Z1823,Flood,Central,15430,63.76,58.83,6.37,24.0,6.9,10465,9273,43380,1243,6195
Z1824,Wildfire,South,43898,10.6,18.72,13.76,16.42,13.88,12269,8626,40506,814,5797
Z1825,Earthquake,East,38748,24.15,16.06,21.89,34.27,12.35,14768,10870,50980,979,7268
Z1826,Flood,East,45132,57.34,62.79,12.15,15.16,7.95,28435,25771,120416,3515,17202
Z1827,Flood,West,5708,10.59,42.39,21.62,32.23,3.06,1595,1319,6252,164,895
Z1828,Flood,North,49237,75.44,44.99,24.74,22.78,6.58,37706,32530,151519,3973,21653
Z1829,Wildfire,West,30891,84.81,76.07,26.69,6.1,2.94,25827,25142,117557,3667,16846
Z1830,Earthquake,West,49128,92.43,88.83,4.21,30.81,1.96,43882,45298,211564,6946,30157
Z1831,Landslide,South,18065,14.67,40.22,23.89,27.87,13.69,5601,4882,22646,563,3215
Z1832,Cyclone,North,47674,94.27,71.85,6.97,24.27,7.88,43242,41575,193953,5934,27723
Z1833,Wildfire,West,29636,11.42,19.96,21.85,23.44,2.25,8466,6029,28053,591,4037
Z1834,Landslide,North,4055,50.04,53.49,13.03,11.57,11.03,2333,2052,9358,259,1327
Z1835,Earthquake,South,20801,84.82,74.62,22.11,11.43,2.04,17393,16826,78180,2429,11152
Z1836,Flood,East,7320,11.68,32.57,8.77,5.88,6.55,2105,1516,7125,167,1041
Z1837,Flood,North,47094,6.73,26.54,20.41,9.62,4.22,11796,8520,39629,888,5651
Z1838,Cyclone,North,15571,7.37,16.06,6.39,15.09,3.3,3975,2602,12184,217,1703
Z1839,Flood,West,11507,53.57,59.54,7.58,21.22,8.47,6925,6174,28897,830,4132
Z1840,Wildfire,West,27869,82.1,75.81,19.59,8.92,11.08,22734,22544,105226,3280,15012
Z1841,Earthquake,Central,21545,17.11,36.82,12.09,21.73,7.82,7074,5567,26028,632,3741
Z1842,Wildfire,East,5300,16.84,35.59,22.0,12.9,12.49,1729,1400,6534,160,926
Z1843,Flood,North,40917,59.01,77.61,21.5,12.62,13.84,26292,26970,126303,3966,17994
Z1844,Wildfire,East,42367,27.26,32.5,19.78,33.44,12.3,17135,14125,65591,1557,9377
Z1845,Wildfire,North,37277,74.37,81.28,22.72,34.77,14.39,28248,31430,146655,4689,20971
Z1846,Cyclone,North,31030,95.22,68.56,24.44,29.34,14.01,28366,29253,136208,4110,19486
Z1847,Cyclone,South,20427,77.77,81.08,27.61,6.63,12.66,16000,16649,78154,2488,11151
Z1848,Wildfire,North,27347,88.33,88.38,5.17,26.86,5.1,23586,24384,113897,3735,16273
Z1849,Wildfire,Central,26289,54.36,51.38,18.43,10.35,3.44,15976,13460,62415,1714,8913
Z1850,Cyclone,West,8683,84.07,91.17,23.22,22.08,11.18,7211,8074,37508,1256,5400
Z1851,Earthquake,East,4549,22.38,42.94,8.86,31.81,12.84,1673,1380,6763,174,970
Z1852,Flood,North,13036,11.49,20.79,10.12,16.41,12.52,3731,2639,12039,246,1792
Z1853,Wildfire,North,22989,67.32,57.54,10.21,32.87,10.01,16205,14999,69960,1995,9950
Z1854,Wildfire,North,8435,9.94,44.06,18.45,26.25,12.62,2316,2024,9317,240,1277
Z1855,Wildfire,West,5780,89.79,85.46,12.89,14.03,10.9,5048,5213,24317,786,3491
Z1856,Flood,West,42671,70.7,51.19,20.98,7.85,10.32,31160,26941,125491,3434,17930
Z1857,Cyclone,West,19062,95.46,75.83,19.48,29.46,1.65,17460,17587,82012,2567,11708
Z1858,Earthquake,North,29419,34.82,46.59,20.74,18.74,7.45,13567,11599,53991,1442,7726
Z1859,Cyclone,South,26439,51.19,47.06,9.81,7.18,1.47,15438,12088,56483,1499,8048
Z1860,Flood,East,36889,75.46,94.8,23.72,8.09,2.29,28255,30046,140186,4696,20007
Z1861,Cyclone,East,37121,28.06,43.24,20.93,34.01,8.57,15236,13299,62168,1591,8870
Z1862,Cyclone,North,15153,56.48,55.32,6.53,12.29,1.66,9449,7796,36384,1017,5214
Z1863,Earthquake,East,42472,67.65,76.5,8.4,34.0,13.79,30044,31169,145542,4539,20782
Z1864,Cyclone,South,18877,97.99,74.51,11.13,25.43,7.3,17649,17425,81411,2523,11625
Z1865,Cyclone,North,41843,75.75,78.75,28.27,14.01,10.8,32141,33640,156822,4950,22424
Z1866,Landslide,Central,20540,16.22,13.91,11.81,16.51,3.07,6607,4275,19871,370,2825
Z1867,Earthquake,North,5994,50.16,47.14,3.54,28.31,12.87,3454,2980,13869,367,1960
Z1868,Flood,West,38121,60.93,71.1,6.82,18.06,7.69,25045,23531,109758,3352,15702
Z1869,Earthquake,North,1993,18.93,54.25,3.87,7.24,8.82,682,587,2706,53,368
Z1870,Flood,North,38732,46.04,41.04,13.88,11.89,10.08,21121,16956,79020,2019,11271
Z1871,Landslide,Central,2636,31.98,31.91,24.52,30.81,8.56,1159,947,4331,111,614
Z1872,Earthquake,South,10737,16.29,40.77,15.16,25.89,8.88,3459,2871,13452,338,1907
Z1873,Earthquake,North,30367,53.64,47.03,25.65,20.03,11.42,18290,16166,75733,2012,10808
Z1874,Flood,East,47107,20.74,33.18,4.28,12.36,12.29,16749,12494,58458,1385,8368
Z1875,Cyclone,South,20720,61.1,69.12,15.68,19.24,5.29,13639,12964,60491,1815,8665
Z1876,Flood,West,6472,21.12,30.09,24.25,28.67,13.91,2320,1889,9063,221,1229
Z1877,Cyclone,East,12029,73.74,41.97,21.22,7.45,5.95,9058,7294,33648,875,4824
Z1878,Earthquake,East,44858,23.55,22.34,26.03,34.84,4.81,16895,12853,59868,1279,8589
Z1879,Landslide,North,36474,90.15,74.7,10.39,30.79,5.36,31956,31715,147982,4590,21176
Z1880,Wildfire,South,5469,7.49,6.76,16.52,14.54,6.02,1401,837,4311,77,566
Z1881,Cyclone,North,19552,54.59,51.46,21.28,31.12,5.44,11915,10764,50300,1364,7169
Z1882,Wildfire,Central,13594,35.41,27.77,7.55,25.45,12.81,6329,4787,22019,500,3160
Z1883,Flood,North,9302,26.38,59.19,25.03,24.99,8.86,3701,3546,16369,478,2353
Z1884,Earthquake,Central,42401,49.8,78.37,11.41,9.19,14.55,24317,24206,112643,3550,16107
Z1885,Wildfire,Central,31077,84.99,59.05,5.52,32.18,2.18,26025,23184,108096,3109,15447
Z1886,Earthquake,West,9385,91.95,78.65,23.67,18.51,9.6,8349,8691,40598,1279,5756
Z1887,Wildfire,Central,32710,33.81,32.07,22.04,29.1,2.34,14836,11683,54594,1283,7746
Z1888,Wildfire,Central,20972,19.65,32.1,26.86,13.99,7.42,7285,5722,26654,621,3864
Z1889,Landslide,Central,3543,73.41,87.02,27.09,14.24,6.36,2659,2796,13200,436,1896
Z1890,Landslide,South,22768,60.29,52.56,10.52,33.94,10.53,14849,13384,62572,1743,8984
Z1891,Earthquake,West,9669,24.1,34.82,20.32,19.9,11.44,3681,2935,13947,336,2008
Z1892,Wildfire,South,12640,77.23,56.17,29.98,6.8,4.33,9849,8801,41277,1159,5814
Z1893,Wildfire,North,44011,54.3,68.62,9.58,30.07,3.71,26726,25394,118418,3582,16949
Z1894,Wildfire,South,35657,67.07,22.73,15.77,11.82,6.87,25068,17621,82542,1742,11732
Z1895,Earthquake,Central,7137,39.14,41.21,27.57,31.36,4.39,3522,3029,14169,359,2013
Z1896,Flood,North,42641,46.71,50.14,5.78,32.49,10.47,23466,20486,95871,2600,13641
Z1897,Wildfire,East,28928,22.13,29.24,28.06,7.18,8.25,10587,8051,37556,841,5330
Z1898,Flood,North,43792,76.87,77.64,16.18,22.47,12.58,34006,35052,164037,5152,23387
Z1899,Landslide,East,37480,19.92,50.38,27.11,34.45,14.74,13096,12419,58144,1573,8288
Z1900,Earthquake,Central,17296,78.94,51.47,19.78,32.93,6.29,13699,12405,57768,1591,8267
Z1901,Landslide,Central,26976,80.81,94.57,21.13,20.76,13.77,21745,24736,115646,3863,16491
Z1902,Cyclone,Central,26777,75.93,49.68,23.87,25.41,11.88,20604,18745,87492,2381,12478
Z1903,Flood,Central,36137,6.85,44.23,4.81,23.13,3.09,9084,7237,33767,878,4847
Z1904,Wildfire,East,12796,30.95,43.82,19.95,11.1,12.7,5529,4661,21309,577,3094
Z1905,Wildfire,North,16988,49.49,46.18,27.95,24.59,7.74,9703,8587,40015,1057,5717
Z1906,Earthquake,West,12617,61.58,53.96,28.82,14.99,10.93,8351,7662,35773,995,5115
Z1907,Flood,East,15159,92.33,75.38,29.14,15.14,10.84,13529,13961,65260,2043,9295
Z1908,Wildfire,South,8482,40.68,49.88,20.44,17.6,13.4,4284,3827,17675,474,2555
Z1909,Cyclone,West,2309,88.13,62.43,20.1,30.57,11.66,1988,1957,9279,266,1273
Z1910,Landslide,North,47031,20.53,33.48,17.92,12.15,12.54,16648,13051,60304,1451,8697
Z1911,Wildfire,North,4178,40.27,37.9,19.4,12.52,5.49,2097,1669,7707,194,1114
Z1912,Landslide,East,44456,9.97,15.9,19.53,5.22,14.62,12215,8369,39116,760,5597
Z1913,Cyclone,North,652,75.54,56.74,4.15,9.65,10.26,500,432,2298,55,295
Z1914,Landslide,West,38980,19.31,21.82,5.4,34.36,11.83,13441,9855,45936,973,6563
Z1915,Flood,West,16756,29.42,36.14,19.72,18.02,13.02,7048,5756,26792,654,3802
Z1916,Cyclone,West,26124,78.65,73.45,11.48,10.85,2.73,20635,19188,89407,2765,12751
Z1917,Landslide,North,14470,55.8,57.14,11.14,33.97,5.71,8950,8162,38123,1084,5479
Z1918,Landslide,West,24785,6.33,52.17,8.22,5.81,12.7,6134,5112,24261,666,3430
Z1919,Earthquake,Central,22852,5.21,1.34,24.63,19.52,13.91,5463,3456,16179,251,2313
Z1920,Landslide,Central,26722,53.51,60.06,29.04,29.14,11.59,16069,15833,73921,2133,10585
Z1921,Earthquake,North,19967,33.97,43.76,19.95,28.18,7.75,9080,7781,36492,954,5204
Z1922,Cyclone,South,27060,22.13,46.96,28.53,10.68,4.52,9903,8439,39247,1041,5595
Z1923,Landslide,North,41361,63.29,68.41,26.86,26.23,8.35,27905,28165,131219,3943,18734
Z1924,Flood,South,22011,26.7,37.71,8.88,23.67,6.56,8810,6950,32310,797,4632
Z1925,Wildfire,Central,18388,61.26,60.76,7.15,25.26,13.4,12126,11272,52597,1514,7513
Z1926,Cyclone,North,7021,41.03,38.64,8.71,12.98,8.94,3565,2747,12975,325,1850
Z1927,Flood,East,18306,22.74,44.87,5.6,29.32,6.49,6783,5567,26050,683,3738
Z1928,Cyclone,Central,6720,18.12,12.42,18.74,21.78,7.98,2257,1505,7175,132,1004
Z1929,Earthquake,Central,9534,27.5,49.45,10.63,26.75,14.07,3873,3368,15946,440,2289
Z1930,Wildfire,East,47637,7.83,29.03,27.65,33.19,9.59,12325,9988,46812,1079,6665
Z1931,Flood,East,4926,34.27,38.0,19.56,30.66,4.21,2251,1835,8575,216,1206
Z1932,Flood,East,24361,90.69,72.09,12.71,28.47,8.0,21442,21239,98913,3046,14179
Z1933,Landslide,West,41798,83.98,69.28,29.59,13.69,7.52,34686,34207,159719,4828,22782
Z1934,Flood,Central,47684,40.34,62.75,28.74,6.62,5.35,23964,22127,103422,3013,14725
Z1935,Flood,East,7762,59.7,96.64,24.02,22.24,11.31,5028,5814,27277,903,3893
Z1936,Earthquake,East,8597,58.9,72.03,24.38,6.04,4.76,5517,5253,24394,752,3478
Z1937,Wildfire,Central,18943,83.73,64.27,29.39,26.43,7.9,15684,15551,72557,2148,10359
Z1938,Wildfire,South,27944,27.45,47.65,19.21,27.1,7.17,11342,9875,46179,1233,6580
Z1939,Landslide,North,48011,33.16,51.32,26.76,21.89,7.54,21543,19460,90626,2492,12941
Z1940,Cyclone,South,10782,33.67,32.42,4.75,10.04,8.93,4879,3558,16372,407,2416
Z1941,Landslide,West,8637,8.88,14.75,17.96,31.27,10.57,2303,1657,7494,139,1091
Z1942,Earthquake,East,13032,34.9,43.44,16.57,22.88,3.0,6018,4913,23110,615,3303
Z1943,Wildfire,Central,43779,88.4,83.31,4.02,20.45,5.04,37781,37339,174151,5587,24905
Z1944,Landslide,West,1987,91.64,56.06,5.35,22.03,11.82,1763,1574,7153,220,1027
Z1945,Cyclone,East,19316,15.42,24.83,3.59,7.49,13.71,6097,4207,20084,433,2860
Z1946,Cyclone,Central,6388,48.52,58.56,10.94,27.21,1.63,3602,3231,15297,426,2142
Z1947,Landslide,West,8275,41.23,48.18,4.44,6.82,2.03,4214,3236,15238,409,2193
Z1948,Cyclone,North,45884,51.49,70.31,14.43,22.35,14.07,26896,26729,124483,3785,17801
Z1949,Landslide,West,582,57.7,39.8,24.94,10.08,3.07,368,338,1427,46,204
Z1950,Cyclone,West,16416,6.92,57.03,19.57,11.23,14.71,4135,3800,17310,494,2517
Z1951,Earthquake,Central,45814,85.01,53.3,21.19,12.0,12.6,38373,34210,159617,4427,22854
Z1952,Landslide,North,30603,97.5,54.28,3.85,5.43,2.69,28499,22837,106654,2962,15217
Z1953,Earthquake,North,4051,67.07,61.18,25.67,31.76,2.44,2848,2757,12515,363,1858
Z1954,Flood,Central,23518,67.74,48.64,6.95,29.13,14.68,16652,14569,68039,1826,9733
Z1955,Flood,Central,48562,55.16,54.87,11.17,5.94,4.57,29802,24778,115450,3232,16522
Z1956,Flood,South,20322,36.76,44.33,16.95,6.71,8.54,9667,7820,36545,952,5215
Z1957,Cyclone,Central,26667,19.15,33.18,28.11,28.49,4.31,9163,7449,34863,816,4956
Z1958,Landslide,North,26828,60.49,48.16,29.95,5.2,9.41,17537,15086,70490,1905,10071
Z1959,Earthquake,West,33192,9.27,35.29,24.13,19.07,12.76,8946,7351,34228,828,4903
Z1960,Flood,South,9768,83.33,67.02,22.69,8.22,10.2,8058,7644,35622,1073,5106
Z1961,Landslide,West,42065,44.99,62.99,17.25,22.75,1.65,22607,20763,96783,2847,13881
Z1962,Earthquake,Central,49436,44.4,47.26,20.97,34.95,9.33,26349,23712,110557,2965,15803
Z1963,Landslide,East,7556,36.08,33.27,6.9,10.16,10.25,3556,2656,12443,301,1758
Z1964,Earthquake,South,41007,97.09,58.15,10.27,33.7,3.81,38062,34559,161064,4601,23031
Z1965,Landslide,Central,40937,21.62,34.83,29.59,30.96,11.67,14825,12659,58857,1413,8453
Z1966,Landslide,South,37210,19.37,20.42,29.45,34.58,9.78,12848,9939,46326,959,6580
Z1967,Earthquake,East,18858,20.73,20.2,11.72,27.99,1.13,6704,4646,21911,457,3113
Z1968,Landslide,North,23704,67.56,68.49,9.51,30.71,14.31,16752,16641,77566,2337,11078
Z1969,Wildfire,Central,42041,99.23,58.24,9.2,22.84,7.24,39696,35417,165230,4719,23583
Z1970,Wildfire,Central,8067,27.37,57.0,16.09,31.02,4.25,3269,2989,13846,397,2043
Z1971,Earthquake,South,41523,91.03,76.98,9.04,8.35,2.21,36653,34089,159123,4965,22693
Z1972,Earthquake,East,46073,31.47,41.78,20.51,27.25,6.24,20089,16899,78853,2022,11284
Z1973,Earthquake,East,34253,66.55,49.19,5.02,23.86,5.31,23947,19859,92708,2512,13296
Z1974,Flood,Central,17399,8.85,39.04,5.8,6.8,5.17,4635,3456,16328,403,2296
Z1975,Wildfire,West,28178,52.09,53.61,10.48,13.75,12.1,16644,14427,67449,1881,9631
Z1976,Wildfire,North,2980,67.18,53.72,23.99,11.48,10.04,2097,1923,8790,252,1240
Z1977,Wildfire,West,46625,55.95,58.17,11.73,17.16,2.86,28890,25106,117342,3343,16749
Z1978,Flood,East,17449,27.59,19.98,15.71,10.95,10.91,7100,4965,23150,480,3331
Z1979,Wildfire,North,3326,83.71,51.42,20.73,13.24,11.13,2753,2425,11080,310,1605
Z1980,Wildfire,East,39826,97.16,65.0,24.29,13.88,8.2,36986,35212,164217,4847,23401
Z1981,Flood,North,33049,48.62,55.94,11.29,22.99,14.94,18661,17017,79524,2239,11360
Z1982,Flood,South,31324,65.41,60.94,22.74,9.05,4.97,21632,19481,90969,2633,13015
Z1983,Earthquake,West,3177,80.09,81.64,10.72,12.23,1.82,2544,2492,11304,367,1642
Z1984,Cyclone,East,37667,27.94,29.33,20.4,14.51,1.4,15427,11366,53025,1220,7572
Z1985,Earthquake,East,32047,87.12,79.81,15.17,18.47,5.49,27349,27422,127670,4051,18250
Z1986,Landslide,South,39785,31.62,41.02,28.02,6.14,7.97,17392,14243,66345,1681,9476
Z1987,Landslide,Central,41453,78.7,56.97,29.52,34.98,2.1,32758,31194,145413,4125,20814
Z1988,Cyclone,South,10991,15.65,38.23,23.9,14.01,8.92,3488,2825,13209,348,1889
Z1989,Earthquake,Central,10926,32.4,42.03,27.72,13.62,13.61,4840,4128,19402,478,2776
Z1990,Cyclone,South,46228,55.69,48.08,6.69,21.65,12.16,28554,24148,113016,3027,16111
Z1991,Flood,South,26786,54.87,55.68,20.67,30.62,10.41,16380,15360,71689,2015,10251
Z1992,Flood,West,22180,85.79,70.63,8.36,18.7,10.26,18707,17842,83387,2532,11874
Z1993,Landslide,West,14716,99.63,77.95,10.48,12.47,11.22,13939,13711,64032,2014,9178
Z1994,Flood,East,32131,15.19,28.4,17.12,21.98,7.92,10087,7620,35955,807,5068
Z1995,Wildfire,West,37821,30.78,26.27,23.03,19.49,6.63,16295,12253,57086,1272,8175
Z1996,Cyclone,East,614,38.97,47.33,22.48,17.69,5.29,302,291,960,30,179
Z1997,Cyclone,West,27856,50.5,43.14,26.48,34.52,2.39,16122,13992,65429,1671,9335
Z1998,Wildfire,Central,49672,51.92,41.31,18.1,34.88,8.87,29277,25112,117384,3001,16713
Z1999,Earthquake,Central,14391,86.34,69.6,28.01,21.86,7.62,12197,12279,57332,1741,8124
Z2000,Cyclone,West,14404,78.2,76.82,26.97,7.04,2.66,11329,11102,51947,1620,7417
Z2001,Cyclone,South,43968,6.79,30.96,25.92,22.01,4.76,11033,8672,40649,938,5738
Z2002,Cyclone,West,3572,48.23,45.15,9.2,33.57,12.02,2006,1727,8063,222,1143
Z2003,Wildfire,West,20177,63.72,53.19,17.35,32.77,4.58,13678,12336,57711,1603,8214
Z2004,Wildfire,South,23184,48.74,59.44,22.88,11.47,6.96,13112,11945,55483,1608,7916
Z2005,Cyclone,Central,39995,17.41,5.81,29.35,10.7,3.26,13221,8342,39162,641,5560
Z2006,Earthquake,West,6887,42.76,58.09,3.31,9.57,3.38,3586,2950,13992,402,1984
Z2007,Earthquake,East,21986,44.11,26.77,11.83,29.59,11.59,11671,8899,41690,938,5900
Z2008,Earthquake,North,8040,22.83,20.57,12.24,19.7,1.93,2985,2044,9671,195,1355
Z2009,Cyclone,West,39488,76.85,61.1,10.79,15.14,4.99,30657,27181,126050,3675,18063
Z2010,Flood,South,31798,35.53,70.58,25.07,14.74,14.73,14833,14954,69879,2110,9984
Z2011,Earthquake,West,25089,60.95,78.65,4.22,13.26,7.66,16487,15748,73558,2310,10568
Z2012,Landslide,East,19950,53.99,63.17,12.7,31.48,9.49,12068,11516,53795,1584,7673
Z2013,Landslide,West,8082,88.36,77.88,22.22,17.29,9.97,6972,7175,33412,1057,4787
Z2014,Flood,Central,46132,16.59,11.78,13.98,12.32,3.75,14966,9552,44664,808,6364
Z2015,Wildfire,North,32559,15.85,35.6,6.89,26.31,6.17,10382,8027,37570,908,5374
Z2016,Flood,North,16298,33.53,36.85,19.49,24.06,6.61,7358,5948,27681,679,3961
Z2017,Flood,West,20990,45.97,40.48,17.11,26.46,4.23,11435,9415,43490,1109,6273
Z2018,Flood,East,36446,33.36,45.21,29.51,29.66,4.28,16408,14481,67806,1756,9667
Z2019,Flood,West,36119,77.5,61.97,23.21,8.04,9.51,28218,26052,121442,3547,17377
Z2020,Flood,North,23324,28.3,51.0,29.63,5.06,2.52,9615,8246,38244,1046,5438
Z2021,Wildfire,Central,15493,13.05,8.95,8.03,6.52,2.81,4615,2749,13229,226,1846
Z2022,Cyclone,South,33168,44.31,50.27,23.56,26.2,9.03,17656,15920,74287,2022,10616
Z2023,Flood,North,33083,78.47,57.61,17.89,33.03,7.29,26087,24426,114003,3234,16275
Z2024,Flood,East,30185,85.8,67.27,22.24,14.93,9.57,25461,24553,114678,3426,16365
Z2025,Earthquake,Central,4106,74.67,69.72,15.62,28.44,1.38,3121,2955,13761,437,1999
Z2026,Cyclone,North,23903,58.0,43.49,8.73,26.88,10.87,15178,12694,58963,1530,8469
Z2027,Cyclone,East,30889,73.8,67.56,4.23,34.34,12.9,23275,22694,105810,3183,15146
Z2028,Cyclone,Central,47528,69.73,60.8,25.63,19.12,8.34,34362,32502,151633,4386,21690
Z2029,Earthquake,East,26515,27.26,32.07,25.0,9.98,12.77,10724,8439,39375,926,5628
Z2030,Flood,North,17464,57.32,50.88,7.39,27.96,6.6,11001,9457,43958,1201,6302
Z2031,Cyclone,South,28012,78.21,66.16,20.42,29.56,2.1,22034,21169,99009,2946,14128
Z2032,Flood,East,9273,35.13,35.11,22.92,26.22,6.29,4298,3492,15940,391,2318
Z2033,Wildfire,West,4989,67.13,62.01,18.06,30.9,7.25,3510,3368,15643,468,2221
Z2034,Earthquake,North,34066,50.74,49.57,11.57,16.14,13.12,19777,16943,79310,2161,11314
Z2035,Landslide,South,49317,52.8,46.7,26.79,25.71,5.69,29393,25891,120703,3204,17243
Z2036,Landslide,North,42378,13.56,51.54,20.35,12.92,5.41,12785,10946,51203,1401,7349
Z2037,Flood,East,29391,68.29,67.54,22.45,18.39,13.43,20932,20692,96596,2890,13811
Z2038,Landslide,East,2492,87.24,68.39,20.61,12.27,4.51,2129,2007,9314,270,1319
Z2039,Landslide,West,49405,18.44,36.89,22.47,9.64,9.99,16714,13324,62303,1539,8893
Z2040,Flood,South,22757,39.78,34.56,6.92,6.08,5.57,11341,8258,38358,914,5453
Z2041,Cyclone,Central,14838,9.62,25.05,27.91,25.14,14.32,4038,3201,15019,322,2145
Z2042,Flood,North,44679,7.82,25.46,10.72,31.26,3.65,11556,8470,39756,871,5626
Z2043,Cyclone,South,37447,99.02,64.5,25.59,14.43,11.14,35299,34046,158609,4673,22709
Z2044,Flood,North,37606,51.88,58.18,27.12,17.88,8.7,22154,20695,96595,2748,13792
Z2045,Earthquake,Central,14249,38.77,40.26,20.58,5.11,14.7,6993,5701,26436,661,3804
Z2046,Wildfire,South,49595,31.11,37.84,19.15,17.39,14.92,21491,17728,82499,2045,11859
Z2047,Wildfire,North,22917,98.1,72.13,5.94,13.44,12.11,21445,20313,94972,2910,13534
Z2048,Wildfire,West,26805,28.96,76.44,14.78,22.23,2.45,11183,10967,51291,1609,7297
Z2049,Wildfire,Central,37673,73.94,57.72,19.51,32.26,7.57,28426,26703,124868,3549,17834
Z2050,Cyclone,Central,33170,31.96,17.75,5.21,20.18,12.96,14585,10052,46651,930,6718
Z2051,Wildfire,South,9028,11.7,12.24,6.01,25.27,9.94,2598,1728,8060,146,1151
Z2052,Wildfire,North,15473,69.91,72.56,29.82,26.16,13.31,11207,11802,55148,1694,7907
Z2053,Earthquake,South,18379,5.15,43.87,11.97,9.57,12.19,4386,3586,16653,436,2381
Z2054,Flood,North,47403,69.2,54.88,12.44,15.4,5.38,34083,29307,136675,3833,19519
Z2055,Earthquake,West,35868,28.79,56.18,9.79,8.39,3.73,14918,12464,58434,1623,8329
Z2056,Landslide,South,18633,75.88,75.63,20.44,18.22,5.52,14331,14249,66558,2080,9508
Z2057,Flood,East,36869,78.13,65.7,15.77,31.62,10.74,28978,28481,133028,3954,19025
Z2058,Landslide,West,37057,73.79,62.46,24.34,19.43,7.73,27920,26494,123783,3619,17694
Z2059,Earthquake,East,20014,7.33,31.2,16.84,18.68,1.61,5103,3791,17771,424,2514
Z2060,Cyclone,South,20455,71.85,75.05,3.42,11.28,11.39,15114,14347,66772,2059,9531
Z2061,Earthquake,South,44768,99.06,84.25,16.03,14.31,1.63,42214,42236,197103,6346,28162
Z2062,Landslide,South,28310,28.05,32.31,4.49,33.1,6.73,11618,8971,41494,981,5927
Z2063,Earthquake,North,7901,31.05,39.99,25.32,14.09,7.47,3420,2813,13162,312,1850
Z2064,Cyclone,East,36129,82.29,94.03,6.07,26.94,8.04,29524,31877,148822,4966,21232
Z2065,Landslide,South,29684,20.24,39.15,8.86,6.26,2.95,10443,7762,36386,917,5196
Z2066,Wildfire,West,25692,67.76,72.7,15.42,8.85,11.47,18195,17549,81864,2521,11723
Z2067,Cyclone,South,36393,76.73,73.68,8.27,14.34,12.89,28222,27314,127499,3936,18215
Z2068,Flood,East,45401,8.53,32.97,17.56,32.04,10.77,11985,9749,45367,1076,6538
Z2069,Cyclone,Central,16856,57.61,57.99,15.44,11.58,14.31,10654,9655,45044,1282,6424
Z2070,Flood,West,21255,59.71,68.61,28.72,26.8,4.61,13770,13805,64203,1938,9212
Z2071,Landslide,South,9880,33.83,52.23,5.39,10.03,3.25,4483,3632,17118,468,2394
Z2072,Earthquake,North,32530,88.25,76.7,18.57,23.39,1.94,28037,27899,130523,4062,18637
Z2073,Landslide,West,20434,20.46,27.93,22.45,22.6,11.1,7222,5612,26130,604,3775
Z2074,Flood,South,17447,39.6,51.41,6.45,23.66,3.27,8671,7252,34037,923,4860
Z2075,Cyclone,North,34978,85.62,71.29,20.18,13.59,14.13,29457,29302,136834,4177,19482
Z2076,Flood,West,20704,23.11,34.01,26.33,9.86,9.38,7729,6092,28322,683,4081
Z2077,Cyclone,Central,23486,83.03,100.0,24.26,31.59,12.26,19323,23273,108244,3689,15493
Z2078,Flood,West,22282,12.51,13.41,28.25,22.08,7.09,6547,4583,21635,411,3067
Z2079,Cyclone,Central,13297,51.48,64.82,22.46,11.36,11.29,7793,7432,34555,1031,4908
Z2080,Cyclone,North,6727,12.16,21.34,13.64,17.4,7.21,1959,1328,6351,122,924
Z2081,Flood,Central,41448,69.4,64.74,27.85,7.01,8.54,29863,28211,131625,3893,18795
Z2082,Landslide,South,5040,80.11,99.88,9.08,19.26,11.83,4036,4463,20919,716,2981
Z2083,Wildfire,East,16581,85.74,60.61,18.76,17.72,4.33,13979,12704,59683,1698,8475
Z2084,Cyclone,South,33541,98.22,70.33,23.67,8.98,13.38,31416,30926,144261,4372,20619
Z2085,Cyclone,West,6999,68.84,62.65,26.55,18.33,11.03,5013,4807,22655,655,3225
Z2086,Earthquake,Central,32948,78.06,57.77,27.75,24.19,11.45,25879,24816,115964,3287,16553
Z2087,Earthquake,Central,36787,53.05,64.79,5.29,32.85,4.33,21994,20417,95448,2810,13646
Z2088,Flood,South,33314,91.71,69.03,22.6,26.1,2.26,29577,28851,134831,4059,19244
Z2089,Cyclone,East,15599,66.16,69.24,8.51,20.07,2.02,10860,9983,46535,1409,6621
Z2090,Cyclone,Central,1478,88.94,57.97,24.04,28.1,10.06,1281,1226,5679,155,783
Z2091,Flood,South,44424,27.37,18.37,21.92,13.4,3.1,18004,12402,57411,1170,8249
Z2092,Earthquake,Central,16664,52.19,50.96,7.9,25.06,14.99,9856,8693,40592,1110,5821
Z2093,Cyclone,East,40348,74.33,47.06,25.49,5.15,14.45,30563,26364,122920,3276,17562
Z2094,Earthquake,East,10291,24.26,56.56,15.47,7.18,1.41,3931,3315,15584,424,2221
Z2095,Cyclone,Central,8539,25.08,20.44,17.68,23.73,11.15,3314,2452,11560,228,1612
Z2096,Cyclone,Central,39019,97.91,66.4,29.23,10.78,4.65,36456,34699,162062,4832,23156
Z2097,Wildfire,Central,47017,46.29,55.42,20.73,25.66,5.77,25727,23403,109450,3073,15625
Z2098,Flood,North,43102,22.27,30.21,18.89,24.1,4.36,15820,12081,56504,1300,8052
Z2099,Flood,North,37687,36.49,26.85,3.45,6.91,12.63,17851,12561,58816,1303,8384
Z2100,Earthquake,North,12710,42.75,72.99,8.38,16.77,13.51,6617,6421,30057,922,4263
Z2101,Wildfire,East,45704,64.19,48.28,3.72,23.39,1.57,31144,25238,117787,3153,16811
Z2102,Wildfire,East,33559,92.69,73.62,12.0,26.4,4.78,30041,29373,137297,4251,19591
Z2103,Landslide,South,9022,98.73,76.79,12.3,29.48,7.28,8485,8583,40192,1259,5736
Z2104,Landslide,West,6903,66.91,70.32,17.32,14.91,8.31,4845,4673,21510,661,3112
Z2105,Landslide,South,43623,71.49,69.87,21.62,30.1,2.23,32114,31731,148105,4478,21140
Z2106,Wildfire,Central,14120,35.57,34.64,7.84,15.63,12.62,6591,5094,23745,561,3412
Z2107,Wildfire,South,38412,86.43,68.63,19.24,5.21,14.08,32582,31170,145442,4382,20763
Z2108,Landslide,East,7363,25.69,36.41,27.76,23.3,6.64,2891,2382,11171,281,1593
Z2109,Earthquake,North,14386,15.11,42.3,8.0,12.25,13.0,4507,3620,16973,433,2441
Z2110,Flood,North,14534,97.46,64.58,20.8,8.73,10.47,13530,12698,59217,1743,8470
Z2111,Flood,North,14414,87.09,97.12,4.23,12.75,9.28,12298,12995,60376,2034,8635
Z2112,Landslide,North,33900,33.85,34.51,17.34,29.84,12.47,15386,12644,58994,1404,8408
Z2113,Flood,North,45763,69.14,62.92,23.02,32.42,7.62,32883,32239,150201,4408,21465
Z2114,Wildfire,East,45562,49.37,38.23,3.92,33.85,8.67,25983,20927,97645,2424,13946
Z2115,Cyclone,West,37207,35.7,29.06,12.01,14.08,4.85,17404,12594,58949,1349,8412
Z2116,Wildfire,West,10525,32.24,32.24,26.7,18.68,10.97,4650,3734,17338,412,2455
Z2117,Wildfire,Central,48049,17.92,23.21,9.09,29.08,3.23,16068,11502,53518,1137,7666
Z2118,Cyclone,East,27333,57.19,51.48,22.52,14.54,4.4,17190,14875,69248,1902,9921
Z2119,Cyclone,North,27525,47.43,39.34,19.53,16.55,7.72,15296,12377,57709,1439,8275
Z2120,Flood,Central,35219,53.66,62.86,7.42,12.12,6.39,21218,18740,87333,2558,12495
Z2121,Wildfire,Central,38570,25.46,29.61,23.03,22.17,4.35,15079,11589,54081,1240,7724
Z2122,Landslide,South,47670,94.17,66.07,17.37,24.78,3.69,43202,40935,190655,5699,27283
Z2123,Cyclone,Central,29328,65.67,56.4,6.02,14.55,13.05,20310,17779,82982,2336,11867
Z2124,Flood,East,30698,90.46,86.67,28.63,5.73,9.27,26967,28615,133427,4334,19043
Z2125,Wildfire,South,37404,15.38,36.04,16.28,27.08,6.28,11795,9470,44060,1073,6296
Z2126,Flood,North,13128,64.17,59.1,23.12,23.5,12.84,8944,8587,39750,1150,5702
Z2127,Landslide,Central,15732,85.7,54.94,8.88,11.57,12.55,13258,11526,53613,1479,7678
Z2128,Earthquake,West,31461,36.44,31.33,6.7,14.44,2.55,14890,10681,49820,1173,7118
Z2129,Landslide,East,3674,23.54,22.61,23.02,33.71,8.94,1383,1068,5134,103,692
Z2130,Flood,West,16364,30.18,57.28,21.19,23.91,5.28,6977,6420,29548,837,4250
Z2131,Wildfire,West,36041,30.93,48.38,10.4,22.86,8.57,15569,13220,61563,1654,8825
Z2132,Cyclone,East,48819,47.48,40.77,23.15,24.19,11.05,27148,23111,107850,2736,15428
Z2133,Cyclone,South,26215,35.97,38.01,16.63,33.63,1.12,12315,9956,46606,1146,6623
Z2134,Wildfire,East,20284,30.77,32.02,12.41,15.2,8.19,8738,6562,30894,707,4363
Z2135,Flood,West,22299,66.61,51.01,24.25,13.43,5.08,15600,13502,63137,1729,9012
Z2136,Landslide,North,34429,10.04,36.05,19.65,16.3,8.48,9478,7510,34969,853,5022
Z2137,Cyclone,North,27452,37.33,42.08,16.7,29.03,2.54,13176,10916,50755,1300,7260
Z2138,Landslide,Central,1649,70.53,88.77,23.87,8.63,12.45,1202,1288,5922,205,854
Z2139,Landslide,East,27192,21.71,51.94,17.71,11.2,8.61,9866,8523,39702,1090,5677
Z2140,Wildfire,West,20303,25.99,55.01,28.34,11.85,3.95,8018,7111,33248,921,4767
Z2141,Earthquake,East,35190,24.06,46.29,25.09,24.09,11.78,13388,11901,55366,1476,7946
Z2142,Earthquake,Central,43818,5.09,22.73,12.67,24.25,1.53,10436,7361,34425,742,4913
Z2143,Landslide,South,48142,50.01,59.68,15.55,16.16,9.3,27685,25170,117556,3383,16799
Z2144,Cyclone,North,30706,8.7,25.6,28.85,13.29,8.02,8145,6166,28613,623,4071
Z2145,Wildfire,West,18447,30.93,61.57,27.17,27.64,1.56,7969,7561,35365,1016,5041
Z2146,Landslide,South,22475,99.51,84.58,8.16,5.95,4.5,21269,20570,95653,3089,13690
Z2147,Earthquake,West,9235,92.25,78.89,10.41,27.16,2.08,8236,8128,37819,1205,5472
Z2148,Earthquake,East,46829,25.43,40.51,12.84,11.31,11.25,18297,14639,67936,1739,9737
Z2149,Landslide,South,42442,34.45,64.83,26.76,32.08,10.88,19454,19650,91852,2712,13107
Z2150,Earthquake,East,42773,49.05,34.77,28.04,17.41,2.25,24290,19221,89598,2158,12804
Z2151,Wildfire,East,16742,85.22,93.93,24.66,24.27,2.53,14049,15612,72808,2437,10392
Z2152,Landslide,East,16449,81.25,67.45,10.44,8.63,13.32,13313,12402,57743,1729,8277
Z2153,Earthquake,South,42903,16.99,17.47,26.95,12.62,3.81,14048,9705,45629,917,6490
Z2154,Wildfire,South,27455,16.82,25.22,3.89,26.02,5.25,8954,6365,29887,651,4237
Z2155,Landslide,South,35381,44.59,29.71,14.42,21.51,10.58,18908,14498,67524,1562,9635
Z2156,Earthquake,East,24746,87.66,81.06,13.2,28.11,1.85,21218,21518,100186,3199,14327
Z2157,Cyclone,Central,22417,88.8,61.38,17.45,21.9,14.27,19413,18531,86160,2518,12401
Z2158,Landslide,South,31794,15.2,35.38,18.14,22.08,1.32,9983,7702,36415,877,5179
Z2159,Earthquake,West,40743,59.56,71.37,9.09,30.75,12.89,26348,26384,122844,3757,17581
Z2160,Landslide,North,17038,19.79,27.82,8.52,17.74,6.05,5936,4320,19773,454,2857
Z2161,Earthquake,North,40553,70.18,60.38,24.7,31.85,3.1,29456,28071,130996,3792,18714
Z2162,Wildfire,West,12588,92.06,59.99,5.06,16.17,6.28,11209,9758,45289,1317,6517
Z2163,Cyclone,West,20440,48.2,46.85,16.32,14.86,14.62,11477,9872,46030,1208,6584
Z2164,Landslide,West,45678,12.89,62.98,8.17,28.38,8.41,13552,12653,58825,1728,8418
Z2165,Cyclone,East,47746,60.03,67.35,11.63,5.35,1.83,31046,27385,127908,3824,18253
Z2166,Flood,South,46232,43.81,45.92,10.49,10.17,14.18,24437,20217,94494,2486,13474
Z2167,Landslide,North,16144,82.04,62.78,22.13,7.15,3.01,13162,11833,55342,1619,7891
Z2168,Landslide,Central,42245,37.33,45.02,15.31,20.36,1.77,20277,16562,77323,2040,11043
Z2169,Flood,North,46837,88.12,75.03,11.08,23.84,1.64,40322,38876,181295,5633,25960
Z2170,Wildfire,Central,48922,31.0,37.02,25.45,5.31,12.57,21159,16954,79167,1968,11353
Z2171,Flood,South,1534,19.96,42.34,5.32,9.84,3.14,536,420,1822,40,258
Z2172,Earthquake,East,37377,34.12,32.32,23.69,14.08,3.51,17040,13064,61127,1444,8666
Z2173,Flood,North,49839,8.32,18.08,9.7,13.83,14.22,13078,9061,42129,848,6016
Z2174,Landslide,West,38351,31.72,46.89,27.79,7.91,9.56,16794,14412,67167,1786,9570
Z2175,Cyclone,East,12042,67.71,48.22,3.15,10.19,5.0,8524,6729,31635,853,4478
Z2176,Cyclone,East,38248,18.52,43.93,18.03,30.41,9.21,12962,11205,52311,1354,7448
Z2177,Wildfire,North,5709,15.58,33.4,19.8,26.02,4.4,1809,1456,6542,169,944
Z2178,Cyclone,South,24290,17.58,12.73,18.59,13.88,7.92,8061,5384,25132,461,3568
Z2179,Cyclone,East,31498,12.37,33.12,25.01,12.9,5.68,9222,7197,33347,789,4776
Z2180,Cyclone,North,23094,88.09,53.23,6.03,7.41,9.72,19876,16502,77132,2126,11009
Z2181,Wildfire,West,35142,94.69,85.4,14.22,15.47,11.62,31985,33385,155953,5063,22250
Z2182,Cyclone,South,12391,9.42,27.2,26.32,16.94,5.88,3354,2531,11776,274,1717
Z2183,Earthquake,West,30508,77.21,89.68,27.0,32.13,3.01,23768,26558,124077,4079,17729
Z2184,Earthquake,North,32419,75.03,79.12,16.46,27.29,5.98,24727,25377,118822,3752,16929
Z2185,Cyclone,North,31873,99.71,67.11,18.07,19.37,11.61,30210,29332,136736,4097,19529
Z2186,Landslide,Central,14821,38.05,21.68,23.63,9.05,12.02,7194,5223,24525,508,3446
Z2187,Wildfire,South,15616,32.12,33.6,24.05,24.68,12.0,6885,5650,26248,636,3732
Z2188,Cyclone,Central,13261,48.04,36.77,26.98,33.08,14.64,7430,6471,30425,735,4329
Z2189,Cyclone,West,23358,86.37,94.41,25.78,7.34,12.55,19802,21946,102456,3414,14674
Z2190,Wildfire,East,29505,74.22,65.7,14.19,30.46,14.56,22325,22093,103100,3069,14725
Z2191,Landslide,West,18445,49.8,63.59,20.54,10.4,9.78,10578,9835,46158,1351,6589
Z2192,Flood,East,20794,28.23,37.11,16.05,26.04,4.21,8561,6833,32115,780,4567
Z2193,Landslide,South,14677,74.07,63.58,6.18,10.52,9.51,11089,9821,46125,1345,6576
Z2194,Landslide,Central,11333,86.18,72.01,25.19,23.0,3.77,9592,9539,44461,1355,6392
Z2195,Landslide,North,33043,43.0,61.93,19.25,12.13,2.19,17265,15441,72122,2099,10314
Z2196,Flood,West,40895,68.52,66.43,4.57,21.25,5.22,29195,26565,123845,3688,17695
Z2197,Cyclone,West,14890,43.02,35.97,21.28,23.0,6.08,7782,6265,29077,720,4167
Z2198,Landslide,North,43099,50.46,72.22,10.64,23.56,10.92,24931,24545,114528,3514,16344
Z2199,Wildfire,West,28763,54.87,51.66,4.87,25.48,6.08,17589,14930,69572,1908,9923
Z2200,Wildfire,Central,8801,78.69,62.81,19.38,7.07,1.04,6954,6143,28472,844,4079
Z2201,Landslide,South,18617,97.86,44.87,22.77,26.1,13.84,17387,15435,71730,1884,10318
Z2202,Landslide,East,871,47.21,58.58,16.97,9.64,9.25,483,426,2265,55,270
Z2203,Earthquake,South,2438,37.52,46.85,3.15,25.31,3.95,1174,939,4377,118,599
Z2204,Cyclone,North,17138,40.49,48.47,18.58,8.72,4.53,8632,7093,33201,908,4772
Z2205,Flood,North,22996,17.72,29.91,3.18,19.38,2.74,7655,5446,25331,592,3646
Z2206,Flood,North,39977,33.21,36.36,28.01,16.6,13.69,17953,14973,69981,1705,9974
Z2207,Earthquake,West,7148,13.21,27.83,10.22,34.02,4.22,2138,1640,7298,176,1069
Z2208,Wildfire,West,42039,45.65,55.67,26.52,23.92,14.17,22801,21701,101180,2858,14498
Z2209,Earthquake,North,12109,20.9,44.16,3.33,7.65,4.7,4320,3257,15355,403,2231
Z2210,Earthquake,North,7347,37.91,43.08,5.62,26.03,12.19,3558,2971,13754,353,1955
Z2211,Wildfire,Central,35145,80.39,80.6,15.19,10.82,1.15,28219,27326,127613,4051,18229
Z2212,Flood,Central,38830,28.36,39.65,23.48,13.58,7.77,16025,13018,60809,1524,8724
Z2213,Flood,East,30443,63.13,53.67,28.45,16.35,6.17,20503,18410,86509,2399,12314
Z2214,Flood,West,6227,90.61,77.22,17.07,28.29,5.68,5477,5568,25995,813,3758
Z2215,Cyclone,South,6209,58.86,41.06,12.6,33.32,14.89,3983,3412,15826,403,2305
Z2216,Landslide,North,19808,23.41,40.67,4.2,32.73,11.09,7439,6096,28415,730,4058
Z2217,Wildfire,Central,22805,37.75,27.26,18.76,10.12,4.58,11018,7986,37069,847,5344
Z2218,Wildfire,South,49932,61.09,46.27,13.26,6.81,11.53,32864,26937,125625,3331,17948
Z2219,Landslide,South,14680,53.13,30.0,27.55,29.86,2.81,8786,6951,32549,747,4620
Z2220,Wildfire,East,10033,19.12,33.41,15.96,13.65,13.96,3445,2757,12440,300,1812
Z2221,Wildfire,West,47323,47.45,70.41,23.67,22.48,6.97,26306,26171,122099,3723,17466
Z2222,Cyclone,North,8121,56.59,54.72,25.9,34.36,3.67,5071,4730,21934,621,3157
Z2223,Flood,East,1806,30.4,49.44,5.65,10.59,4.82,773,618,2718,80,401
Z2224,Landslide,East,21429,63.18,87.98,14.9,16.25,3.17,14440,14846,69370,2266,9881
Z2225,Earthquake,West,20353,11.67,36.27,27.13,31.03,14.03,5852,5053,23756,564,3352
Z2226,Wildfire,Central,31174,36.98,36.16,14.46,24.5,5.28,14881,11722,55011,1342,7848
Z2227,Cyclone,West,43948,81.41,62.24,18.26,33.13,3.0,35623,33740,157279,4591,22492
Z2228,Landslide,West,46679,29.63,41.3,26.57,23.95,12.38,19709,17083,79601,2037,11387
Z2229,Cyclone,Central,14837,62.49,51.77,9.28,14.11,3.99,9921,8210,38644,1047,5449
Z2230,Earthquake,East,49051,43.95,42.48,27.15,29.15,2.32,25979,22240,103535,2669,14784
Z2231,Wildfire,North,31817,35.06,56.11,13.72,27.78,10.36,14730,13506,62751,1774,8992
Z2232,Wildfire,Central,3947,92.03,87.93,19.01,33.01,1.1,3514,3785,17835,569,2502
Z2233,Wildfire,Central,46954,37.61,25.92,11.86,19.29,12.65,22635,16825,78380,1728,11161
Z2234,Wildfire,Central,7331,27.48,30.3,17.23,20.09,8.88,2977,2290,10748,264,1543
Z2235,Flood,Central,29636,91.38,69.69,4.33,14.71,4.46,26238,23708,110495,3341,15813
Z2236,Landslide,Central,39642,75.86,73.91,4.76,13.06,7.63,30483,28541,132948,4112,18973
Z2237,Cyclone,West,12847,69.77,77.09,14.2,34.9,4.67,9292,9519,44583,1385,6380
Z2238,Cyclone,North,13896,9.71,62.76,12.04,34.32,8.46,3791,3565,16805,506,2431
Z2239,Cyclone,West,24071,17.46,29.01,19.63,20.89,9.0,7966,6080,28743,658,4100
Z2240,Wildfire,North,44300,65.64,56.11,4.02,33.65,11.8,30669,27882,129787,3668,18579
Z2241,Wildfire,North,11568,24.9,45.76,7.53,15.68,7.53,4474,3581,16881,453,2440
Z2242,Landslide,West,33341,26.44,31.36,8.66,30.5,12.01,13280,10435,48788,1136,6952
Z2243,Landslide,Central,22903,79.02,66.77,14.89,24.05,1.97,18154,16983,79070,2368,11313
Z2244,Flood,South,6036,32.16,37.71,9.66,26.51,13.9,2663,2193,10192,247,1429
Z2245,Flood,North,35689,11.8,1.0,6.72,26.55,3.6,10296,6096,28566,414,4043
Z2246,Wildfire,East,41711,8.46,31.13,19.13,24.07,12.71,10989,8757,40818,948,5826
Z2247,Flood,South,28994,47.1,48.72,23.08,30.57,7.92,16041,14431,67270,1811,9593
Z2248,Landslide,Central,9229,63.63,75.25,21.5,16.76,2.47,6250,6134,28500,875,4074
Z2249,Cyclone,North,8208,87.54,73.21,10.46,30.48,6.04,7031,6914,32417,1006,4624
Z2250,Landslide,Central,21463,15.53,18.48,26.07,10.5,13.86,6793,4905,22833,476,3292
Z2251,Wildfire,South,25568,23.68,34.93,19.52,11.0,12.69,9654,7584,35387,857,5056
Z2252,Cyclone,South,27833,55.33,30.34,19.6,26.52,11.11,17117,13590,63479,1474,9045
Z2253,Cyclone,West,12561,39.59,32.24,8.75,27.5,6.32,6242,4780,22146,524,3158
Z2254,Flood,Central,25288,50.84,60.59,9.54,32.07,9.24,14700,13744,63874,1850,9144
Z2255,Earthquake,East,15106,92.79,73.07,15.82,13.24,4.25,13534,12810,59996,1847,8602
Z2256,Earthquake,East,34465,56.76,67.29,9.42,6.68,10.07,21565,19579,91365,2742,13054
Z2257,Wildfire,West,39926,44.44,25.84,21.58,20.22,4.65,21293,15788,73695,1621,10528
Z2258,Earthquake,West,32808,99.0,76.54,11.33,31.26,12.61,30922,32014,149135,4673,21334
Z2259,Earthquake,West,561,11.2,25.45,7.1,34.14,10.86,159,96,625,8,94
Z2260,Cyclone,North,49607,93.55,87.92,7.09,30.73,6.41,44727,47247,220395,7192,31445
Z2261,Cyclone,Central,1676,52.66,62.04,6.44,19.7,10.23,997,898,4235,123,628
Z2262,Landslide,North,49972,52.86,61.78,14.87,30.9,5.55,29806,27971,130435,3799,18656
Z2263,Wildfire,South,2072,92.59,94.42,3.08,11.42,3.18,1853,1860,8565,288,1253
Z2264,Cyclone,West,26065,53.2,49.84,17.64,32.64,4.29,15613,13768,64396,1745,9191
Z2265,Landslide,South,5745,46.65,66.68,11.05,22.01,4.8,3159,2906,13404,399,1972
Z2266,Earthquake,East,5212,30.89,29.46,17.92,16.68,4.17,2250,1699,7628,191,1157
Z2267,Cyclone,North,34328,67.59,49.2,28.26,22.45,10.5,24267,21993,102327,2776,14648
Z2268,Earthquake,Central,36528,59.12,66.55,26.46,28.52,11.36,23502,23833,111176,3313,15879
Z2269,Earthquake,South,6352,25.36,20.89,18.56,12.2,7.4,2479,1773,8451,169,1152
Z2270,Landslide,North,48845,72.39,71.69,14.29,8.06,14.83,36288,35105,163576,5016,23383
Z2271,Landslide,North,16363,66.19,62.62,21.86,26.99,13.47,11396,11173,52386,1531,7452
Z2272,Landslide,North,16257,42.75,61.37,27.92,33.57,2.22,8464,8212,38156,1126,5463
Z2273,Landslide,West,15200,5.42,27.27,16.22,24.11,7.45,3658,2726,12657,286,1821
Z2274,Earthquake,North,23330,47.43,51.76,5.68,9.28,13.72,12965,10890,51111,1406,7253
Z2275,Landslide,East,9302,5.58,34.18,23.68,24.3,4.08,2250,1792,8693,190,1132
Z2276,Earthquake,West,21526,12.12,23.71,3.28,8.5,6.3,6262,4210,19728,414,2837
Z2277,Flood,South,10894,45.91,41.78,23.65,14.11,14.26,5930,4984,23520,614,3385
Z2278,Earthquake,West,3045,12.78,37.72,5.29,5.95,11.86,901,658,3193,75,468
Z2279,Landslide,South,18752,31.19,41.8,5.88,19.63,12.65,8137,6593,30749,778,4378
Z2280,Landslide,East,33777,67.27,57.11,24.11,14.64,13.31,23797,22096,103237,2927,14716
Z2281,Landslide,North,38273,34.32,42.88,21.62,7.93,3.4,17506,14039,65486,1697,9309
Z2282,Landslide,North,17990,99.78,99.01,18.17,14.27,10.79,17061,19157,89497,3025,12762
Z2283,Earthquake,North,16525,92.05,70.31,25.16,24.43,12.24,14713,15031,70196,2136,10064
Z2284,Landslide,North,39480,60.6,52.67,25.99,13.67,4.17,25840,22660,105759,2905,15109
Z2285,Cyclone,South,34219,96.86,57.78,15.35,9.29,1.61,31702,27137,126441,3598,18082
Z2286,Wildfire,South,41690,87.46,72.59,29.9,21.34,3.5,35685,35993,168135,5169,24006
Z2287,Flood,South,45352,35.3,52.3,12.65,27.6,11.38,21077,18873,88481,2422,12573
Z2288,Landslide,North,41151,76.21,76.95,7.63,29.9,10.72,31751,32240,150512,4699,21499
Z2289,Landslide,West,46856,18.0,36.2,25.84,19.16,13.48,15697,13043,61021,1482,8719
Z2290,Cyclone,Central,21125,70.03,74.99,14.22,26.33,5.44,15320,15269,71245,2203,10139
Z2291,Wildfire,West,20036,51.65,62.18,26.61,30.0,9.7,11769,11605,54416,1589,7763
Z2292,Earthquake,North,16416,6.6,41.99,4.65,25.19,1.38,4096,3199,15347,387,2138
Z2293,Earthquake,West,12143,31.05,53.89,6.0,20.82,14.09,5256,4646,21337,605,3079
Z2294,Earthquake,South,37567,95.76,96.51,4.09,6.8,8.76,34494,35546,165957,5588,23703
Z2295,Cyclone,South,35866,35.0,42.21,19.25,13.7,11.48,16588,13761,63820,1643,9180
Z2296,Earthquake,West,40169,22.24,21.31,25.46,14.59,4.97,14734,10521,49462,1025,7063
Z2297,Landslide,South,8786,22.82,45.52,13.87,16.85,2.15,3261,2630,12397,328,1742
Z2298,Flood,Central,24817,50.53,62.16,5.45,33.53,1.88,14368,13065,60788,1789,8707
Z2299,Flood,Central,11487,85.05,90.62,13.08,11.27,12.41,9625,10174,47172,1563,6773
Z2300,Flood,West,44705,77.01,82.73,12.4,21.25,3.13,34761,34989,163200,5225,23311
Z2301,Cyclone,East,13737,46.5,73.92,20.37,34.74,12.54,7538,7971,37201,1140,5307
Z2302,Flood,South,7623,24.83,46.09,20.61,23.56,4.71,2944,2505,11703,316,1693
Z2303,Landslide,West,28708,9.38,32.9,5.78,11.27,8.58,7761,5741,26542,631,3805
Z2304,Flood,East,44014,48.95,35.3,14.34,33.81,4.67,24961,20008,93275,2269,13339
Z2305,Landslide,West,45829,82.4,74.02,20.35,15.09,1.7,37488,36155,168746,5214,24136
Z2306,Wildfire,North,5256,74.32,59.25,9.99,6.44,8.59,3981,3439,15953,467,2288
Z2307,Wildfire,South,16632,43.82,51.64,13.99,17.94,6.14,8793,7530,35253,962,5009
Z2308,Cyclone,North,8099,61.5,59.48,19.57,12.22,7.09,5355,4846,22512,635,3180
Z2309,Cyclone,East,15739,46.44,56.2,13.88,29.57,9.42,8630,7883,36699,1050,5275
Z2310,Earthquake,West,26925,60.01,56.84,3.83,11.6,5.39,17503,14678,68422,1937,9752
Z2311,Flood,North,14388,54.16,66.01,9.01,29.6,8.89,8722,8321,38886,1153,5541
Z2312,Earthquake,Central,3842,69.69,30.65,23.95,6.09,10.21,2777,2127,10106,231,1414
Z2313,Earthquake,Central,25746,53.23,56.56,9.71,32.87,2.25,15428,13803,64273,1802,9140
Z2314,Cyclone,South,3114,94.36,91.33,25.08,6.27,5.9,2827,2986,13857,467,1982
Z2315,Flood,North,11721,45.66,72.55,15.61,33.16,2.26,6358,6272,29628,899,4170
Z2316,Wildfire,West,525,6.51,37.36,15.77,7.21,1.1,131,103,250,10,55
Z2317,Flood,West,4797,27.46,60.32,23.8,31.18,1.72,1947,1846,8576,257,1206
Z2318,Earthquake,West,22098,52.56,55.94,13.35,29.94,9.29,13131,12040,56198,1585,8055
Z2319,Earthquake,North,42611,56.35,56.03,9.44,22.83,2.18,26531,22900,107150,3013,15306
Z2320,Wildfire,East,38844,57.48,62.97,5.84,6.08,13.16,24514,21736,101813,2975,14531
Z2321,Landslide,South,5392,72.88,65.05,21.14,23.63,11.63,4026,3903,18585,524,2602
Z2322,Wildfire,South,2224,31.09,32.71,15.69,23.54,1.12,963,698,3395,74,484
Z2323,Wildfire,East,17235,68.17,56.31,24.85,21.72,9.03,12259,11371,53202,1501,7564
Z2324,Landslide,Central,32787,71.88,51.19,15.36,23.95,1.14,24233,20695,96623,2636,13835
Z2325,Flood,North,37464,44.07,55.58,14.2,34.04,2.53,19876,17972,83522,2341,11964
Z2326,Cyclone,South,41245,43.21,48.9,11.07,34.87,14.84,21615,19446,90928,2454,12971
Z2327,Cyclone,South,17439,22.0,32.78,8.38,20.61,7.4,6365,4822,22732,542,3216
Z2328,Earthquake,South,8816,44.33,42.58,25.42,7.75,1.38,4694,3744,17654,446,2478
Z2329,Flood,Central,1804,79.75,74.92,5.57,9.02,12.9,1440,1377,6709,206,912
Z2330,Flood,North,7769,91.35,84.61,27.36,26.61,13.84,6877,7697,35820,1168,5137
Z2331,Earthquake,North,3725,61.39,45.2,3.73,34.46,8.68,2460,2096,9605,246,1395
Z2332,Landslide,West,43110,33.44,27.94,17.1,18.08,10.88,19434,14734,68701,1543,9825
Z2333,Flood,South,13786,69.82,74.86,4.57,7.94,11.92,9976,9399,43985,1376,6268
Z2334,Wildfire,Central,41245,75.31,49.92,24.05,15.59,11.29,31545,27981,130394,3529,18626
Z2335,Earthquake,East,27881,36.56,51.68,8.71,16.55,7.92,13221,11194,52271,1426,7385
Z2336,Landslide,North,27178,83.52,90.34,18.28,34.9,12.66,22460,25678,119787,3963,17127
Z2337,Flood,East,23012,12.0,51.03,27.74,25.6,8.38,6673,6100,28264,774,4054
Z2338,Flood,North,41051,6.02,37.17,20.53,8.54,4.63,10064,7815,36472,907,5196
Z2339,Cyclone,East,2650,16.68,42.68,7.81,15.11,1.06,862,647,3269,72,489
Z2340,Flood,Central,5091,19.82,62.92,24.51,6.46,6.02,1775,1602,7624,223,1059
Z2341,Landslide,East,21458,88.5,45.66,14.92,24.59,2.16,18534,15430,71478,1899,10251
Z2342,Earthquake,West,20027,45.37,44.38,3.36,25.18,1.89,10820,8565,40057,1043,5738
Z2343,Earthquake,South,27507,31.12,52.3,16.14,6.72,7.57,11922,10058,47052,1295,6734
Z2344,Wildfire,Central,37021,45.76,46.12,24.94,15.07,14.21,20110,17578,82121,2180,11750
Z2345,Earthquake,East,29584,42.51,63.26,14.61,32.09,2.48,15349,14377,67329,1965,9622
Z2346,Flood,West,13244,33.64,43.03,23.48,29.8,4.83,5990,5112,24081,637,3416
Z2347,Flood,West,16701,18.1,36.54,22.05,22.23,12.62,5607,4625,21680,539,3105
Z2348,Earthquake,West,37741,67.31,58.72,15.34,19.54,6.63,26601,23986,111904,3201,15994
Z2349,Cyclone,Central,10472,17.98,28.62,11.73,34.79,11.62,3507,2760,12844,289,1829
Z2350,Cyclone,East,25457,78.67,61.7,22.62,26.67,8.59,20112,19311,90237,2642,12897
Z2351,Cyclone,North,27170,24.16,41.54,12.96,33.58,9.46,10357,8745,40709,1042,5826
Z2352,Flood,South,37638,74.48,56.67,7.59,7.15,3.26,28552,23694,110382,3122,15772
Z2353,Earthquake,South,35861,81.53,81.28,11.66,11.36,5.93,29100,28597,133263,4258,19010
Z2354,Flood,East,23502,16.91,42.14,26.67,5.93,9.7,7681,6370,29793,748,4217
Z2355,Cyclone,North,15803,13.24,45.47,10.65,31.04,1.37,4730,3881,18408,481,2638
Z2356,Flood,South,18711,95.21,63.82,9.34,25.83,3.64,17103,15679,73249,2151,10441
Z2357,Landslide,West,20874,48.99,31.55,6.6,10.33,6.41,11844,8601,39712,929,5709
Z2358,Cyclone,East,11350,64.87,60.63,4.49,34.23,10.44,7792,7202,33756,966,4798
Z2359,Earthquake,South,31458,7.21,63.75,29.37,33.67,8.13,7993,8076,37874,1106,5373
Z2360,Earthquake,East,10814,31.48,57.51,17.49,11.74,11.06,4716,4242,19660,568,2823
Z2361,Flood,North,32610,53.01,47.5,22.7,24.41,11.18,19487,17310,80704,2151,11556
Z2362,Flood,North,37699,89.19,79.15,23.87,25.04,1.43,32758,33634,156905,4951,22448
Z2363,Landslide,West,48111,30.79,50.67,12.51,5.12,13.62,20732,17503,81931,2235,11653
Z2364,Cyclone,West,6386,78.64,51.83,24.57,25.66,12.54,5044,4693,21663,602,3103
Z2365,Flood,West,38107,67.91,78.79,28.96,11.64,4.79,27030,27554,128542,4051,18370
Z2366,Landslide,South,4756,15.95,31.76,23.03,32.04,7.78,1520,1193,5800,142,808
Z2367,Wildfire,South,17194,32.87,41.99,22.22,30.16,5.31,7678,6519,30208,784,4358
Z2368,Landslide,Central,9226,27.6,40.47,14.67,32.16,13.69,3755,3214,14984,394,2101
Z2369,Wildfire,West,8533,47.04,64.61,25.72,27.73,6.36,4717,4664,21498,643,3077
Z2370,Landslide,North,9179,65.36,51.89,5.4,9.95,6.54,6335,5113,24279,653,3480
Z2371,Wildfire,Central,2674,46.17,29.91,23.24,15.82,13.77,1461,1132,5616,118,772
Z2372,Cyclone,East,41244,28.23,44.4,12.77,26.27,9.41,16981,14311,66911,1743,9584
Z2373,Wildfire,South,3525,71.11,39.59,18.28,14.7,2.93,2585,2004,9459,242,1378
Z2374,Landslide,South,20226,60.52,54.67,27.11,26.3,9.76,13226,12442,58326,1618,8305
Z2375,Earthquake,East,35109,54.33,69.12,19.34,15.08,12.12,21328,20804,97040,2928,13871
Z2376,Flood,North,49525,57.67,63.67,3.69,10.33,5.73,31326,27135,126700,3738,18148
Z2377,Cyclone,North,42759,26.08,51.85,22.51,20.54,8.38,16915,15108,70728,1945,10119
Z2378,Flood,East,7292,69.64,70.75,28.08,25.59,9.78,5267,5466,25263,769,3610
Z2379,Wildfire,Central,49394,41.81,76.92,20.33,20.52,8.15,25368,25797,120641,3778,17202
Z2380,Landslide,East,32850,39.53,39.68,26.26,24.26,14.99,16309,14151,66312,1652,9413
Z2381,Wildfire,Central,9388,19.22,40.35,25.28,18.14,8.1,3231,2732,12354,314,1804
Z2382,Earthquake,West,22712,61.7,53.68,26.25,28.35,10.01,15052,14098,65768,1825,9366
Z2383,Cyclone,Central,45936,62.25,70.72,12.29,24.5,12.11,30634,30298,140978,4304,20151
Z2384,Earthquake,North,19949,37.33,44.79,15.8,22.24,2.91,9575,7880,36902,967,5258
Z2385,Cyclone,Central,9590,86.69,93.31,25.9,18.06,1.61,8153,8911,41335,1378,5919
Z2386,Flood,Central,43817,85.32,65.56,27.58,21.07,14.62,36802,37015,172418,5124,24692
Z2387,Earthquake,Central,47673,15.36,50.33,6.96,6.53,11.25,15027,12360,57792,1553,8254
Z2388,Wildfire,North,48792,71.03,71.18,7.9,25.0,6.51,35751,34171,159640,4886,22783
Z2389,Landslide,South,47808,42.41,47.94,12.36,11.13,1.25,24768,19831,92473,2464,13315
Z2390,Wildfire,East,43707,99.97,86.49,23.8,30.8,3.33,41512,45128,210694,6863,30124
Z2391,Landslide,West,22997,26.38,42.64,26.62,29.37,1.14,9149,7796,36344,936,5154
Z2392,Flood,West,10019,31.65,46.68,18.67,20.84,6.55,4382,3740,17146,459,2464
Z2393,Cyclone,Central,31049,47.0,48.37,6.06,30.41,8.77,17155,14678,68521,1839,9763
Z2394,Earthquake,North,11429,30.53,33.37,11.2,25.12,3.25,4903,3735,17645,410,2465
Z2395,Flood,South,23921,70.74,59.89,26.14,9.24,9.96,17475,16195,75520,2179,10785
Z2396,Earthquake,North,32976,50.69,32.68,12.38,27.22,14.36,19132,15303,71287,1679,10144
Z2397,Flood,East,47356,25.98,49.39,5.78,34.87,14.87,18699,16638,77752,2103,11121
Z2398,Earthquake,South,14809,53.11,39.39,11.16,6.23,12.66,8861,6940,32183,807,4641
Z2399,Landslide,West,12969,89.43,71.57,24.78,12.35,7.21,11292,11111,51631,1575,7364
Z2400,Earthquake,South,36869,80.28,76.93,16.32,22.93,8.66,29573,30027,140004,4383,20026
Z2401,Landslide,South,819,52.39,63.89,7.63,17.46,8.05,486,431,1899,59,272
Z2402,Earthquake,South,28538,32.41,21.53,11.44,24.13,3.18,12644,8859,41439,871,5890
Z2403,Flood,West,37423,22.09,36.05,28.75,22.59,12.96,13685,11548,53542,1314,7702
Z2404,Landslide,Central,27770,88.45,79.16,14.66,28.64,10.46,23976,25012,116592,3699,16677
Z2405,Flood,North,19506,72.47,65.48,14.92,7.13,9.93,14503,13281,61878,1850,8850
Z2406,Wildfire,North,41513,59.36,73.78,7.13,18.22,4.08,26784,25203,117539,3635,16800
Z2407,Cyclone,Central,18866,88.55,63.84,11.22,30.8,3.14,16303,15211,71004,2090,10142
Z2408,Flood,Central,35672,16.56,9.52,25.0,15.88,13.22,11565,7865,36724,658,5256
Z2409,Earthquake,Central,23475,69.84,73.14,24.23,20.11,3.51,16991,16838,78640,2410,11241
Z2410,Earthquake,Central,1815,25.59,32.63,14.76,5.65,2.03,711,537,2411,65,336
Z2411,Cyclone,South,26761,16.45,12.95,27.13,11.73,9.76,8654,5926,27654,526,3961
Z2412,Landslide,North,2948,49.23,50.17,13.27,18.91,10.86,1678,1460,6979,188,950
Z2413,Earthquake,West,46583,41.8,62.76,26.34,16.97,2.67,23920,22316,103838,3063,14896
Z2414,Earthquake,West,30277,94.41,61.77,3.85,26.44,3.9,27494,24460,114509,3346,16361
Z2415,Wildfire,Central,18915,35.78,72.71,12.38,23.36,12.04,8859,8739,41060,1262,5915
Z2416,Flood,Central,24566,82.42,60.28,26.09,31.41,14.01,20099,19988,93327,2692,13306
Z2417,Landslide,Central,31150,76.14,67.92,27.34,30.64,7.67,24018,24360,113858,3424,16236
Z2418,Flood,South,13379,68.45,48.02,23.42,12.24,12.09,9544,8256,38831,1032,5543
Z2419,Earthquake,South,14775,92.44,76.34,21.09,5.53,5.47,13199,12762,59888,1885,8516
Z2420,Cyclone,East,21223,43.75,47.46,25.02,30.63,10.85,11208,10191,47243,1272,6798
Z2421,Flood,South,13299,42.02,30.24,22.1,14.87,8.8,6851,5270,24701,568,3534
Z2422,Flood,West,38017,20.29,70.07,9.86,15.41,12.8,13389,12827,59758,1804,8572
Z2423,Wildfire,Central,5638,31.2,36.22,15.59,9.75,11.86,2447,1926,8865,220,1277
Z2424,Flood,West,41418,88.58,67.79,20.84,25.79,4.98,35800,34826,162931,4875,23250
Z2425,Flood,North,17752,50.07,64.17,18.87,13.4,3.09,10217,9333,43567,1288,6198
Z2426,Landslide,Central,28281,37.43,67.36,26.9,10.3,12.31,13595,13304,61956,1839,8864
Z2427,Cyclone,South,8309,25.53,52.56,15.79,20.1,1.46,3253,2777,13116,369,1852
Z2428,Earthquake,South,19576,51.07,38.67,7.81,27.51,10.51,11413,9233,43074,1072,6152
Z2429,Wildfire,East,37853,73.08,67.76,8.79,13.09,7.66,28318,25978,121071,3624,17342
Z2430,Wildfire,North,13899,32.24,20.16,25.84,26.66,2.05,6141,4442,20724,429,2947
Z2431,Flood,West,7047,76.98,78.16,3.24,18.86,10.64,5478,5386,25054,787,3572
Z2432,Cyclone,West,26335,64.83,41.03,26.47,17.11,7.76,18072,15133,70462,1794,10080
Z2433,Wildfire,East,8543,79.82,59.26,4.5,15.79,13.04,6823,6060,28301,823,4053
Z2434,Flood,South,16080,28.84,40.82,13.57,9.37,3.92,6694,5225,24336,618,3436
Z2435,Cyclone,South,22798,64.95,66.06,24.6,14.98,1.03,15665,14596,68283,2039,9746
Z2436,Flood,West,28423,19.6,32.65,14.01,31.38,2.83,9863,7649,36045,844,5095
Z2437,Flood,Central,32149,39.56,64.99,25.2,8.07,4.77,15968,14784,69071,2049,9822
Z2438,Wildfire,East,33994,73.81,74.27,5.71,33.75,10.13,25617,25691,120053,3700,17145
Z2439,Landslide,Central,42293,65.01,68.49,16.81,8.22,6.08,29080,26945,125752,3788,17914
Z2440,Flood,East,3770,22.85,22.81,18.73,15.86,2.66,1400,964,4842,92,627
Z2441,Earthquake,North,18435,86.54,92.99,27.05,23.19,14.74,15652,18254,85098,2834,12134
Z2442,Earthquake,Central,552,10.07,20.9,5.53,30.14,2.52,152,89,228,11,64
Z2443,Wildfire,South,967,61.55,79.7,12.14,9.31,5.97,640,630,2936,97,408
Z2444,Earthquake,West,11007,98.46,100.0,20.8,9.23,13.27,10330,11685,54515,1860,7785
Z2445,Flood,East,30108,55.49,61.67,29.46,23.85,10.14,18552,18169,84801,2482,12133
Z2446,Wildfire,West,44779,81.06,81.97,25.9,13.78,5.48,36179,37385,174497,5568,24926
Z2447,Flood,West,38791,61.54,21.85,25.86,24.34,14.58,25662,19688,91670,1930,13119
Z2448,Wildfire,Central,32492,79.39,66.32,16.96,29.62,8.02,25845,25183,117455,3500,16780
Z2449,Earthquake,Central,39019,67.28,75.23,18.24,7.31,1.11,27493,25852,120863,3740,17271
Z2450,Landslide,South,9012,70.66,74.96,26.18,30.33,1.09,6578,6708,31575,968,4509
Z2451,Cyclone,North,42072,26.64,25.02,26.48,6.13,14.17,16820,12635,58722,1294,8428
Z2452,Earthquake,West,44568,75.47,62.98,24.66,31.96,4.94,34140,33272,155075,4547,22130
Z2453,Cyclone,South,5205,27.6,9.74,25.1,34.27,12.37,2118,1451,6903,121,995
Z2454,Flood,South,23763,98.16,83.94,26.75,25.02,1.61,22247,23637,110060,3557,15776
Z2455,Cyclone,West,41587,26.64,17.05,6.07,34.53,3.06,16626,11341,53122,1051,7612
Z2456,Flood,East,24067,27.48,53.68,10.9,29.66,12.99,9774,8882,41505,1157,5918
Z2457,Earthquake,East,42104,86.57,86.81,29.36,6.33,14.92,35758,38896,181844,5919,25951
Z2458,Flood,Central,46810,28.08,34.75,17.71,5.11,1.73,19220,14233,66137,1604,9480
Z2459,Landslide,West,23996,39.29,52.86,7.76,5.62,3.35,11870,9604,44751,1234,6386
Z2460,Wildfire,Central,3444,72.89,62.48,16.58,18.56,11.12,2572,2437,11437,338,1620
Z2461,Flood,North,17332,20.08,38.95,20.44,23.7,8.41,6077,5016,23267,577,3359
Z2462,Landslide,East,11151,20.11,22.29,25.36,19.44,6.68,3912,2875,13628,284,1897
Z2463,Cyclone,East,23969,51.2,60.63,24.93,25.31,3.72,13998,13140,61429,1789,8775
Z2464,Flood,Central,29496,28.15,20.79,4.33,18.49,14.24,12127,8486,39828,824,5665
Z2465,Landslide,Central,23463,27.39,18.11,15.25,6.28,3.41,9512,6298,29246,583,4178
Z2466,Landslide,South,10176,5.88,26.77,3.56,11.79,4.71,2484,1723,8068,197,1148
Z2467,Wildfire,Central,15407,40.19,44.57,26.98,34.78,5.54,7725,6861,32249,848,4576
Z2468,Flood,West,34137,35.23,47.64,7.7,15.38,2.94,15847,12760,59381,1588,8471
Z2469,Flood,South,1835,7.96,21.58,19.87,14.74,8.51,477,309,1745,26,255
Z2470,Cyclone,Central,11097,64.02,82.84,18.41,9.58,5.78,7548,7602,35434,1119,5056
Z2471,Landslide,North,44671,64.53,62.42,19.89,34.61,9.51,30554,29918,139638,4090,19994
Z2472,Flood,West,5408,11.73,34.25,18.21,11.91,6.15,1557,1229,5540,144,823
Z2473,Earthquake,Central,21030,35.12,46.68,22.32,24.4,2.63,9745,8345,38851,1035,5533
Z2474,Cyclone,West,10745,87.92,85.39,19.9,6.26,13.22,9234,9662,44766,1443,6416
Z2475,Landslide,East,5680,60.31,65.08,5.44,6.99,8.14,3705,3245,15293,452,2167
Z2476,Earthquake,Central,21425,44.14,54.58,12.9,26.5,5.51,11378,10133,47131,1310,6725
Z2477,Earthquake,North,26311,49.18,60.88,17.76,24.06,1.23,14967,13681,63732,1845,9102
Z2478,Flood,South,9219,24.79,16.74,11.78,25.4,9.37,3558,2488,11773,243,1654
Z2479,Earthquake,West,4350,82.13,48.73,23.53,11.93,11.96,3549,3125,14590,395,2053
Z2480,Wildfire,West,7167,91.83,74.59,11.58,34.55,10.1,6369,6513,30341,948,4380
Z2481,Landslide,South,32752,91.51,72.96,25.37,21.75,12.03,29029,29896,139605,4298,19943
Z2482,Wildfire,West,43084,26.27,46.41,6.96,34.09,3.17,17105,14341,66957,1773,9562
Z2483,Wildfire,West,9424,34.52,44.23,23.77,9.93,14.6,4325,3668,17283,443,2460
Z2484,Cyclone,East,16359,20.26,43.13,7.95,17.15,3.96,5758,4575,21196,552,3027
Z2485,Flood,North,17519,34.18,28.85,17.26,15.07,4.73,7995,5926,27401,626,3947
Z2486,Landslide,Central,18357,36.62,45.01,11.65,27.65,8.17,8713,7362,34251,893,4935
Z2487,Wildfire,South,12593,65.15,44.74,20.21,27.43,1.07,8672,7297,34121,897,4868
Z2488,Earthquake,East,3235,23.02,42.3,8.74,19.6,7.19,1206,992,4224,98,635
Z2489,Landslide,East,26495,92.34,53.25,24.48,5.48,3.74,23648,20240,94068,2613,13518
Z2490,Earthquake,South,18190,14.79,37.31,18.49,10.26,11.49,5656,4486,21085,523,3007
Z2491,Wildfire,North,17442,5.65,10.48,28.85,6.51,11.61,4228,2799,13159,246,1895
Z2492,Earthquake,Central,13608,86.22,67.82,22.22,30.41,9.62,11521,11619,54181,1629,7751
Z2493,Landslide,West,46503,71.86,75.26,19.4,13.69,6.9,34363,33843,158128,4904,22562
Z2494,Flood,North,30719,38.76,49.05,25.39,8.54,5.34,15074,12867,59573,1610,8581
Z2495,Wildfire,East,21225,61.57,39.12,8.93,15.63,12.58,14046,11171,51894,1308,7449
Z2496,Cyclone,West,10667,26.24,31.36,20.08,7.32,8.1,4233,3190,14810,360,2145
Z2497,Cyclone,Central,40156,21.0,18.53,13.54,34.37,7.95,14356,10369,48248,982,6916
Z2498,Landslide,Central,44474,49.76,32.03,23.08,14.45,2.59,25492,19390,90407,2134,12925
Z2499,Earthquake,North,2099,38.55,47.61,3.66,32.99,4.06,1027,834,4084,107,565
Z2500,Landslide,Central,46519,63.45,66.62,14.55,25.48,6.05,31441,29939,139774,4164,19954
Z2501,Flood,North,35121,25.72,44.43,20.6,21.98,10.78,13799,11890,55398,1435,7923
Z2502,Cyclone,West,5441,67.98,69.62,15.44,19.26,12.83,3862,3778,17829,533,2507
Z2503,Earthquake,East,37782,77.85,67.67,9.43,25.62,14.9,29616,28933,135029,4056,19264
Z2504,Cyclone,Central,5816,20.83,33.18,15.54,25.59,6.98,2072,1627,7553,176,1083
Z2505,Cyclone,East,3017,9.17,17.17,25.94,5.32,7.34,811,567,2693,56,396
Z2506,Landslide,East,6208,46.76,45.44,8.58,32.23,11.72,3419,2970,13496,355,1963
Z2507,Earthquake,West,23262,78.53,52.34,12.91,16.04,5.5,18353,15600,72987,2002,10405
Z2508,Wildfire,North,31169,66.82,51.61,29.74,15.6,8.57,21854,19648,91862,2531,13102
Z2509,Landslide,North,20662,71.68,65.49,27.65,17.2,10.48,15240,14928,69517,2076,9991
Z2510,Flood,West,6537,43.27,47.38,3.92,25.56,4.31,3429,2789,13047,347,1895
Z2511,Flood,East,10359,27.32,76.8,17.32,16.28,4.91,4194,4078,19437,597,2779
Z2512,Cyclone,West,42693,55.52,39.39,4.77,16.21,5.99,26316,20183,94086,2372,13428
Z2513,Wildfire,East,48150,24.41,36.92,27.95,6.9,9.09,18445,14785,69037,1703,9861
Z2514,Wildfire,Central,37837,73.99,48.61,14.92,17.5,4.79,28564,23952,111791,3008,15933
Z2515,Earthquake,South,5619,23.71,33.39,14.3,9.48,3.91,2123,1543,7336,173,1063
Z2516,Cyclone,East,41081,32.67,38.8,10.37,30.67,3.09,18282,14611,68045,1694,9746
Z2517,Earthquake,South,34754,53.12,64.35,18.36,15.04,12.33,20797,19762,92081,2718,13166
Z2518,Landslide,North,26540,51.24,47.79,6.91,33.83,13.4,15507,13596,63303,1710,9059
Z2519,Landslide,North,7590,62.08,56.85,24.57,25.54,13.67,5052,4842,22461,631,3198
Z2520,Cyclone,North,49836,46.56,45.44,16.26,27.68,12.5,27370,23923,111289,2932,15909
Z2521,Earthquake,North,22409,92.35,58.98,18.29,33.43,2.92,20003,18570,86868,2504,12417
Z2522,Wildfire,South,2686,84.79,63.81,25.7,12.17,2.37,2245,2080,9485,282,1377
Z2523,Cyclone,East,10893,88.52,69.1,8.0,22.02,7.99,9410,8918,41495,1253,5931
Z2524,Wildfire,West,20363,64.8,61.53,7.73,6.22,8.3,13969,12123,56786,1636,8068
Z2525,Flood,Central,3585,65.33,67.64,14.36,8.02,11.26,2474,2343,10952,328,1539
Z2526,Cyclone,East,16535,62.87,56.76,24.23,16.0,4.12,11104,9993,46374,1312,6679
Z2527,Cyclone,East,23686,46.31,47.44,4.58,25.48,14.03,12964,11108,51529,1365,7382
Z2528,Flood,North,47458,35.6,23.93,24.47,29.95,5.34,22163,16835,78621,1686,11221
Z2529,Flood,South,4775,61.24,65.16,16.52,12.69,9.09,3148,2974,13770,407,1960
Z2530,Cyclone,South,29055,7.43,20.74,18.17,27.47,13.1,7430,5543,25741,524,3680
Z2531,Landslide,East,45831,5.71,37.11,18.24,11.73,8.33,11129,8718,40772,995,5868
Z2532,Earthquake,South,40407,85.91,88.05,4.52,5.18,11.55,34117,34033,158906,5203,22706
Z2533,Wildfire,South,46285,9.41,27.92,9.74,6.63,11.49,12524,9035,41771,948,6010
Z2534,Earthquake,East,8932,54.86,42.89,23.39,22.57,12.06,5461,4745,22107,561,3161
Z2535,Flood,North,40167,63.42,59.68,14.13,19.91,12.35,27139,25077,117225,3368,16742
Z2536,Cyclone,Central,48943,23.83,42.29,18.13,13.11,6.49,18536,15054,69983,1813,9981
Z2537,Flood,West,16638,90.09,70.76,28.51,5.2,6.09,14569,14034,65318,2007,9363
Z2538,Cyclone,Central,25183,23.06,30.91,4.25,22.04,12.25,9392,7098,33281,768,4769
Z2539,Flood,South,26777,89.03,80.73,15.14,29.53,9.12,23235,24419,113939,3630,16305
Z2540,Wildfire,East,24937,77.48,73.58,12.75,7.06,9.51,19478,18453,86376,2663,12322
Z2541,Landslide,Central,14844,27.87,36.17,5.87,27.09,6.77,6072,4726,21868,525,3167
Z2542,Flood,South,48559,19.32,15.78,28.67,24.04,3.82,16748,11935,55220,1059,7910
Z2543,Wildfire,Central,47847,35.04,49.75,28.96,19.38,7.4,22144,19757,92370,2494,13194
Z2544,Earthquake,North,19346,42.81,39.34,11.41,6.45,14.58,10081,7977,37306,920,5298
Z2545,Cyclone,North,40362,28.35,43.16,28.56,32.71,5.07,16654,14595,68075,1767,9740
Z2546,Landslide,East,20177,99.89,81.75,3.95,19.32,4.81,19152,18675,87242,2783,12454
Z2547,Cyclone,South,39843,26.82,17.08,29.48,16.99,2.83,15983,11190,52145,1038,7517
Z2548,Landslide,West,29445,83.91,72.12,25.57,30.84,7.74,24419,25267,117697,3615,16819
Z2549,Flood,Central,23773,20.12,42.24,8.79,30.37,5.04,8342,6806,31823,824,4574
Z2550,Earthquake,South,6838,98.12,86.61,19.19,26.82,10.62,6400,7030,32733,1055,4657
Z2551,Landslide,West,32902,26.42,40.94,24.55,29.88,2.89,13100,11030,51218,1314,7351
Z2552,Flood,South,16394,45.06,26.06,11.62,8.73,4.46,8819,6160,28929,628,4112
Z2553,Earthquake,North,11234,58.06,72.26,12.55,27.83,1.87,7139,6904,32145,993,4570
Z2554,Earthquake,Central,10064,16.43,38.97,19.98,14.84,1.58,3253,2515,12119,308,1717
Z2555,Flood,East,49103,82.6,55.99,6.97,31.02,12.4,40240,36687,171285,4830,24452
Z2556,Wildfire,West,5612,31.1,32.65,6.19,16.11,13.68,2431,1857,8753,203,1221
Z2557,Wildfire,South,40027,57.18,59.22,9.74,6.63,11.69,25171,22075,103185,2959,14682
Z2558,Earthquake,East,43375,57.22,64.63,23.01,17.43,13.11,27289,26510,123707,3648,17729
Z2559,Wildfire,Central,2037,62.25,53.38,12.9,27.7,2.21,1358,1162,5540,139,788
Z2560,Cyclone,East,29672,10.27,40.55,16.7,20.03,13.57,8220,6876,31864,815,4572
Z2561,Earthquake,North,29082,21.02,15.05,8.28,27.91,7.52,10401,7104,32971,643,4730
Z2562,Wildfire,East,18254,20.31,23.66,8.24,6.06,11.76,6431,4452,20953,439,2961
Z2563,Flood,North,33503,33.69,18.76,20.56,10.31,9.62,15166,10563,49606,1000,7085
Z2564,Flood,North,20729,18.77,24.55,5.93,21.91,5.9,7064,4988,23259,510,3330
Z2565,Cyclone,Central,22265,92.58,94.02,21.03,16.56,4.71,19913,21582,100652,3364,14377
Z2566,Wildfire,Central,21860,53.73,79.25,13.82,25.41,2.65,13181,13217,61645,1946,8794
Z2567,Earthquake,Central,40134,64.24,63.15,21.12,33.88,6.78,27363,26677,124492,3661,17781
Z2568,Landslide,North,31841,38.96,38.77,13.31,24.8,7.92,15672,12703,59082,1479,8454
Z2569,Wildfire,Central,19263,31.24,39.52,25.84,17.52,14.76,8366,7117,33287,835,4725
Z2570,Cyclone,South,46376,52.8,59.72,4.5,21.27,1.52,27640,23860,111301,3195,15872
Z2571,Flood,North,40202,32.96,24.37,27.12,32.38,9.26,17978,14016,65817,1425,9390
Z2572,Wildfire,East,46673,37.65,38.84,10.25,25.19,8.35,22514,18059,84428,2108,12069
Z2573,Wildfire,South,36660,48.01,68.62,4.15,29.1,1.32,20532,18997,88651,2666,12667
Z2574,Flood,East,19879,53.04,41.62,18.18,14.05,5.62,11884,9556,44682,1137,6406
Z2575,Cyclone,Central,38761,98.51,70.19,9.06,27.33,6.92,36390,34994,163434,4967,23355
Z2576,Wildfire,East,16798,26.22,39.58,15.4,9.18,7.92,6663,5228,24257,607,3499
Z2577,Cyclone,South,13911,51.36,56.65,24.66,27.49,4.27,8141,7549,34887,996,5001
Z2578,Flood,Central,22827,19.2,28.06,24.37,31.45,1.48,7852,6063,28076,637,4058
Z2579,Wildfire,West,48481,38.25,46.96,19.21,32.01,5.11,23604,20629,96246,2550,13753
Z2580,Earthquake,South,28613,73.14,72.52,29.4,8.5,12.71,21418,21626,100749,3083,14431
Z2581,Flood,North,19493,21.57,60.4,15.52,29.9,12.31,7052,6747,31204,917,4487
Z2582,Flood,North,23360,60.23,56.61,4.06,8.3,3.53,15224,12557,58381,1659,8343
Z2583,Cyclone,South,14915,44.59,49.03,25.12,19.35,10.05,7971,7079,33081,885,4714
Z2584,Cyclone,North,33108,9.9,48.77,8.97,25.48,13.93,9080,7911,36987,999,5304
Z2585,Landslide,Central,17846,93.64,69.91,7.76,19.53,3.41,16102,14906,69463,2100,9930
Z2586,Flood,North,27943,44.29,33.47,4.89,15.2,2.8,14871,10818,50408,1199,7173
Z2587,Flood,Central,18806,79.47,71.71,11.85,25.51,1.31,14970,14240,66477,2032,9521
Z2588,Earthquake,West,16375,44.55,62.42,11.81,24.83,3.41,8746,7971,37302,1085,5306
Z2589,Flood,North,48527,94.05,81.06,11.17,22.49,12.4,43935,45450,212023,6760,30315
Z2590,Flood,East,17614,32.59,41.76,19.02,20.85,12.4,7828,6598,30848,786,4419
Z2591,Landslide,North,3990,44.16,31.91,23.29,26.17,8.57,2119,1685,8080,183,1157
Z2592,Earthquake,South,19240,77.09,66.7,28.32,17.09,5.67,14972,14493,67913,2031,9706
Z2593,Flood,South,26841,37.65,60.51,5.54,7.06,12.29,12947,11240,52763,1527,7560
Z2594,Flood,West,5184,39.61,31.98,7.06,21.12,3.73,2577,1895,8839,204,1292
Z2595,Landslide,North,15631,99.51,76.79,18.93,26.7,2.96,14792,14937,69639,2183,9972
Z2596,Landslide,West,8720,57.78,52.13,5.65,13.97,2.25,5523,4469,20680,585,2984
Z2597,Flood,West,25282,70.49,55.4,13.01,9.22,12.92,18422,16172,75473,2123,10735
Z2598,Landslide,Central,36294,66.13,64.35,19.86,32.36,11.01,25260,24997,116673,3437,16666
Z2599,Landslide,East,48440,83.65,76.33,24.07,30.91,9.74,40078,42516,198428,6184,28343
Z2600,Landslide,South,19760,86.87,77.97,8.88,23.55,11.18,16826,16988,79237,2500,11274
Z2601,Landslide,West,43232,58.51,45.46,21.04,28.6,3.01,27618,23689,110504,2899,15756
Z2602,Landslide,West,11119,32.98,23.39,20.44,34.06,6.39,4974,3783,17671,360,2508
Z2603,Landslide,South,39135,7.17,32.09,26.21,22.08,12.4,9931,8033,37792,880,5404
Z2604,Flood,South,28352,63.37,53.78,11.47,12.33,13.83,19145,16757,77989,2168,11152
Z2605,Wildfire,West,38030,83.42,92.94,23.25,24.16,8.18,31399,35306,164369,5476,23501
Z2606,Earthquake,Central,37899,47.8,73.9,23.3,32.44,2.71,21167,21576,100915,3124,14440
Z2607,Landslide,East,26855,20.65,60.25,9.46,25.7,14.7,9530,8941,41363,1195,5948
Z2608,Landslide,Central,13242,32.37,31.52,19.77,5.79,6.53,5863,4385,20291,484,2904
Z2609,Cyclone,East,26546,53.45,61.23,21.23,32.51,5.47,15951,15273,71118,2072,10175
Z2610,Cyclone,West,41426,84.48,81.92,10.41,27.61,2.68,34533,34852,162800,5198,23281
Z2611,Wildfire,South,48548,21.32,45.83,15.2,17.05,1.18,17472,14170,66249,1742,9445
Z2612,Landslide,West,46412,63.15,55.48,14.77,34.62,9.45,31264,29002,135489,3809,19338
Z2613,Earthquake,North,9482,76.57,82.46,23.88,26.65,9.57,7342,7976,37020,1187,5321
Z2614,Flood,West,30071,93.92,76.66,3.02,29.76,4.28,27196,26476,123611,3868,17653
Z2615,Flood,East,5677,16.09,35.39,16.53,33.29,3.27,1820,1450,6733,161,964
Z2616,Earthquake,East,33613,93.01,57.7,7.98,6.19,8.39,30170,25653,120145,3414,17092
Z2617,Landslide,Central,49621,62.14,66.91,20.46,28.23,7.1,33050,32450,151442,4525,21632
Z2618,Cyclone,East,3102,77.84,64.69,21.37,16.59,5.25,2431,2279,10542,335,1507
Z2619,Landslide,West,33001,10.11,36.14,16.53,31.07,4.06,9103,7300,34289,824,4872
Z2620,Landslide,West,47304,53.08,57.02,17.63,31.37,13.03,28293,26862,125513,3575,17887
Z2621,Landslide,North,42436,64.15,62.45,11.51,29.86,14.77,28904,27857,129950,3794,18585
Z2622,Wildfire,Central,19928,34.15,43.23,11.46,28.38,5.98,9090,7471,34954,920,4998
Z2623,Flood,East,5644,46.01,59.74,23.12,28.83,10.77,3076,2986,13672,406,1988
Z2624,Cyclone,West,46233,57.66,54.33,6.56,13.9,13.12,29240,25297,117887,3285,16844
Z2625,Earthquake,North,46106,57.49,39.16,23.83,17.2,1.38,29101,23293,108669,2728,15540
Z2626,Landslide,South,29159,8.98,36.77,20.69,8.45,13.71,7796,6230,28881,711,4171
Z2627,Wildfire,Central,48956,46.75,41.0,26.88,29.92,7.99,26956,23327,108806,2771,15555
Z2628,Landslide,East,728,25.31,23.03,10.02,24.38,8.79,284,225,925,22,154
Z2629,Landslide,North,31022,92.09,63.38,16.67,23.38,8.56,27631,26110,121968,3578,17448
Z2630,Wildfire,East,2407,97.78,82.18,4.05,12.38,4.4,2247,2175,10142,318,1461
Z2631,Cyclone,Central,46817,33.47,42.25,27.64,23.45,11.95,21116,18399,86094,2212,12264
Z2632,Wildfire,North,34181,21.64,11.31,21.24,18.64,11.25,12384,8426,39571,703,5603
Z2633,Flood,North,45715,25.85,34.61,19.82,34.86,2.34,18006,14519,67918,1625,9670
Z2634,Earthquake,East,28352,50.39,66.75,22.78,30.89,8.88,16385,16421,76546,2294,10943
Z2635,Wildfire,East,4621,88.08,68.03,10.68,20.78,14.4,3977,3826,17818,544,2556
Z2636,Earthquake,North,1813,52.5,51.89,19.3,29.25,13.2,1076,971,4525,117,650
Z2637,Flood,North,17111,10.26,43.16,24.62,9.94,9.76,4739,3919,18235,469,2621
Z2638,Wildfire,East,37302,8.79,39.38,5.44,8.04,3.78,9920,7371,34487,848,4929
Z2639,Earthquake,East,7976,26.6,51.89,28.89,23.92,5.86,3186,2904,13574,379,1945
Z2640,Cyclone,North,42682,85.06,38.51,27.08,26.8,3.11,35765,29654,138730,3460,19775
Z2641,Landslide,West,12354,64.04,81.02,29.0,6.59,12.51,8404,8793,41124,1300,5859
Z2642,Cyclone,South,25073,58.48,64.8,24.83,11.03,11.9,16012,15360,71766,2124,10192
Z2643,Flood,Central,10552,35.3,73.95,10.95,21.12,13.75,4904,4892,23002,722,3215
Z2644,Landslide,Central,23555,93.3,66.93,18.7,6.88,1.89,21194,19168,89290,2663,12787
Z2645,Landslide,West,22883,36.46,23.89,6.24,17.72,14.51,10834,7776,36387,782,5216
Z2646,Earthquake,North,770,84.32,71.46,23.36,19.46,14.53,641,652,3051,81,440
Z2647,Landslide,North,28607,90.11,71.26,7.15,32.65,10.44,25055,24790,115578,3540,16558
Z2648,Wildfire,South,39439,50.92,60.85,26.4,14.47,13.34,22950,21919,102273,2964,14582
Z2649,Wildfire,East,46846,89.96,87.38,9.5,10.06,7.14,40976,41224,192405,6275,27438
Z2650,Cyclone,South,16870,31.3,41.17,7.33,5.23,5.39,7334,5543,25885,661,3678
Z2651,Flood,West,44089,67.55,59.26,4.91,8.65,3.16,31154,26067,121699,3491,17343
Z2652,Wildfire,East,43999,13.36,38.62,22.21,27.53,1.44,13208,10743,50115,1250,7167
Z2653,Cyclone,South,49425,50.02,49.44,8.03,18.35,1.59,28427,23192,108191,2926,15457
Z2654,Landslide,Central,18966,25.65,35.03,8.34,10.96,10.68,7442,5609,26383,632,3766
Z2655,Wildfire,Central,42619,10.96,43.47,7.58,32.99,5.71,12027,9981,46446,1203,6672
Z2656,Earthquake,West,28471,5.35,43.06,11.26,28.63,1.76,6837,5614,25794,670,3720
Z2657,Flood,South,3384,35.85,57.73,28.41,8.43,2.57,1587,1443,6789,189,935
Z2658,Wildfire,Central,13882,61.01,56.54,16.14,13.07,10.31,9128,8138,38182,1077,5407
Z2659,Flood,West,33767,48.25,25.86,10.04,30.48,14.14,18973,14490,67624,1496,9664
Z2660,Cyclone,North,8449,33.67,41.74,7.6,25.77,6.71,3823,3087,14369,357,2030
Z2661,Landslide,North,22019,99.16,70.44,3.51,33.37,11.89,20779,20375,95348,2907,13535
Z2662,Landslide,South,38858,94.25,75.28,12.85,7.29,14.63,35239,34470,160961,5003,22992
Z2663,Flood,West,7913,16.94,26.26,5.97,28.26,10.92,2588,1937,8939,196,1286
Z2664,Earthquake,Central,25081,44.44,49.19,3.73,7.29,11.12,13376,10841,50692,1357,7252
Z2665,Landslide,North,11135,66.64,49.18,5.78,15.1,9.62,7792,6468,29970,828,4313
Z2666,Cyclone,North,27056,74.68,50.71,11.6,27.52,14.69,20565,18452,85861,2363,12287
Z2667,Cyclone,West,12415,39.81,61.57,23.27,26.33,5.2,6190,5874,27483,813,3912
Z2668,Landslide,East,48289,75.9,55.11,4.81,5.06,11.96,37146,31183,145516,4080,20769
Z2669,Wildfire,North,4296,16.79,34.24,21.32,11.06,6.81,1400,1035,5146,124,716
Z2670,Landslide,East,48198,36.52,56.54,19.75,28.36,3.18,22841,20859,97260,2757,13888
Z2671,Flood,North,39698,73.06,76.15,26.81,8.78,11.35,29692,30165,140583,4393,20126
Z2672,Wildfire,Central,42855,64.44,69.98,7.97,14.79,12.61,29283,27784,129590,3938,18531
Z2673,Cyclone,Central,42650,84.53,75.13,24.45,10.52,13.09,35569,36093,168767,5237,24071
Z2674,Landslide,East,9786,9.45,38.89,26.35,8.34,13.91,2651,2179,10128,271,1442
Z2675,Landslide,Central,46589,21.57,53.34,29.37,30.1,11.43,16855,16042,74782,2088,10722
Z2676,Earthquake,Central,29917,9.61,35.39,24.83,6.84,8.39,8140,6347,29430,721,4274
Z2677,Landslide,North,48127,23.25,15.74,6.34,21.08,14.14,18018,12274,57583,1128,8228
Z2678,Wildfire,East,43969,5.41,21.63,28.57,25.78,3.93,10578,7896,36799,771,5256
Z2679,Wildfire,South,29191,52.9,62.45,25.0,6.73,2.08,17420,15698,73281,2135,10466
Z2680,Wildfire,South,19036,55.19,47.83,8.73,24.0,7.04,11687,9790,45636,1223,6532
Z2681,Flood,West,6305,67.5,81.57,7.46,15.02,9.15,4453,4430,20619,659,2941
Z2682,Wildfire,North,5504,41.57,47.11,28.28,30.01,10.52,2817,2587,12012,313,1693
Z2683,Earthquake,Central,19791,5.3,28.94,7.2,28.93,12.42,4745,3614,16953,382,2415
Z2684,Wildfire,East,40643,69.02,76.46,23.98,28.82,1.37,29167,29834,139012,4338,19903
Z2685,Cyclone,Central,25515,10.16,28.39,13.94,16.96,12.23,7047,5337,24799,555,3558
Z2686,Landslide,North,24347,87.29,75.12,22.54,29.68,9.4,20809,21699,101306,3153,14501
Z2687,Landslide,West,12600,7.15,39.72,5.48,23.9,14.34,3196,2612,11846,314,1752
Z2688,Landslide,South,28438,55.4,37.8,22.58,16.36,5.87,17504,14056,65656,1631,9357
Z2689,Earthquake,West,32085,90.02,71.09,16.82,7.42,9.64,28079,26725,124518,3802,17762
Z2690,Landslide,East,49117,59.39,67.61,27.31,7.0,11.73,31701,30754,143543,4293,20490
Z2691,Cyclone,East,36606,62.8,60.33,8.09,12.54,8.23,24563,21568,100620,2903,14384
Z2692,Earthquake,East,30557,69.75,80.97,5.95,13.99,3.18,22097,21160,98876,3144,14125
Z2693,Flood,East,45549,16.63,15.24,8.3,32.83,1.7,14791,10017,46664,902,6655
Z2694,Wildfire,East,21536,69.12,42.74,5.12,35.0,2.56,15471,12581,59016,1510,8413
Z2695,Cyclone,Central,46780,88.63,82.98,29.46,9.31,7.93,40452,42416,197997,6342,28227
Z2696,Earthquake,Central,18814,97.55,89.04,6.32,33.28,9.95,17528,18925,88401,2912,12604
Z2697,Earthquake,East,6825,47.09,48.58,8.42,26.2,8.99,3775,3251,14839,399,2148
Z2698,Cyclone,North,21172,37.73,50.56,24.86,19.96,10.98,10226,9234,42945,1161,6147
Z2699,Wildfire,North,6874,76.56,76.05,9.66,33.64,1.55,5322,5269,24377,769,3555
Z2700,Earthquake,Central,6360,56.57,46.35,9.0,26.41,2.91,3970,3263,15151,404,2162
Z2701,Flood,North,44120,29.44,32.71,21.15,22.81,11.66,18566,14902,69886,1643,9928
Z2702,Flood,West,39840,21.35,39.02,13.77,11.29,11.94,14347,11373,53123,1333,7602
Z2703,Wildfire,West,11450,21.17,47.49,25.56,12.33,10.83,4108,3569,16291,437,2363
Z2704,Landslide,Central,41967,48.62,37.75,20.23,32.35,11.44,23697,20080,93820,2316,13368
Z2705,Flood,South,3910,21.16,34.26,10.78,11.45,14.49,1403,1063,4956,121,723
Z2706,Cyclone,West,14577,6.87,25.85,19.14,5.97,14.22,3666,2655,12721,262,1820
Z2707,Earthquake,East,35452,9.95,35.49,26.39,12.99,10.02,9736,7848,36422,896,5231
Z2708,Cyclone,South,15538,93.34,76.23,12.84,19.42,5.47,13985,13699,63828,1984,9110
Z2709,Landslide,West,36660,11.93,25.01,22.88,16.46,1.2,10612,7688,36010,775,5115
Z2710,Cyclone,West,43780,11.95,46.56,14.23,33.07,9.84,12680,11089,51667,1383,7389
Z2711,Cyclone,East,3770,47.86,44.85,17.66,17.56,7.04,2107,1765,8166,219,1190
Z2712,Landslide,Central,1686,28.28,37.05,22.81,31.67,3.06,695,567,2710,66,410
Z2713,Landslide,West,47031,96.46,58.96,4.63,22.84,4.01,43431,37874,176534,5051,25203
Z2714,Flood,West,26263,91.54,66.78,15.28,20.72,14.11,23283,22639,105799,3156,15114
Z2715,Landslide,West,25570,43.45,55.09,5.57,9.81,1.93,13447,11021,51298,1436,7312
Z2716,Cyclone,Central,23452,47.63,55.04,22.58,13.13,12.02,13068,11877,55330,1547,7894
Z2717,Cyclone,West,21964,40.64,54.55,19.41,31.02,13.63,11087,10444,49003,1371,6959
Z2718,Earthquake,North,34661,8.6,36.34,11.83,28.4,10.64,9168,7424,34999,862,4916
Z2719,Cyclone,Central,29197,32.82,68.1,5.06,18.42,1.86,13026,11731,54723,1649,7832
Z2720,Wildfire,Central,8588,16.65,25.18,28.0,32.27,12.84,2790,2205,10393,224,1484
Z2721,Cyclone,West,31519,14.73,13.67,11.51,29.58,10.15,9786,6730,31530,601,4485
Z2722,Flood,Central,33583,58.28,44.45,10.44,8.36,4.88,21396,16814,78408,2043,11208
Z2723,Earthquake,South,6123,14.38,24.47,5.73,23.18,9.82,1885,1408,6096,117,887
Z2724,Wildfire,Central,19148,14.78,21.44,18.59,28.97,2.91,5952,4280,20105,411,2869
Z2725,Wildfire,North,39630,50.65,53.98,10.17,29.25,10.91,22980,20730,96714,2669,13756
Z2726,Flood,West,31127,47.02,65.89,25.76,7.74,13.64,17202,16596,77252,2302,11020
Z2727,Wildfire,East,7250,18.08,53.42,21.43,11.74,8.3,2433,2136,9825,275,1405
Z2728,Flood,Central,2484,5.42,34.03,3.11,17.39,14.33,598,488,2047,38,294
Z2729,Earthquake,East,29270,23.33,63.53,18.27,12.55,7.13,10976,10141,47143,1377,6692
Z2730,Wildfire,West,23355,27.41,35.8,9.26,8.27,13.01,9472,7262,34195,813,4824
Z2731,Landslide,South,48073,81.02,49.97,3.41,23.86,11.83,38826,33125,154325,4190,22053
Z2732,Landslide,East,26351,91.97,88.22,19.72,20.22,2.24,23446,24615,114992,3757,16424
Z2733,Earthquake,South,46609,43.56,26.89,8.53,9.65,13.78,24549,17762,82950,1859,11862
Z2734,Earthquake,Central,11109,43.48,39.85,27.29,22.59,13.75,5844,5009,23488,594,3396
Z2735,Flood,East,22643,72.69,71.22,18.48,6.86,5.92,16873,15849,74017,2273,10583
Z2736,Cyclone,South,7411,64.56,59.28,8.65,16.49,12.11,5071,4568,21182,607,3016
Z2737,Cyclone,North,28924,22.49,35.08,29.44,28.78,4.14,10664,8802,41463,1010,5878
Z2738,Flood,Central,9829,15.23,19.21,17.75,31.7,1.43,3089,2241,10369,209,1493
Z2739,Earthquake,West,24867,46.57,50.48,7.47,12.36,3.91,13659,11155,51751,1407,7380
Z2740,Flood,East,17535,58.66,69.31,16.97,30.79,7.78,11222,11142,52191,1593,7409
Z2741,Flood,South,9693,18.18,35.24,28.9,31.75,1.81,3260,2667,12565,289,1761
Z2742,Flood,South,5292,32.86,33.11,14.45,23.21,3.24,2363,1836,8443,196,1194
Z2743,Earthquake,West,25847,34.06,28.76,14.48,34.47,14.31,11772,9419,43779,984,6265
Z2744,Earthquake,East,47393,29.82,31.69,15.45,12.39,7.91,20078,15115,70450,1638,10099
Z2745,Flood,East,10338,48.77,56.53,10.56,7.07,12.52,5849,5098,23527,654,3405
Z2746,Flood,West,20547,67.04,66.0,7.37,30.3,3.89,14440,13476,62574,1875,8983
Z2747,Wildfire,Central,11618,53.39,44.76,18.63,19.73,2.24,6976,5724,26884,691,3834
Z2748,Cyclone,North,40544,24.14,11.75,27.14,15.39,11.93,15449,10637,49751,904,7119
Z2749,Cyclone,West,21038,14.78,38.17,22.86,6.66,5.88,6540,5132,24086,602,3431
Z2750,Wildfire,West,48734,83.08,59.92,5.6,6.94,7.44,40113,34226,159611,4609,22847
Z2751,Wildfire,East,12636,50.53,61.06,13.82,7.72,14.89,7316,6669,30923,905,4441
Z2752,Earthquake,South,4496,10.9,21.92,3.14,10.51,5.43,1267,840,4051,93,567
Z2753,Landslide,East,29335,29.52,29.38,11.31,34.11,7.62,12362,9513,44550,1034,6362
Z2754,Earthquake,West,32758,81.38,71.6,21.07,13.44,9.89,26545,26002,121718,3709,17372
Z2755,Earthquake,South,49542,76.41,95.32,10.84,29.51,2.25,38300,41545,193795,6507,27679
Z2756,Flood,North,43635,88.2,82.5,25.7,5.58,11.03,37592,38942,182089,5823,25949
Z2757,Earthquake,North,44267,62.2,60.84,15.89,14.65,7.32,29504,26684,124667,3608,17811
Z2758,Wildfire,North,31895,45.18,54.16,21.07,32.19,3.45,17187,15653,73176,2026,10475
Z2759,Flood,Central,18311,45.53,29.03,26.86,10.55,7.03,9915,7500,35228,797,5015
Z2760,Flood,North,21737,23.43,24.42,21.44,13.52,7.45,8167,5935,27765,600,3979
Z2761,Earthquake,West,7120,66.83,31.63,27.23,29.8,9.97,4993,4122,18873,459,2749
Z2762,Earthquake,North,21838,60.58,79.08,24.82,8.64,14.12,14290,14801,69154,2174,9868
Z2763,Earthquake,East,18540,19.71,54.17,18.31,6.6,11.71,6449,5651,26587,714,3760
Z2764,Wildfire,West,2277,89.14,78.74,11.03,33.98,6.35,1978,2053,9146,299,1351
Z2765,Wildfire,North,10621,40.0,48.62,11.05,17.14,14.58,5310,4572,21371,563,3032
Z2766,Cyclone,East,26963,9.73,11.73,26.63,24.74,12.07,7360,5215,24015,440,3474
Z2767,Wildfire,East,18782,36.15,42.25,4.45,8.81,1.39,8849,6634,30953,800,4433
Z2768,Earthquake,West,49681,87.64,94.71,28.42,11.61,2.63,42592,46468,216703,7256,30974
Z2769,Earthquake,East,24187,92.11,77.24,11.83,18.8,4.05,21546,21003,98028,3067,13988
Z2770,Landslide,West,47956,51.59,46.6,22.95,25.25,2.17,28147,24133,112541,2982,16049
Z2771,Wildfire,East,33205,95.85,56.62,11.91,13.8,7.8,30511,26581,124358,3519,17758
Z2772,Flood,South,2499,88.15,90.05,28.74,31.54,5.77,2152,2451,11583,367,1615
Z2773,Cyclone,East,10570,83.4,70.03,3.98,28.43,14.62,8726,8495,39827,1216,5679
Z2774,Earthquake,Central,35437,86.67,51.59,12.54,21.55,7.62,30122,26100,121799,3328,17366
Z2775,Earthquake,East,27483,41.28,36.61,26.42,18.78,3.97,14005,11254,52546,1295,7478
Z2776,Cyclone,West,15437,76.86,51.94,10.4,23.59,14.59,11986,10654,49701,1356,7106
Z2777,Cyclone,West,26343,59.85,56.34,10.44,26.95,8.19,17093,15326,71499,2029,10252
Z2778,Wildfire,North,45198,73.37,67.84,27.27,9.05,2.02,33911,31862,148892,4467,21234
Z2779,Cyclone,North,19741,21.89,31.0,25.43,30.58,2.13,7189,5680,26491,619,3818
Z2780,Wildfire,East,2733,74.48,75.29,5.86,19.68,10.45,2073,2063,9051,300,1370
Z2781,Landslide,North,15892,95.97,78.73,18.66,33.06,7.93,14617,15447,72066,2265,10301
Z2782,Landslide,East,46826,33.75,56.31,9.03,33.67,9.74,21218,19417,90609,2560,12915
Z2783,Cyclone,East,38208,98.69,74.99,8.81,5.92,12.9,35922,34243,159952,4971,22885
Z2784,Earthquake,East,41955,40.95,84.07,19.62,16.53,10.54,21276,22346,104514,3368,14931
Z2785,Cyclone,West,45625,23.97,31.41,6.34,20.79,13.07,17327,13175,61555,1446,8834
Z2786,Cyclone,South,6316,15.67,22.78,15.68,21.19,11.4,2005,1438,7277,149,969
Z2787,Flood,North,14492,79.57,56.45,9.91,29.67,10.44,11547,10539,49393,1384,7018
Z2788,Wildfire,East,3461,57.71,54.21,26.06,9.23,2.89,2190,1902,9000,258,1273
Z2789,Wildfire,Central,734,34.18,23.16,17.97,23.67,7.76,335,247,1186,29,146
Z2790,Landslide,South,41818,62.8,63.07,8.81,33.28,7.06,28060,26358,123286,3604,17556
Z2791,Landslide,West,46879,36.55,22.24,28.01,34.9,8.57,22227,17250,80519,1695,11450
Z2792,Flood,East,8210,47.59,53.11,25.22,5.3,6.48,4572,3923,18596,510,2698
Z2793,Cyclone,North,36248,86.95,56.61,10.16,34.18,9.69,30888,28459,132902,3761,18941
Z2794,Wildfire,East,26977,68.48,58.09,28.95,8.67,6.49,19251,17530,81728,2314,11640
Z2795,Flood,East,3926,77.43,74.84,10.23,21.11,8.81,3065,2999,14178,429,2017
Z2796,Wildfire,West,45830,60.43,85.88,10.9,12.39,6.53,29937,30154,140606,4561,20067
Z2797,Earthquake,West,43627,99.18,66.61,13.42,23.19,13.62,41177,39950,186674,5563,26634
Z2798,Earthquake,North,28589,27.93,38.56,7.45,6.11,6.23,11706,8718,40776,1012,5789
Z2799,Wildfire,North,35541,29.92,32.77,21.55,12.15,11.23,15084,11799,54894,1304,7866
Z2800,Landslide,North,20163,13.79,22.15,18.05,14.02,9.59,6118,4415,20102,429,2905
Z2801,Wildfire,West,39746,57.63,48.12,27.15,32.47,6.4,25128,22750,106262,2843,15183
Z2802,Wildfire,East,22528,63.27,69.69,9.5,22.51,12.31,15196,14787,68867,2073,9821
Z2803,Flood,South,49465,73.97,59.83,7.6,26.25,13.99,37335,34607,161832,4657,23097
Z2804,Earthquake,East,3624,36.87,72.27,12.68,25.28,11.65,1727,1705,7870,234,1139
Z2805,Earthquake,North,9021,6.16,33.38,6.94,16.77,14.28,2221,1711,8036,202,1133
Z2806,Wildfire,East,48454,65.06,48.66,28.55,5.42,7.11,33334,28486,132880,3588,18965
Z2807,Cyclone,North,14794,99.88,75.53,22.37,8.21,13.79,14041,14133,66132,2051,9416
Z2808,Flood,West,15877,32.98,33.52,24.5,18.76,13.27,7103,5742,26824,633,3824
Z2809,Landslide,North,39668,22.47,46.96,23.2,33.24,11.67,14619,13293,61909,1654,8882
Z2810,Earthquake,South,9873,31.77,22.81,9.56,12.46,12.69,4327,3067,14062,309,2034
Z2811,Cyclone,Central,25920,45.41,33.88,6.8,25.95,11.22,14012,10928,50931,1236,7246
Z2812,Wildfire,West,14659,28.84,33.76,14.59,29.8,8.17,6103,4876,22696,560,3247
Z2813,Earthquake,Central,10298,37.96,54.07,25.38,32.2,8.73,4991,4693,21942,594,3115
Z2814,Wildfire,East,48237,65.63,75.89,11.92,13.8,6.85,33391,32227,150155,4698,21486
Z2815,Landslide,West,10395,37.78,62.35,3.26,32.94,10.3,5024,4677,21768,636,3115
Z2816,Flood,East,5167,42.63,54.8,20.82,23.24,5.55,2685,2398,11312,320,1642
Z2817,Earthquake,West,33860,8.8,28.85,8.4,20.25,11.36,9007,6708,31624,722,4480
Z2818,Wildfire,East,43432,92.2,85.25,17.66,28.35,8.07,38720,41613,194130,6296,27767
Z2819,Wildfire,North,6811,43.65,35.27,3.4,12.16,5.94,3592,2641,12395,307,1774
Z2820,Landslide,West,35538,36.17,22.76,16.74,29.38,3.06,16748,12148,56824,1207,8102
Z2821,Landslide,North,27269,13.22,37.51,13.63,24.5,4.58,8158,6486,30092,738,4312
Z2822,Wildfire,West,41586,65.25,48.82,26.77,28.98,9.96,28668,26162,121958,3297,17426
Z2823,Flood,North,6784,87.06,72.1,22.49,30.67,6.18,5786,5864,27333,836,3903
Z2824,Cyclone,Central,48807,8.91,31.34,3.97,23.52,1.46,13023,9504,44091,1047,6285
Z2825,Earthquake,East,31146,18.8,38.32,24.32,6.1,5.62,10621,8362,39175,965,5590
Z2826,Wildfire,East,42187,18.91,46.65,24.36,13.93,6.13,14421,12204,56994,1512,8211
Z2827,Landslide,Central,18417,62.22,69.21,20.91,31.34,4.28,12278,12224,56726,1718,8107
Z2828,Landslide,Central,47198,92.52,78.23,28.09,23.81,5.01,42190,44151,205912,6470,29416
Z2829,Flood,South,31505,46.59,45.32,24.69,31.7,10.87,17310,15503,72453,1891,10357
Z2830,Landslide,Central,6783,37.66,47.01,8.91,16.54,11.45,3272,2721,12725,346,1809
Z2831,Wildfire,East,46184,77.75,60.61,13.3,20.14,14.42,36168,33800,157825,4552,22569
Z2832,Cyclone,South,39892,75.54,64.19,12.45,30.88,2.65,30579,28526,133192,3953,19093
Z2833,Wildfire,Central,15360,28.44,72.06,16.63,27.86,5.36,6348,6294,29198,898,4178
Z2834,Earthquake,Central,27511,20.28,38.34,28.75,16.33,2.08,9687,7852,36693,901,5255
Z2835,Landslide,Central,19709,38.99,51.85,19.62,5.68,9.59,9705,8324,38748,1068,5528
Z2836,Earthquake,East,27403,78.68,59.81,11.45,31.41,1.23,21651,19599,91549,2615,13046
Z2837,Cyclone,East,48286,71.03,76.31,28.42,28.59,3.87,35380,36974,172618,5383,24631
Z2838,Flood,Central,44997,68.26,71.67,21.91,18.47,9.22,32036,31836,148826,4548,21260
Z2839,Flood,North,11169,83.8,80.3,10.18,21.39,6.02,9254,9289,42929,1360,6160
Z2840,Wildfire,Central,48605,31.33,44.81,27.48,11.13,8.62,21142,17930,83745,2188,11981
Z2841,Landslide,Central,22178,37.27,57.91,12.29,17.36,9.96,10635,9507,44600,1279,6354
Z2842,Cyclone,East,35390,9.02,45.22,16.94,9.9,12.75,9472,7896,36993,971,5301
Z2843,Cyclone,North,38329,87.53,76.54,15.94,11.32,6.5,32828,31922,149072,4663,21303
Z2844,Cyclone,South,24405,60.33,56.81,27.94,30.39,4.9,15924,15049,70006,1983,10067
Z2845,Landslide,North,23104,33.32,54.06,10.17,15.87,8.54,10394,8951,41705,1154,5954
Z2846,Earthquake,West,23092,11.59,20.52,12.0,29.44,1.98,6626,4663,21757,448,3103
Z2847,Earthquake,South,43197,73.72,56.93,20.82,19.22,1.59,32523,28884,134674,3803,19270
Z2848,Landslide,South,19624,76.13,66.23,26.94,7.12,7.33,15130,14308,66868,1981,9519
Z2849,Cyclone,East,14356,68.29,41.66,6.1,15.85,4.05,10224,7892,36937,935,5259
Z2850,Cyclone,West,18399,24.36,48.33,8.67,9.75,1.1,7041,5584,25674,681,3718
Z2851,Cyclone,North,10146,91.76,63.91,28.6,25.81,10.51,9012,8988,41773,1238,5993
Z2852,Wildfire,East,19879,76.55,61.44,23.99,32.34,12.43,15389,15256,71152,2069,10173
Z2853,Cyclone,North,6146,67.49,59.56,12.34,27.89,3.07,4340,3910,18301,522,2638
Z2854,Flood,East,4942,66.84,62.23,12.66,28.35,8.89,3466,3271,15439,450,2153
Z2855,Wildfire,South,36331,90.91,70.88,15.68,30.86,14.78,32038,32802,153267,4656,21875
Z2856,Earthquake,South,4333,93.19,75.45,21.19,28.3,4.76,3895,3976,18346,566,2626
Z2857,Flood,North,28626,61.59,58.16,18.15,22.06,11.23,18948,17590,81880,2352,11732
Z2858,Earthquake,West,39104,44.58,44.15,23.96,26.43,3.27,20895,17876,83077,2184,11884
Z2859,Flood,South,36362,39.55,37.47,4.46,17.48,14.05,18058,14139,66144,1639,9473
Z2860,Flood,West,22581,82.81,83.52,25.11,7.12,1.01,18541,18536,86963,2796,12378
Z2861,Landslide,West,10084,66.24,36.18,4.57,26.17,5.13,7027,5386,25467,611,3609
Z2862,Landslide,West,46569,12.34,29.32,26.79,26.65,14.67,13624,11053,52048,1181,7426
Z2863,Earthquake,North,41841,18.51,29.55,4.17,11.71,10.39,14177,10210,47665,1097,6799
Z2864,Landslide,Central,30805,90.52,79.81,6.45,33.62,3.97,27075,27288,127637,4052,18189
Z2865,Flood,West,4794,89.03,56.51,7.86,6.58,12.08,4160,3549,16730,475,2351
Z2866,Cyclone,West,2241,95.42,71.48,9.02,27.08,13.57,2052,2013,9354,299,1372
Z2867,Cyclone,West,16103,45.65,48.88,13.85,34.05,7.82,8734,7740,35722,963,5129
Z2868,Landslide,East,8297,79.49,81.56,20.7,14.27,3.18,6606,6655,31084,996,4447
Z2869,Earthquake,West,43088,83.68,75.01,27.1,32.37,4.62,35660,37329,173853,5401,24864
Z2870,Wildfire,South,10688,34.99,30.04,17.16,29.79,14.2,4942,3960,18346,427,2675
Z2871,Earthquake,South,14491,18.81,29.5,17.38,27.32,3.26,4943,3786,17459,408,2525
Z2872,Landslide,South,48799,99.72,90.48,11.62,33.61,5.37,46257,50255,234590,7737,33492
Z2873,Flood,South,41004,7.87,14.92,24.62,24.62,3.04,10621,7421,34640,651,4915
Z2874,Landslide,East,11326,61.75,58.02,5.98,19.85,2.48,7511,6457,30080,861,4313
Z2875,Cyclone,West,19485,66.77,61.61,11.13,25.27,8.31,13655,12602,58820,1713,8393
Z2876,Cyclone,South,26030,69.77,58.74,5.62,17.35,6.55,18827,16380,76058,2188,10933
Z2877,Earthquake,South,33382,29.28,73.45,8.78,14.75,1.65,14007,12972,60599,1872,8642
Z2878,Cyclone,West,46841,73.55,60.5,18.84,7.47,3.03,35207,30926,144351,4185,20637
Z2879,Cyclone,West,43621,25.56,44.46,6.4,16.34,1.53,17086,13361,62258,1633,8902
Z2880,Earthquake,South,48872,83.76,61.87,5.72,29.1,1.34,40476,36224,169132,4927,24126
Z2881,Cyclone,North,2511,25.82,45.53,25.3,33.36,3.5,988,816,3874,103,565
Z2882,Earthquake,South,12200,71.19,74.6,6.19,34.25,11.41,8954,9052,42183,1308,6075
Z2883,Landslide,North,28369,79.42,61.63,19.42,11.2,1.21,22572,20065,93522,2726,13360
Z2884,Flood,West,2931,22.95,36.97,12.5,22.14,5.26,1091,861,3907,95,632
Z2885,Earthquake,West,18089,27.61,29.44,27.2,22.27,8.91,7364,5792,27244,626,3883
Z2886,Cyclone,West,8103,79.01,54.72,22.1,10.28,11.41,6422,5684,26871,743,3812
Z2887,Flood,South,46680,13.17,44.69,4.6,22.45,10.49,13947,11493,53592,1413,7602
Z2888,Earthquake,South,3634,23.12,31.07,27.18,15.88,14.84,1357,1087,5168,120,752
Z2889,Cyclone,East,7846,48.28,22.59,14.18,33.27,4.86,4410,3275,15089,322,2154
Z2890,Cyclone,West,10158,93.37,97.54,11.05,12.66,1.0,9145,9550,44425,1499,6370
Z2891,Earthquake,Central,7855,58.38,47.48,21.17,30.05,1.54,5010,4314,20294,555,2936
Z2892,Wildfire,Central,28644,41.83,45.05,22.39,31.91,2.37,14715,12624,59177,1543,8471
Z2893,Cyclone,South,18535,97.95,98.56,11.19,27.08,14.65,17323,19892,92892,3144,13276
Z2894,Earthquake,North,45667,49.05,50.28,12.49,11.44,8.98,25933,21789,101763,2772,14551
Z2895,Cyclone,North,13410,46.2,48.45,7.22,12.81,12.19,7329,6103,28447,765,4077
Z2896,Earthquake,Central,27092,44.11,34.52,19.02,34.13,14.79,14381,12060,56458,1353,8034
Z2897,Flood,Central,33175,34.66,24.44,28.84,7.27,12.82,15259,11442,53256,1154,7652
Z2898,Cyclone,East,31487,35.94,42.77,14.25,8.51,6.71,14785,11732,54933,1409,7818
Z2899,Earthquake,North,39921,70.34,68.04,29.9,34.36,13.26,29045,30622,142620,4295,20429
Z2900,Cyclone,East,10492,8.88,33.55,7.76,28.31,7.07,2797,2155,10159,253,1452
Z2901,Cyclone,West,25619,69.77,57.6,24.49,27.39,2.6,18530,17152,79918,2281,11451
Z2902,Earthquake,West,40129,24.11,38.5,28.06,9.81,8.67,15282,12456,58258,1456,8295
Z2903,Cyclone,West,43220,41.5,25.78,21.58,19.67,13.82,22096,16972,79233,1740,11270
Z2904,Cyclone,West,31081,18.92,40.93,5.95,30.22,11.98,10627,8763,40987,1046,5867
Z2905,Earthquake,North,32769,57.51,58.57,11.82,14.87,6.63,20688,18126,85182,2418,12155
Z2906,Flood,West,43275,74.29,89.54,5.31,10.78,12.97,32767,33723,157372,5179,22475
Z2907,Flood,Central,31431,38.69,46.37,19.25,5.33,7.5,15407,12622,59060,1561,8414
Z2908,Cyclone,East,47468,20.52,24.97,29.95,23.68,10.58,16799,13071,61024,1350,8689
Z2909,Landslide,East,6816,26.52,38.98,13.12,13.81,5.66,2719,2082,9951,260,1410
Z2910,Landslide,South,17721,82.72,66.56,7.4,30.91,3.73,14538,13596,63374,1894,9048
Z2911,Landslide,Central,6053,30.43,46.95,10.25,13.51,5.39,2592,2098,9805,254,1411
Z2912,Cyclone,South,4983,78.6,68.55,18.41,9.55,13.25,3934,3782,17630,525,2526
Z2913,Wildfire,Central,23861,36.46,29.93,18.36,33.81,14.86,11297,9128,42998,985,6124
Z2914,Wildfire,East,11683,22.93,17.98,9.21,33.94,4.69,4346,2998,14095,294,2054
Z2915,Flood,South,20654,74.09,68.9,23.27,25.55,3.32,15608,15317,71808,2158,10197
Z2916,Flood,East,22173,49.51,68.83,5.38,32.85,2.0,12668,11906,55377,1682,7944
Z2917,Earthquake,North,31236,7.97,30.34,19.82,9.86,11.55,8114,6178,28865,673,4125
Z2918,Cyclone,Central,47312,96.19,87.66,14.49,18.81,8.39,43594,45858,214203,6989,30583
Z2919,Earthquake,East,42545,19.04,47.63,6.43,11.12,8.79,14584,11811,55200,1467,7894
Z2920,Earthquake,East,19226,38.57,49.42,20.13,19.36,1.63,9407,7977,37190,1012,5306
Z2921,Flood,East,16616,41.56,38.08,21.17,28.74,2.13,8502,6911,32359,796,4626
Z2922,Wildfire,West,38654,51.5,55.67,14.88,30.35,13.8,22661,21144,98758,2768,14145
Z2923,Landslide,West,6620,79.62,83.28,24.55,5.12,9.07,5277,5401,25587,805,3595
Z2924,Flood,West,27254,5.58,34.43,16.75,16.69,4.07,6591,5100,23474,575,3340
Z2925,Cyclone,North,21439,93.58,85.45,10.72,34.82,3.9,19335,20382,95136,3081,13573
Z2926,Cyclone,West,9549,66.37,55.95,28.75,22.68,4.37,6663,6170,28602,811,4137
Z2927,Cyclone,West,31014,95.31,74.99,28.49,13.89,1.89,28372,28132,131187,4069,18746
Z2928,Cyclone,Central,16376,82.65,69.03,5.58,16.67,1.7,13426,12077,56188,1707,8033
Z2929,Cyclone,South,9687,93.14,75.61,28.54,14.68,11.08,8704,8975,42057,1304,6001
Z2930,Wildfire,Central,32833,62.1,73.17,23.94,18.43,4.69,21859,21698,101000,3118,14389
Z2931,Cyclone,Central,9122,38.94,18.25,5.88,18.33,6.38,4488,3018,13922,278,1987
Z2932,Cyclone,North,33806,47.08,51.26,17.02,20.21,8.52,18698,16350,76247,2095,10941
Z2933,Earthquake,Central,8523,67.51,61.18,3.94,18.94,5.48,6020,5267,24671,711,3499
Z2934,Cyclone,Central,22021,45.56,33.6,18.9,20.48,7.7,11929,9402,43754,1044,6245
Z2935,Landslide,Central,40496,74.51,74.04,28.2,5.84,13.11,30729,30921,144631,4470,20667
Z2936,Cyclone,Central,11818,13.73,23.86,12.94,6.63,4.42,3581,2465,11353,247,1644
Z2937,Cyclone,South,38498,83.85,66.83,16.73,16.13,12.08,31910,30613,142863,4271,20389
Z2938,Landslide,North,36235,24.4,60.61,9.14,31.55,4.7,13878,12689,59201,1712,8482
Z2939,Earthquake,West,45182,94.68,89.19,17.61,28.72,3.62,41120,44346,206940,6798,29590
Z2940,Flood,East,8859,19.78,42.77,24.67,8.3,2.02,3086,2493,11555,300,1632
Z2941,Earthquake,Central,35898,17.27,39.07,8.81,19.84,10.58,11829,9403,43770,1106,6279
Z2942,Earthquake,East,46866,82.13,68.2,17.94,23.14,6.76,38241,37007,172907,5194,24655
Z2943,Wildfire,North,38270,82.78,94.52,12.58,19.44,11.79,31414,34501,161056,5380,23010
Z2944,Earthquake,East,9801,75.18,75.98,23.19,25.93,2.86,7486,7601,35516,1108,5071
Z2945,Wildfire,South,41197,96.25,68.94,21.96,34.92,9.45,37978,38833,181259,5479,25884
Z2946,Cyclone,Central,5812,30.7,25.08,21.87,7.89,1.18,2501,1781,8538,169,1145
Z2947,Landslide,West,29648,83.53,77.74,13.2,20.47,4.27,24503,24212,112892,3532,16080
Z2948,Cyclone,Central,25134,38.44,45.47,19.18,20.37,9.54,12273,10503,48993,1282,6995
Z2949,Flood,West,26788,56.05,38.68,20.58,21.87,1.78,16619,13330,62006,1549,8863
Z2950,Wildfire,North,26218,47.33,56.17,21.38,10.01,6.28,14550,12828,59758,1671,8542
Z2951,Cyclone,Central,2058,5.56,24.83,18.53,24.15,8.86,497,420,1468,43,247
Z2952,Cyclone,North,25656,59.57,64.13,26.4,6.33,11.19,16594,15648,73138,2157,10503
Z2953,Earthquake,South,46869,76.01,72.11,9.72,27.23,10.88,36093,35666,166745,5090,23797
Z2954,Flood,North,22115,21.58,29.57,4.51,24.89,3.07,8002,5819,27231,614,3904
Z2955,Flood,North,14207,93.51,84.02,28.99,14.91,2.05,12805,13378,62445,2007,8934
Z2956,Cyclone,Central,49744,55.39,49.49,4.64,34.67,6.27,30614,26224,122603,3304,17542
Z2957,Earthquake,North,5400,21.93,31.87,27.38,29.86,4.37,1968,1585,7480,181,1040
Z2958,Cyclone,North,24571,66.37,55.12,19.53,21.19,5.28,17145,15313,71604,2006,10214
Z2959,Wildfire,North,25874,23.23,51.35,27.81,34.72,5.79,9683,9006,41605,1154,5984
Z2960,Landslide,West,24158,11.04,27.71,18.25,29.9,6.56,6832,5262,24552,543,3541
Z2961,Landslide,South,46126,70.1,80.02,25.17,9.14,8.26,33476,34108,159694,5059,22777
Z2962,Landslide,West,21377,15.52,54.94,22.47,22.73,1.13,6764,5990,28035,781,4007
Z2963,Flood,South,48679,15.09,24.43,17.18,22.43,5.17,15245,11118,51600,1127,7461
Z2964,Landslide,South,3807,75.29,31.36,12.81,24.59,4.7,2911,2229,10192,244,1466
Z2965,Wildfire,North,36830,10.24,43.17,3.08,33.22,4.31,10195,8294,38391,999,5534
Z2966,Wildfire,South,29851,81.93,65.96,9.77,19.76,12.04,24313,22916,106917,3192,15302
Z2967,Flood,South,12407,80.63,58.95,28.7,7.32,4.52,9984,9020,41893,1208,6018
Z2968,Flood,Central,11784,18.43,28.07,10.44,19.38,3.11,3986,2852,13572,300,1917
Z2969,Wildfire,East,36124,54.25,49.86,23.3,28.63,12.93,21923,20186,94081,2555,13440
Z2970,Landslide,East,32062,14.18,48.37,16.73,15.76,6.36,9822,8290,38669,1045,5504
Z2971,Flood,Central,30753,65.09,62.72,11.33,5.81,3.58,21163,18354,85743,2505,12245
Z2972,Wildfire,East,3016,10.98,46.44,29.76,14.1,11.52,852,784,3412,103,494
Z2973,Wildfire,Central,30095,94.73,83.03,4.27,25.46,10.2,27401,28028,130689,4194,18695
Z2974,Earthquake,South,49079,24.73,34.89,18.72,7.58,14.23,18919,14869,69713,1675,9933
Z2975,Earthquake,Central,1357,69.87,58.74,15.46,16.28,13.29,983,898,4298,121,612
Z2976,Landslide,North,23716,17.19,41.19,5.07,8.99,10.72,7801,6089,28351,719,4036
Z2977,Earthquake,East,24972,24.91,48.55,8.78,19.28,3.25,9660,7924,36859,991,5304
Z2978,Flood,East,44890,47.84,63.27,21.74,9.25,7.76,25085,23111,107878,3163,15432
Z2979,Landslide,Central,14501,59.44,54.55,5.92,8.27,2.66,9365,7680,35458,987,5023
Z2980,Cyclone,South,24040,99.89,82.04,24.63,25.93,8.69,22818,24524,114806,3664,16349
Z2981,Earthquake,South,36001,7.46,36.11,19.88,9.74,13.83,9214,7311,34088,848,4906
Z2982,Earthquake,South,3486,5.03,23.16,5.72,9.64,1.05,829,574,2702,61,372
Z2983,Cyclone,West,40154,38.28,32.43,10.74,22.78,13.26,19559,15278,71468,1688,10211
Z2984,Earthquake,South,41200,39.78,37.2,6.7,6.31,8.55,20532,15377,71467,1777,10275
Z2985,Flood,East,36123,88.96,71.04,24.54,5.99,3.12,31326,29626,138212,4211,19732
Z2986,Landslide,West,32585,91.7,83.38,17.39,17.94,12.98,28927,30513,142518,4575,20324
Z2987,Earthquake,South,37507,88.65,88.87,3.08,15.95,8.52,32439,32912,153395,5038,21946
Z2988,Cyclone,South,39197,18.6,18.96,17.66,21.34,7.27,13307,9446,43964,890,6297
Z2989,Earthquake,North,45218,44.15,42.11,16.04,34.8,8.0,24016,20549,95692,2454,13690
Z2990,Flood,North,21694,75.86,62.43,20.36,18.04,3.06,16682,15311,71441,2094,10214
Z2991,Cyclone,Central,23075,34.7,53.62,3.94,22.28,2.58,10620,8948,41404,1160,5916
Z2992,Landslide,Central,32078,68.01,56.07,3.96,32.58,10.26,22778,20497,95531,2684,13685
Z2993,Cyclone,North,10058,27.53,34.98,12.43,19.5,13.33,4088,3252,14949,364,2154
Z2994,Cyclone,East,42884,35.72,27.7,21.59,28.43,10.72,20065,15802,73670,1632,10519
Z2995,Landslide,North,38641,86.74,78.51,21.0,21.46,12.77,32866,34529,161072,5076,23012
Z2996,Flood,Central,31738,28.8,38.9,10.51,24.12,12.83,13203,10818,50370,1258,7191
Z2997,Landslide,West,15432,96.61,70.29,8.83,32.98,1.45,14268,13618,63602,1949,9103
Z2998,Wildfire,West,17710,34.09,40.64,21.44,5.02,11.79,8070,6561,30483,785,4358
Z2999,Flood,South,22031,7.24,42.51,3.73,32.03,11.81,5602,4668,21654,567,3135
Z3000,Wildfire,South,33295,29.22,29.01,18.03,19.93,5.9,13956,10497,48962,1112,7024
Z3001,Cyclone,Central,39013,21.26,26.59,14.45,23.2,6.74,14023,10406,48792,1071,6955
Z3002,Earthquake,East,33757,53.15,69.26,9.46,18.5,11.44,20208,19281,90087,2712,12835
Z3003,Earthquake,East,46532,15.71,34.55,17.05,12.83,14.81,14789,11769,54619,1329,7798
Z3004,Wildfire,Central,48050,64.47,68.5,8.86,6.98,14.83,32843,30624,142643,4299,20411
Z3005,Cyclone,Central,35393,88.12,78.29,18.24,33.35,7.63,30470,32011,149220,4705,21369
Z3006,Wildfire,South,18860,39.44,46.27,7.02,23.72,12.05,9351,7859,36699,966,5267
Z3007,Landslide,North,30154,21.01,32.38,13.95,31.2,7.52,10782,8505,39712,927,5656
Z3008,Cyclone,South,21541,43.0,58.63,16.78,13.72,13.12,11255,10256,48035,1377,6875
Z3009,Flood,West,31640,79.67,82.77,3.86,13.34,10.1,25234,24870,116167,3726,16580
Z3010,Wildfire,North,40700,61.19,71.66,19.49,15.07,14.11,26818,26742,124876,3801,17846
Z3011,Earthquake,South,18782,14.61,18.81,23.26,11.93,14.96,5814,4188,19437,386,2805
Z3012,Landslide,Central,25535,56.03,71.48,28.81,19.94,5.62,15837,15920,74435,2270,10597
Z3013,Flood,East,2759,49.47,47.91,8.48,33.09,14.71,1575,1376,6476,174,919
Z3014,Wildfire,South,36961,36.08,35.78,8.63,31.28,10.7,17394,13925,65318,1586,9327
Z3015,Flood,East,24748,15.47,31.48,11.23,19.85,4.33,7821,5789,27113,641,3889
Z3016,Flood,Central,23256,98.21,88.99,27.05,15.46,1.04,21781,23095,107823,3527,15376
Z3017,Earthquake,South,26855,21.72,43.43,13.99,23.35,10.57,9746,8176,38536,986,5473
Z3018,Landslide,East,11167,23.31,34.76,11.15,23.37,4.11,4186,3186,14862,366,2167
Z3019,Wildfire,West,30099,18.83,45.41,23.01,25.51,4.24,10271,8860,40949,1076,5891
Z3020,Earthquake,East,37388,59.17,59.22,4.03,21.07,8.73,24069,21292,99138,2853,14187
Z3021,Cyclone,Central,17809,47.15,44.06,17.82,5.8,1.43,9860,7745,36099,932,5155
Z3022,Landslide,East,6992,28.71,32.29,15.16,7.28,6.83,2904,2158,9965,230,1437
Z3023,Wildfire,West,19648,45.8,55.11,19.87,34.21,12.19,10679,10122,47112,1311,6750
Z3024,Earthquake,South,10330,68.98,61.95,22.74,27.39,1.38,7410,6925,32456,930,4640
Z3025,Flood,North,19010,31.76,25.96,11.77,33.45,9.74,8330,6363,29809,649,4244
Z3026,Landslide,South,31528,91.95,85.74,20.18,15.19,3.22,28048,28907,134777,4377,19255
Z3027,Flood,North,6113,34.1,37.99,17.16,21.05,13.08,2786,2243,10681,264,1491
Z3028,Wildfire,West,37490,23.83,57.21,6.62,14.66,6.47,14198,12184,56885,1623,8135
Z3029,Cyclone,East,11618,95.68,60.79,26.81,32.27,12.37,10661,10619,49612,1431,7081
Z3030,Cyclone,West,44787,82.0,67.93,23.37,13.63,11.13,36501,35551,166150,4971,23709
Z3031,Cyclone,West,36756,37.6,37.28,27.88,25.81,13.29,17716,15207,70758,1747,10080
Z3032,Cyclone,East,13993,84.94,60.01,22.45,10.25,8.24,11713,10725,49820,1428,7101
Z3033,Flood,Central,28380,54.29,49.02,9.61,8.16,7.81,17232,14037,65400,1769,9350
Z3034,Flood,East,5980,37.94,67.11,14.62,9.67,1.52,2898,2600,12269,346,1725
Z3035,Earthquake,West,5437,84.76,73.34,13.45,20.88,8.47,4544,4451,20685,639,2963
Z3036,Earthquake,West,47825,76.46,57.55,3.97,30.34,8.31,36990,33111,154457,4403,22060
Z3037,Wildfire,West,40221,33.3,21.37,14.08,34.98,9.49,18089,13426,62791,1318,9009
Z3038,Wildfire,East,8144,62.63,38.79,12.33,23.68,2.83,5454,4312,20296,499,2896
Z3039,Earthquake,East,14493,40.09,40.61,3.11,21.01,8.56,7256,5762,26769,675,3814
Z3040,Landslide,Central,10284,5.1,20.2,25.87,28.61,7.36,2450,1864,8511,172,1216
Z3041,Cyclone,Central,20060,96.37,75.31,6.88,6.91,9.34,18511,17400,80961,2520,11623
Z3042,Landslide,North,14921,57.21,29.2,16.53,29.28,10.25,9386,7283,34495,789,4928
Z3043,Landslide,Central,16739,61.85,57.92,24.19,27.75,6.06,11113,10388,48688,1382,6942
Z3044,Wildfire,Central,26705,61.99,71.43,19.32,20.89,8.06,17757,17560,81780,2495,11694
Z3045,Wildfire,East,9858,57.31,75.99,7.57,5.69,6.53,6209,5816,27036,828,3847
Z3046,Cyclone,East,44200,32.55,20.17,19.69,11.07,11.72,19630,13973,65077,1347,9301
Z3047,Wildfire,East,36519,97.3,68.9,23.46,16.09,12.15,33954,33593,156688,4733,22397
Z3048,Cyclone,East,38147,64.06,49.98,26.08,33.24,5.1,25957,23664,110175,2983,15752
Z3049,Flood,North,8889,68.74,64.56,11.6,24.15,4.63,6361,5901,27351,818,3926
Z3050,Earthquake,South,35554,48.21,36.88,3.92,20.3,10.5,19966,15505,72057,1774,10322
Z3051,Landslide,Central,41894,32.35,62.98,19.41,19.65,11.84,18543,17645,82373,2413,11823
Z3052,Flood,East,9171,11.11,31.63,9.1,28.4,1.15,2598,1954,9225,219,1281
Z3053,Wildfire,South,37689,38.27,44.57,24.08,14.71,6.98,18355,15491,72183,1881,10317
Z3054,Wildfire,South,18205,21.73,56.06,21.36,7.84,5.31,6608,5777,26774,745,3821
Z3055,Earthquake,West,39485,67.9,62.15,23.88,25.31,11.73,28005,27343,127622,3728,18217
Z3056,Wildfire,East,24181,88.51,78.48,29.12,14.87,3.01,20888,21280,99350,3123,14207
Z3057,Landslide,East,40210,33.76,34.56,18.78,14.77,11.9,18223,14432,67291,1645,9631
Z3058,Earthquake,South,7797,36.62,28.69,27.42,18.64,10.26,3701,2935,13351,304,1927
Z3059,Wildfire,North,19759,68.68,55.45,20.33,12.28,12.8,14130,12740,59581,1656,8510
Z3060,Cyclone,South,14035,19.18,61.79,7.91,32.65,14.86,4826,4602,21847,642,3114
Z3061,Cyclone,East,12794,93.3,83.91,24.58,30.41,7.67,11511,12578,58756,1892,8382
Z3062,Cyclone,South,15762,39.57,50.06,21.73,34.73,10.79,7830,7219,33837,916,4824
Z3063,Wildfire,East,19430,14.61,21.32,29.4,33.94,10.94,6015,4643,21824,460,3142
Z3064,Landslide,Central,6800,21.59,47.81,9.57,14.43,12.82,2461,2085,9782,247,1370
Z3065,Cyclone,North,35501,93.61,60.19,11.99,16.42,8.25,32025,28754,134184,3857,19207
Z3066,Landslide,Central,27737,28.48,21.86,25.18,25.95,2.51,11472,8440,38928,842,5654
Z3067,Landslide,North,41549,67.92,55.65,4.7,5.48,14.71,29475,25067,117120,3284,16769
Z3068,Flood,East,35399,19.84,59.37,20.1,34.82,1.8,12347,11591,54013,1564,7735
Z3069,Cyclone,West,7877,23.44,60.67,17.46,5.33,14.47,2960,2731,12753,368,1764
Z3070,Landslide,South,3961,88.53,68.28,7.56,20.94,4.58,3422,3172,14728,445,2081
Z3071,Flood,South,21429,19.06,27.39,7.46,25.06,7.89,7349,5416,25278,563,3609
Z3072,Landslide,East,24316,6.78,9.04,24.88,32.42,14.31,6100,4331,20020,367,2859
Z3073,Flood,North,12392,52.62,54.88,3.42,24.32,10.47,7369,6472,30286,835,4306
Z3074,Flood,Central,39220,86.96,74.77,23.16,22.91,9.2,33423,34311,160281,4960,22808
Z3075,Earthquake,South,29288,35.97,54.26,22.78,14.01,5.56,13759,12151,56535,1585,8103
Z3076,Landslide,West,37526,17.18,45.38,20.54,22.73,5.09,12340,10506,48610,1278,6973
Z3077,Flood,South,5896,98.31,76.7,14.06,27.49,1.46,5526,5492,25271,791,3638
Z3078,Cyclone,Central,40846,69.29,69.78,3.76,20.47,9.21,29396,27505,128540,3894,18388
Z3079,Flood,North,10701,85.82,63.79,24.65,28.39,7.02,9028,8851,41179,1217,5874
Z3080,Wildfire,West,22688,76.45,73.49,6.39,7.09,4.14,17546,15946,74312,2311,10600
Z3081,Landslide,West,22249,71.33,58.14,10.58,15.06,6.38,16352,14291,66726,1919,9536
Z3082,Wildfire,West,41118,41.53,53.36,28.56,33.79,14.17,21031,20360,94815,2620,13579
Z3083,Earthquake,North,14204,35.81,49.24,11.15,14.7,12.88,6656,5695,26581,723,3777
Z3084,Cyclone,North,12417,73.11,66.04,9.89,23.66,7.03,9292,8732,40487,1199,5839
Z3085,Earthquake,Central,17311,73.09,74.73,29.28,20.6,14.72,12952,13728,63897,1979,9155
Z3086,Earthquake,South,18360,95.31,58.58,5.32,33.1,7.47,16796,15296,71124,2032,10189
Z3087,Cyclone,Central,9493,59.02,44.68,7.34,9.88,5.89,6101,4796,22303,580,3201
Z3088,Wildfire,Central,9229,32.99,39.9,14.83,13.98,6.43,4129,3301,15297,375,2203
Z3089,Wildfire,West,11951,51.51,36.01,24.27,30.87,13.24,7007,5961,27968,659,3964
Z3090,Earthquake,North,23640,63.3,54.93,26.88,24.99,4.75,15951,14650,68593,1927,9754
Z3091,Earthquake,South,17496,45.54,45.55,23.4,21.29,4.11,9475,8101,37603,996,5384
Z3092,Cyclone,North,19907,80.16,84.8,29.36,16.85,14.45,15949,17602,82182,2657,11750
Z3093,Landslide,North,36093,60.54,60.01,3.45,17.34,11.28,23607,20908,97561,2808,13965
Z3094,Earthquake,Central,12426,5.9,40.6,19.73,33.05,11.69,3035,2591,11971,320,1736
Z3095,Flood,East,45540,59.13,61.14,6.14,25.13,11.36,29304,26949,125611,3645,17954
Z3096,Flood,West,37713,65.19,54.43,27.58,32.87,10.56,25981,24895,115875,3234,16540
Z3097,Earthquake,North,9147,91.95,77.18,28.25,34.17,2.28,8137,8610,40317,1245,5724
Z3098,Wildfire,North,16035,44.3,58.12,11.18,21.41,11.55,8535,7731,36164,1037,5157
Z3099,Landslide,East,9585,59.57,72.08,25.35,23.3,4.48,6199,6206,29076,885,4148
Z3100,Earthquake,East,14004,50.12,50.98,20.02,24.69,2.85,8065,7032,32778,899,4683
Z3101,Cyclone,East,18592,55.51,35.76,5.71,30.18,14.76,11459,9225,43069,1052,6140
Z3102,Landslide,North,6979,11.39,10.65,19.27,24.77,1.39,1992,1298,6205,114,862
Z3103,Earthquake,South,1214,90.24,70.72,29.35,8.44,1.44,1064,1031,4792,146,691
Z3104,Landslide,North,22222,91.49,47.26,11.32,33.27,5.34,19693,16886,78922,2098,11270
Z3105,Landslide,North,35199,57.07,77.93,3.03,24.83,12.82,22106,22129,103222,3251,14733
Z3106,Landslide,South,15497,57.87,63.99,29.37,31.1,14.69,9825,10037,47166,1393,6738
Z3107,Flood,West,43093,10.47,23.13,14.18,17.74,2.66,12002,8459,39377,852,5643
Z3108,Flood,West,18779,61.81,45.68,14.64,19.24,6.54,12461,10354,48036,1265,6927
Z3109,Cyclone,Central,45090,45.77,62.51,22.24,25.67,11.28,24496,23834,111084,3257,15829
Z3110,Cyclone,South,12182,72.36,51.43,19.32,28.29,10.04,9048,8202,38405,1035,5469
Z3111,Earthquake,East,27197,9.48,18.0,11.15,7.35,4.27,7373,4837,22372,459,3215
Z3112,Wildfire,Central,38276,72.53,55.7,5.7,17.22,5.61,28476,24198,112804,3176,16110
Z3113,Earthquake,East,3422,32.25,44.11,25.34,28.1,9.32,1512,1310,6181,168,860
Z3114,Earthquake,North,46536,66.91,69.25,16.05,34.77,1.5,32660,31875,148916,4514,21278
Z3115,Flood,East,18565,64.58,74.83,21.16,5.35,11.62,12705,12508,58299,1813,8342
Z3116,Flood,North,25148,26.55,52.14,26.23,12.94,4.86,10037,8820,41200,1128,5860
Z3117,Earthquake,South,31608,46.84,50.77,3.48,18.95,12.6,17425,14791,69249,1881,9840
Z3118,Landslide,South,32329,84.39,83.66,26.2,11.69,10.57,26928,28484,132743,4278,19026
Z3119,Cyclone,Central,1671,62.53,51.34,23.3,5.81,10.04,1118,969,4455,133,620
Z3120,Landslide,West,43425,11.53,9.49,28.56,21.19,11.74,12440,8588,39746,701,5709
Z3121,Landslide,West,31369,47.08,42.84,9.31,24.48,2.05,17350,13880,64913,1655,9253
Z3122,Cyclone,Central,49943,34.62,34.37,11.71,17.48,4.64,22956,17385,81032,1957,11560
Z3123,Cyclone,Central,23840,65.96,53.69,20.86,16.1,8.3,16562,14730,68580,1915,9790
Z3124,Earthquake,South,30869,63.38,48.35,28.0,34.57,11.88,20847,19413,90848,2434,12975
Z3125,Flood,East,22333,5.99,22.76,29.8,19.33,12.89,5470,4179,19345,410,2775
Z3126,Earthquake,East,44544,62.73,66.94,14.25,28.94,6.35,29866,28779,133950,4004,19185
Z3127,Cyclone,North,41704,74.81,86.73,17.56,13.62,12.11,31740,33619,156490,5100,22417
Z3128,Earthquake,North,45477,78.03,47.21,7.6,29.91,4.08,35710,29913,139636,3715,19917
Z3129,Flood,South,25462,10.6,15.38,21.74,29.71,2.15,7117,5005,23343,432,3284
Z3130,Cyclone,North,39677,33.85,34.12,25.61,13.03,4.45,18008,14003,65461,1574,9359
Z3131,Cyclone,West,18260,45.02,58.95,24.56,24.68,13.64,9817,9483,44028,1268,6275
Z3132,Wildfire,North,23316,22.08,34.68,12.34,25.46,8.62,8524,6712,31507,767,4473
Z3133,Wildfire,South,38131,44.97,41.04,29.01,18.28,7.74,20487,17289,81236,2062,11551
Z3134,Landslide,North,4517,11.76,40.07,6.25,28.21,11.41,1302,1044,4927,119,726
Z3135,Cyclone,East,35669,15.76,45.14,16.34,14.21,1.14,11350,9124,42434,1105,6085
Z3136,Landslide,Central,1282,68.53,62.47,17.97,19.53,2.66,915,829,4088,107,545
Z3137,Wildfire,North,29242,29.94,31.67,17.49,34.7,2.39,12415,9731,45313,1077,6484
Z3138,Cyclone,West,24121,72.58,68.16,23.46,10.36,2.7,17954,16804,78365,2362,11194
Z3139,Earthquake,East,23700,9.57,27.46,19.46,9.43,7.35,6441,4779,21623,499,3158
Z3140,Landslide,Central,24969,58.46,54.26,5.08,9.27,4.93,15941,13049,61052,1699,8735
Z3141,Flood,East,24851,42.19,42.06,7.86,34.94,12.0,12834,10903,50558,1305,7250
Z3142,Cyclone,Central,20664,80.71,80.49,17.37,9.8,12.75,16641,16942,79255,2501,11308
Z3143,Wildfire,West,22842,79.48,71.71,21.75,10.71,13.95,18185,18041,84095,2585,12035
Z3144,Wildfire,West,28624,40.68,59.8,16.88,25.84,3.74,14458,13192,61916,1771,8802
Z3145,Landslide,East,38292,64.16,76.32,12.6,27.78,8.04,26085,26379,122997,3826,17551
Z3146,Cyclone,South,27832,26.62,45.15,4.38,20.81,1.68,11123,8755,41041,1095,5872
Z3147,Earthquake,East,32305,60.14,52.0,24.22,34.48,4.36,21032,19302,90056,2475,12826
Z3148,Earthquake,North,41913,12.72,44.48,16.42,6.17,9.61,12381,10092,46886,1225,6691
Z3149,Cyclone,West,49481,46.29,56.05,17.55,23.62,6.91,27075,24449,114150,3206,16319
Z3150,Cyclone,North,5878,22.36,68.54,15.66,23.19,10.67,2161,2141,9732,302,1387
Z3151,Earthquake,Central,35790,88.92,77.63,10.16,14.64,12.75,31026,30840,143994,4527,20526
Z3152,Earthquake,North,11646,47.27,59.37,10.46,31.98,1.83,6458,5784,26950,781,3867
Z3153,Landslide,North,10240,61.12,62.1,4.71,21.59,14.14,6742,6179,29229,852,4103
Z3154,Cyclone,North,39754,39.24,45.39,22.11,12.39,1.59,19650,16078,75032,1981,10728
Z3155,Cyclone,North,3900,32.43,39.73,10.34,7.65,14.74,1729,1380,6340,165,921
Z3156,Wildfire,North,42468,24.28,41.88,11.06,8.21,9.93,16227,12788,59904,1516,8537
Z3157,Wildfire,Central,38642,91.63,81.65,29.82,31.92,1.61,34284,36942,172301,5495,24600
Z3158,Landslide,West,49744,80.95,83.38,13.42,12.51,6.51,40150,40277,187836,6053,26861
Z3159,Landslide,South,33563,17.66,38.42,16.79,32.21,4.61,11158,9184,42571,1065,6115
Z3160,Earthquake,South,43710,75.94,61.21,13.43,8.6,12.18,33637,30350,141739,4114,20228
Z3161,Wildfire,South,6367,44.76,45.7,10.84,34.52,4.16,3411,2903,13482,349,1951
Z3162,Landslide,East,44550,6.46,12.68,3.16,30.0,12.57,11068,7485,34831,638,4975
Z3163,Cyclone,South,8436,55.19,75.29,26.08,8.49,5.37,5179,5125,24041,750,3409
Z3164,Flood,East,16060,17.35,28.05,15.78,7.58,14.85,5302,3975,18325,429,2614
Z3165,Cyclone,South,6845,24.94,50.33,22.44,29.1,4.79,2649,2367,11011,306,1545
Z3166,Landslide,South,20382,71.12,67.43,28.88,7.34,10.59,14948,14496,67410,2033,9634
Z3167,Flood,East,37576,29.43,44.83,3.08,12.87,12.2,15809,12694,59289,1555,8500
Z3168,Earthquake,North,13770,89.73,72.94,21.23,29.04,4.03,12021,12079,56456,1737,8049
Z3169,Landslide,East,41199,67.43,52.63,6.2,32.23,2.06,29075,25006,116567,3209,16653
Z3170,Landslide,East,30512,84.07,59.62,15.37,28.03,8.72,25341,23625,110406,3167,15785
Z3171,Earthquake,North,31632,63.44,80.63,25.86,31.7,10.48,21377,23384,109099,3483,15598
Z3172,Wildfire,Central,46971,87.54,74.51,4.93,21.8,12.44,40233,39410,184291,5699,26271
Z3173,Wildfire,Central,21876,39.36,60.15,29.72,28.39,4.82,10833,10449,48713,1410,6955
Z3174,Flood,West,17560,57.17,73.06,18.68,15.33,13.21,11041,11053,51549,1587,7367
Z3175,Flood,Central,49731,54.01,49.78,13.66,28.56,13.82,30091,26986,125590,3411,17945
Z3176,Landslide,Central,28072,90.86,80.06,3.53,25.39,11.91,24744,25020,116885,3707,16670
Z3177,Flood,West,30923,20.67,36.91,18.84,22.24,1.11,10978,8613,40260,996,5708
Z3178,Landslide,South,15167,59.92,44.07,16.36,34.77,2.22,9849,8342,39015,1008,5527
Z3179,Cyclone,South,11164,76.67,64.94,8.81,19.09,14.97,8652,8162,38262,1138,5421
Z3180,Landslide,Central,8905,40.15,54.13,16.24,23.58,11.28,4463,4055,18847,520,2712
Z3181,Flood,East,11566,87.42,67.09,3.35,20.3,9.78,9896,9111,42540,1278,6086
Z3182,Wildfire,West,10161,40.44,43.34,29.99,12.82,13.62,5114,4432,20352,527,2971
Z3183,Flood,Central,37463,21.46,34.72,11.97,14.91,1.55,13522,10115,46954,1132,6724
Z3184,Cyclone,Central,3368,60.48,83.6,15.97,34.36,11.6,2201,2407,11109,355,1607
Z3185,Wildfire,West,31655,44.95,27.71,24.19,16.76,10.17,17003,13017,60696,1370,8676
Z3186,Flood,South,47490,6.44,34.56,22.25,25.38,12.88,11792,9717,45605,1099,6485
Z3187,Landslide,North,38395,11.63,28.36,26.99,22.01,11.89,11028,8681,40921,925,5830
Z3188,Landslide,Central,20442,23.55,30.26,28.42,31.69,7.79,7699,6258,28934,691,4217
Z3189,Wildfire,North,3440,78.09,64.61,8.11,27.73,1.99,2703,2512,11553,347,1640
Z3190,Cyclone,East,41789,89.74,82.37,13.54,7.42,13.73,36484,36943,172415,5523,24663
Z3191,Earthquake,South,655,56.84,64.96,21.54,15.66,11.69,410,357,1892,54,260
Z3192,Wildfire,East,34226,15.03,35.5,4.22,26.36,5.99,10703,8198,38213,934,5462
Z3193,Flood,Central,33712,55.77,68.79,22.36,9.84,14.77,20843,20449,95238,2883,13634
Z3194,Landslide,East,10000,86.28,87.68,3.13,20.1,5.36,8471,8575,39963,1291,5726
Z3195,Flood,North,37124,76.2,76.71,27.68,14.53,6.19,28641,29130,136009,4257,19418
Z3196,Landslide,East,9185,32.65,36.4,22.39,6.94,14.65,4086,3247,15529,365,2172
Z3197,Flood,North,11669,16.77,40.16,18.27,34.91,10.35,3801,3259,15180,389,2183
Z3198,Earthquake,Central,40694,90.56,80.8,14.58,32.88,13.31,35778,38500,179238,5719,25642
Z3199,Wildfire,North,48967,86.14,62.59,29.68,27.43,13.43,41429,41652,194552,5689,27818
Z3200,Cyclone,Central,13603,10.1,11.72,22.89,11.03,8.51,3751,2499,11784,193,1678
Z3201,Flood,South,46107,83.25,46.51,24.8,34.66,4.74,38009,33836,157967,4170,22535
Z3202,Wildfire,West,45708,14.24,33.67,25.29,23.92,12.86,14023,11518,53818,1293,7730
Z3203,Cyclone,Central,38586,11.01,34.63,3.59,33.98,8.03,10903,8566,39699,941,5710
Z3204,Cyclone,North,7432,77.07,53.21,4.48,6.28,8.9,5782,4771,22245,619,3185
Z3205,Wildfire,Central,15321,55.95,68.32,8.36,10.2,8.58,9493,8631,40376,1228,5796
Z3206,Cyclone,East,34047,44.38,51.24,20.69,25.32,1.13,18142,15778,73740,2028,10561
Z3207,Cyclone,East,49962,90.87,91.17,19.85,32.22,1.64,44043,48315,226019,7462,32235
Z3208,Landslide,South,40817,84.73,76.05,11.78,10.27,9.63,34102,33005,154255,4806,21986
Z3209,Flood,Central,21303,10.47,17.96,29.27,14.51,12.12,5933,4296,20256,404,2879
Z3210,Flood,West,12145,63.53,65.44,5.51,22.65,7.4,8216,7554,35108,1033,5027
Z3211,Landslide,South,48037,78.37,76.14,23.97,34.99,3.67,37842,39572,184580,5770,26391
Z3212,Landslide,North,14172,57.3,49.94,15.98,28.99,6.69,8925,7851,36736,1005,5234
Z3213,Wildfire,Central,17440,98.39,61.81,14.31,32.71,11.76,16357,15792,73862,2150,10513
Z3214,Flood,West,48244,70.17,64.8,3.69,25.25,2.52,35038,31480,146799,4342,20979
Z3215,Flood,North,28302,14.89,21.18,22.65,31.32,8.84,8821,6637,30906,652,4425
Z3216,Wildfire,East,13597,23.84,51.56,23.83,20.21,10.83,5151,4659,21718,606,3065
Z3217,Flood,South,764,83.49,66.03,11.61,8.72,6.82,631,575,2449,88,400
Z3218,Cyclone,South,21783,99.69,100.0,16.96,26.29,9.42,20643,23757,110687,3786,15848
Z3219,Cyclone,East,49308,14.34,7.4,19.37,23.04,13.37,15165,10124,47121,784,6745
Z3220,Flood,North,21909,14.53,34.61,12.93,19.56,3.98,6769,5216,24206,584,3458
Z3221,Landslide,South,35127,77.52,84.79,19.62,13.25,2.89,27448,27893,130262,4214,18593
Z3222,Landslide,North,13025,11.11,20.43,14.72,28.53,1.85,3690,2642,12339,260,1728
Z3223,Earthquake,Central,38893,11.51,29.42,26.71,29.61,11.17,11136,9006,41848,969,6023
Z3224,Wildfire,Central,38902,89.44,69.36,22.4,15.93,13.61,33876,33694,156916,4768,22478
Z3225,Landslide,North,30611,81.04,61.37,5.98,32.83,10.67,24728,23173,108000,3122,15424
Z3226,Earthquake,East,38707,88.75,76.75,24.59,16.09,14.67,33506,34997,163228,5116,23322
Z3227,Earthquake,South,29152,66.8,46.19,12.11,8.23,10.91,20436,16700,77890,2066,11137
Z3228,Flood,East,19227,35.64,43.27,28.26,10.0,5.04,8985,7436,34904,907,4982
Z3229,Cyclone,East,37025,91.1,81.3,19.29,19.84,4.58,32702,33433,155942,4987,22297
Z3230,Cyclone,North,41839,33.38,40.78,3.74,7.4,10.33,18842,14449,67328,1704,9647
Z3231,Flood,West,42133,31.17,30.14,22.83,26.55,10.46,18276,14567,67948,1581,9720
Z3232,Landslide,West,11047,89.21,86.43,6.53,28.85,8.33,9601,10053,46935,1534,6724
Z3233,Earthquake,North,33992,69.68,72.09,26.69,21.48,8.38,24563,24993,116509,3567,16670
Z3234,Flood,South,713,90.09,62.06,28.6,31.8,6.83,624,610,2690,76,383
Z3235,Flood,North,28814,19.81,20.37,21.77,33.63,5.9,10044,7440,34762,720,5018
Z3236,Cyclone,South,28773,95.47,66.09,17.39,18.43,9.88,26357,25178,117577,3499,16790
Z3237,Wildfire,East,18493,63.21,66.31,19.26,7.67,11.47,12466,11744,55024,1634,7867
Z3238,Cyclone,West,49707,68.46,65.96,14.58,11.94,12.39,35463,33336,155198,4620,22181
Z3239,Landslide,West,44207,91.84,84.99,5.26,24.73,5.31,39291,39857,185822,6014,26547
Z3240,Wildfire,North,2412,41.17,43.73,28.08,17.17,13.01,1227,1079,4965,126,717
Z3241,Landslide,East,10837,73.36,54.25,11.89,25.55,5.24,8130,7133,33305,939,4778
Z3242,Wildfire,West,10796,65.83,72.23,11.45,25.0,5.27,7489,7202,33712,1051,4842
Z3243,Cyclone,Central,44930,79.84,62.27,8.17,23.16,12.28,35890,33307,155655,4535,22227
Z3244,Flood,Central,26186,90.21,76.85,29.8,9.73,14.57,22954,23973,111955,3502,15994
Z3245,Landslide,South,36580,69.61,44.69,28.45,13.58,14.05,26414,23054,108100,2825,15387
Z3246,Landslide,East,40592,11.43,24.45,12.43,16.34,2.56,11598,8092,37748,826,5411
Z3247,Cyclone,North,38497,22.4,49.43,10.02,29.73,5.04,14167,12146,56414,1522,8106
Z3248,Cyclone,South,4907,95.63,69.0,24.74,25.47,11.64,4501,4590,21637,651,3037
Z3249,Flood,South,7446,97.02,88.14,14.41,24.35,12.29,6907,7498,35010,1141,5000
Z3250,Cyclone,South,20064,96.9,50.32,29.13,25.16,8.06,18594,16981,79070,2154,11277
Z3251,Wildfire,Central,17250,8.5,22.96,27.33,20.1,1.23,4550,3336,15524,323,2215
Z3252,Flood,West,37480,41.33,45.68,23.51,6.19,8.03,19114,15906,73883,1958,10566
Z3253,Landslide,Central,8233,77.17,88.35,5.43,11.03,1.44,6412,6316,29279,954,4174
Z3254,Landslide,South,18891,76.52,53.06,21.96,9.21,4.94,14620,12647,58701,1633,8366
Z3255,Landslide,South,12210,13.16,40.29,29.66,6.92,10.2,3647,3033,14231,354,2010
Z3256,Wildfire,Central,9847,62.9,72.28,13.08,14.58,2.88,6615,6189,29066,884,4152
Z3257,Flood,North,9053,18.57,26.56,26.8,28.63,10.97,3071,2434,11494,256,1610
Z3258,Earthquake,West,10177,51.85,49.04,14.02,8.45,9.7,5993,5036,23346,620,3312
Z3259,Earthquake,West,28437,27.77,41.97,29.23,8.34,7.02,11610,9583,45064,1163,6419
Z3260,Flood,South,20797,10.05,12.75,20.65,8.73,6.21,5727,3793,17619,326,2523
Z3261,Flood,Central,22047,12.6,26.47,5.61,13.09,13.81,6493,4684,21800,481,3134
Z3262,Landslide,South,24231,91.53,90.65,15.93,11.07,8.74,21480,22616,105393,3481,15064
Z3263,Earthquake,South,37183,75.74,72.93,4.34,5.42,13.44,28558,26585,124053,3821,17724
Z3264,Wildfire,South,43160,93.52,74.55,13.67,13.3,6.77,38904,37400,174776,5422,24949
Z3265,Wildfire,South,26559,49.65,53.66,27.72,34.89,9.32,15202,14484,67423,1872,9659
Z3266,Landslide,South,32292,44.26,56.31,9.27,15.09,14.36,17178,15307,71304,2010,10148
Z3267,Wildfire,East,37059,39.05,55.75,28.67,11.34,2.74,18265,16233,75709,2134,10814
Z3268,Earthquake,Central,34675,63.55,53.28,5.7,19.87,4.68,23462,19789,91970,2567,13190
Z3269,Landslide,East,7146,38.4,64.54,20.95,11.88,13.83,3487,3316,15377,467,2224
Z3270,Wildfire,West,49158,75.9,82.54,29.07,21.79,6.91,37815,40591,189545,6086,27103
Z3271,Flood,West,8658,81.13,77.75,20.66,17.02,4.81,7000,7019,32838,1029,4695
Z3272,Cyclone,West,20886,88.21,63.4,27.27,31.91,14.96,17995,18368,85535,2527,12227
Z3273,Wildfire,South,32804,28.07,28.2,29.76,32.84,2.43,13467,10659,49410,1135,7097
Z3274,Cyclone,South,20466,55.07,51.37,20.33,26.39,9.56,12546,11325,53305,1452,7567
Z3275,Wildfire,South,12535,26.23,40.16,24.12,11.47,12.03,4973,4157,19378,491,2760
Z3276,Flood,South,46206,8.57,8.49,3.86,19.22,12.01,12211,7741,36253,616,5179
Z3277,Earthquake,Central,4040,72.24,70.67,14.54,14.16,7.19,2997,2832,13517,419,1896
Z3278,Flood,East,12671,57.15,71.88,10.78,28.95,1.62,7965,7621,35710,1091,5102
Z3279,Landslide,Central,49654,73.77,72.49,25.25,5.88,12.77,37403,37074,172844,5313,24690
Z3280,Cyclone,Central,36626,13.32,24.21,21.29,24.87,12.24,10984,8375,39334,853,5589
Z3281,Flood,West,4805,99.57,70.23,19.59,14.7,4.32,4549,4323,20415,603,2874
Z3282,Wildfire,West,37852,99.46,83.3,28.15,19.43,5.77,35806,38136,177935,5715,25405
Z3283,Cyclone,North,48491,49.17,50.2,5.4,14.69,8.18,27580,22828,106422,2890,15181
Z3284,Landslide,North,5340,87.28,78.32,28.75,15.94,2.6,4564,4652,21495,682,3088
Z3285,Landslide,West,20995,28.14,47.7,5.72,25.23,12.49,8630,7349,34275,917,4918
Z3286,Wildfire,Central,23677,75.07,79.39,12.37,22.86,13.91,18066,18720,87614,2776,12452
Z3287,Earthquake,Central,6985,88.53,60.11,20.02,12.32,5.31,6035,5418,25458,725,3626
Z3288,Cyclone,South,10428,82.39,72.97,12.22,6.31,13.94,8529,8175,37973,1165,5438
Z3289,Flood,West,9101,82.12,65.8,21.43,30.68,12.21,7426,7442,34692,1029,4950
Z3290,Landslide,West,9676,48.99,50.76,23.94,19.77,11.19,5490,4959,23268,634,3276
Z3291,Earthquake,North,20475,82.9,80.97,25.37,23.56,14.57,16825,18329,85613,2731,12230
Z3292,Landslide,Central,23459,70.62,75.52,7.84,19.65,5.55,17117,16486,76804,2395,10923
Z3293,Flood,South,12280,17.58,51.45,7.92,23.57,13.82,4075,3575,16729,465,2389
Z3294,Earthquake,West,14827,15.85,38.82,4.41,23.81,2.38,4728,3622,16932,425,2422
Z3295,Cyclone,South,10015,78.33,66.76,16.25,5.45,7.69,7887,7244,33578,1002,4789
Z3296,Flood,Central,39905,64.42,57.4,6.71,21.0,8.73,27261,24040,112058,3180,16030
Z3297,Flood,East,10982,54.34,34.07,11.6,20.06,2.72,6672,5034,23659,553,3334
Z3298,Wildfire,Central,45427,91.19,91.23,25.69,7.87,11.32,40154,43745,204173,6754,29162
Z3299,Cyclone,Central,27173,67.66,58.35,28.61,27.38,7.65,19224,18458,86072,2463,12256
Z3300,Flood,North,40235,42.63,54.52,25.2,12.08,7.38,20911,18656,87106,2433,12473
Z3301,Flood,East,32002,44.32,57.52,3.02,6.64,9.14,17038,14343,66999,1899,9558
Z3302,Wildfire,West,13668,62.5,44.43,18.34,29.09,2.89,9140,7710,36074,932,5149
Z3303,Flood,Central,30268,77.23,56.4,7.5,30.95,3.8,23586,20898,97520,2772,13895
Z3304,Wildfire,West,14069,58.61,75.8,13.15,12.22,3.53,8998,8567,39978,1239,5702
Z3305,Earthquake,West,6368,53.33,57.82,14.55,25.63,14.33,3821,3599,16551,477,2380
Z3306,Flood,South,13109,74.06,58.77,28.46,5.15,11.82,9903,9158,42589,1229,6094
Z3307,Wildfire,North,14144,72.0,63.08,20.11,26.63,8.41,10467,10035,47031,1377,6714
Z3308,Flood,Central,7184,83.88,84.17,10.23,18.94,10.23,5956,6131,28705,916,4091
Z3309,Wildfire,North,1668,10.94,42.23,20.36,28.77,10.1,470,428,2104,55,276
Z3310,Landslide,Central,47218,76.72,49.6,28.7,16.79,4.67,36613,32129,149736,4045,21397
Z3311,Wildfire,North,25914,53.81,74.21,4.6,15.53,2.21,15641,14442,67283,2095,9614
Z3312,Cyclone,South,20401,12.1,43.25,25.03,30.22,8.77,5932,5201,24239,630,3453
Z3313,Wildfire,Central,46533,69.51,61.4,8.86,6.16,4.68,33565,28832,134612,3903,19174
Z3314,Landslide,South,11622,73.07,50.89,7.13,10.61,13.23,8694,7301,34206,921,4916
Z3315,Flood,South,20442,54.74,67.76,27.27,17.36,4.3,12481,12049,56464,1685,8066
Z3316,Earthquake,South,42411,80.41,74.94,3.05,22.89,9.02,34059,32882,153476,4765,21962
Z3317,Flood,West,31786,33.52,25.94,23.01,5.15,6.88,14348,10406,48389,1084,6912
Z3318,Wildfire,South,20260,24.18,35.51,5.36,22.25,11.4,7726,5987,27851,684,4058
Z3319,Cyclone,West,13163,38.32,83.59,19.69,16.35,14.31,6416,6799,31713,1029,4559
Z3320,Cyclone,East,2238,43.95,49.37,19.76,23.9,6.76,1185,994,4866,134,714
Z3321,Wildfire,Central,4710,71.11,55.21,26.29,32.21,1.62,3454,3213,14918,437,2131
Z3322,Cyclone,West,8516,85.32,59.82,25.21,18.23,10.26,7153,6719,31551,905,4507
Z3323,Wildfire,East,39438,73.49,86.68,21.5,21.64,2.81,29625,31265,145980,4760,20832
Z3324,Wildfire,North,32143,21.53,47.01,13.27,18.88,2.46,11619,9527,44510,1180,6347
Z3325,Earthquake,East,21957,39.79,63.77,7.49,8.56,10.26,10944,9738,45483,1335,6525
Z3326,Landslide,East,39254,20.05,39.01,20.16,28.79,2.44,13754,11228,52483,1314,7502
Z3327,Flood,Central,8458,70.24,78.68,16.42,31.56,2.8,6147,6299,29408,926,4212
Z3328,Landslide,South,10941,28.58,30.54,5.1,29.34,7.15,4533,3398,15890,374,2296
Z3329,Cyclone,South,19940,54.91,57.15,28.8,33.43,7.33,12200,11776,55115,1541,7879
Z3330,Wildfire,Central,45911,80.22,72.57,11.49,19.04,13.79,36805,36347,169573,5211,24233
Z3331,Flood,Central,30905,68.74,79.4,3.06,24.57,4.87,22114,21601,100772,3183,14360
Z3332,Wildfire,Central,42625,33.35,47.17,27.35,10.05,6.61,19187,16371,76165,2025,10892
Z3333,Cyclone,North,12784,36.62,37.63,18.58,34.3,10.91,6068,5132,24089,582,3418
Z3334,Wildfire,North,42495,67.07,62.66,22.79,22.42,12.58,29875,28991,135631,3959,19345
Z3335,Wildfire,South,4087,57.2,36.34,7.12,12.85,5.89,2571,1941,8800,216,1313
Z3336,Wildfire,South,11769,14.16,4.94,13.92,29.16,9.84,3604,2345,10925,171,1575
Z3337,Earthquake,South,26390,88.03,83.39,20.42,22.59,9.74,22701,24173,112815,3614,16116
Z3338,Flood,Central,3001,53.7,50.04,9.78,33.49,5.24,1809,1565,7378,200,1097
Z3339,Flood,East,42984,49.97,49.35,21.94,28.1,2.66,24706,21713,101108,2724,14427
Z3340,Wildfire,South,43438,23.85,48.09,9.31,31.32,10.56,16458,14294,66519,1778,9545
Z3341,Landslide,West,27303,40.81,64.21,8.65,21.4,4.75,13817,12562,58677,1723,8344
Z3342,Wildfire,Central,15637,36.62,51.55,3.31,20.52,5.46,7422,6193,28947,783,4080
Z3343,Earthquake,East,5398,30.72,65.03,10.61,27.72,9.01,2323,2196,10473,305,1446
Z3344,Cyclone,North,31136,58.9,63.43,9.66,8.15,3.25,19982,17370,80939,2378,11603
Z3345,Flood,East,27115,48.92,55.53,23.64,6.62,4.38,15371,13358,62377,1742,8927
Z3346,Landslide,South,38119,89.47,77.09,18.38,34.51,7.25,33203,34754,162104,5075,23152
Z3347,Wildfire,North,30326,94.43,61.51,7.8,32.49,13.3,27543,26183,121797,3537,17443
Z3348,Landslide,West,6850,25.85,50.69,18.34,33.67,11.81,2698,2471,11459,324,1666
Z3349,Wildfire,West,6527,14.51,3.63,9.09,6.87,5.45,2016,1253,5322,96,743
Z3350,Cyclone,South,39152,79.61,61.75,14.49,13.08,5.23,31207,27888,130245,3802,18635
Z3351,Cyclone,South,8371,99.51,80.01,26.98,32.05,14.82,7922,8850,40893,1300,5898
Z3352,Flood,West,46957,87.04,63.39,22.42,7.68,10.15,40045,37236,173557,5113,24831
Z3353,Earthquake,North,5744,7.25,23.57,20.58,18.54,10.6,1461,1086,4979,112,746
Z3354,Landslide,Central,36555,28.87,62.95,10.6,15.24,1.77,15226,13461,62761,1829,8909
Z3355,Earthquake,East,48774,9.12,43.26,6.36,31.4,2.47,13091,10583,49991,1278,7078
Z3356,Earthquake,East,22340,82.97,62.4,23.33,20.54,5.12,18370,17275,80613,2353,11535
Z3357,Cyclone,East,3307,60.23,52.49,18.33,13.71,12.79,2155,1890,8747,246,1272
Z3358,Cyclone,East,43896,53.8,39.27,19.81,20.73,13.75,26491,22173,103425,2599,14804
Z3359,Wildfire,North,9771,57.67,65.18,29.33,8.37,3.67,6180,5775,27104,801,3887
Z3360,Wildfire,West,26609,28.98,37.94,12.4,26.94,11.0,11105,9044,42117,1047,6060
Z3361,Flood,Central,49235,62.16,35.59,24.62,23.55,13.24,32800,27295,127734,3111,18219
Z3362,Flood,West,37366,7.91,30.56,18.09,23.02,13.3,9690,7664,35759,827,5114
Z3363,Wildfire,West,2792,66.37,66.77,9.35,18.14,7.42,1948,1800,8390,250,1168
Z3364,Wildfire,North,41115,74.77,77.68,4.43,13.83,4.62,31279,29476,137336,4321,19665
Z3365,Cyclone,West,8481,68.94,62.04,19.63,6.96,14.39,6081,5664,26481,767,3778
Z3366,Cyclone,East,37593,36.55,40.63,11.04,33.41,4.87,17824,14656,68229,1722,9766
Z3367,Landslide,South,31237,83.49,94.75,21.78,17.5,4.54,25807,28208,131690,4402,18833
Z3368,Wildfire,East,14749,72.98,65.22,21.92,19.88,3.88,11023,10486,48556,1460,6946
Z3369,Earthquake,South,21469,17.19,43.09,15.3,16.27,8.46,7062,5815,26782,685,3863
Z3370,Earthquake,South,6333,23.54,31.47,17.48,34.64,2.5,2385,1931,8693,206,1283
Z3371,Wildfire,Central,49346,65.53,69.32,19.92,28.89,8.99,34122,34169,159323,4829,22767
Z3372,Flood,West,12297,32.49,25.4,15.65,7.87,14.21,5456,3991,18496,416,2684
Z3373,Flood,East,15779,16.35,28.45,26.69,23.25,8.07,5091,3957,18674,425,2685
Z3374,Landslide,Central,25392,19.72,21.35,5.05,19.54,14.51,8834,6255,29335,626,4193
Z3375,Earthquake,North,33783,20.73,29.14,29.46,28.8,13.68,12009,9843,46000,1053,6564
Z3376,Cyclone,Central,25511,50.39,67.72,3.9,34.92,12.09,14743,14422,66820,2021,9571
Z3377,Cyclone,East,25504,62.7,52.14,8.62,27.33,9.51,17094,14980,69890,1935,9982
Z3378,Landslide,West,29341,21.76,45.59,22.12,30.95,13.33,10657,9567,44574,1188,6371
Z3379,Flood,Central,42956,72.69,83.19,5.29,20.08,8.77,32010,32155,149907,4826,21464
Z3380,Landslide,West,20057,31.7,42.1,10.08,16.21,3.9,8780,6923,32254,830,4589
Z3381,Landslide,Central,41691,34.6,55.96,7.16,24.3,13.95,19157,17251,80360,2269,11511
Z3382,Cyclone,South,39451,26.23,45.8,22.54,27.48,8.03,15651,13725,63954,1687,9113
Z3383,Earthquake,North,48070,79.59,70.17,18.63,11.83,13.71,38308,37394,174493,5310,24972
Z3384,Wildfire,North,45702,96.18,86.9,4.74,20.1,6.5,42108,42664,198933,6471,28477
Z3385,Flood,West,40010,51.79,75.56,15.42,8.41,5.7,23543,22454,105102,3268,15044
Z3386,Earthquake,East,12713,8.99,22.3,8.63,11.49,11.72,3400,2364,11091,242,1563
Z3387,Cyclone,West,38828,29.75,29.85,29.13,31.46,9.88,16429,13433,62439,1433,8943
Z3388,Earthquake,East,36958,20.01,23.79,5.91,9.34,7.16,12938,8824,41166,881,5892
Z3389,Landslide,South,14830,85.06,83.72,19.15,29.34,13.3,12427,13602,63571,2054,9092
Z3390,Wildfire,Central,34060,13.06,45.74,16.01,16.18,8.23,10148,8491,39418,1052,5643
Z3391,Cyclone,North,13022,96.82,71.81,18.61,24.91,1.18,12060,11768,54612,1669,7831
Z3392,Earthquake,West,26393,60.91,32.87,28.83,32.31,10.7,17336,14544,67868,1609,9703
Z3393,Landslide,North,39939,54.19,46.71,12.21,28.43,1.88,24220,20215,94445,2506,13458
Z3394,Cyclone,South,9832,85.5,78.6,23.22,29.78,7.74,8271,8762,40735,1299,5844
Z3395,Wildfire,North,17179,7.62,28.39,15.08,12.83,3.69,4418,3186,14913,334,2107
Z3396,Landslide,North,39864,78.83,70.52,20.84,15.85,4.39,31541,30317,141330,4299,20187
Z3397,Flood,North,22963,16.08,27.56,12.87,26.98,14.72,7362,5704,26843,608,3792
Z3398,Earthquake,South,48051,84.87,83.85,9.13,28.32,2.59,40196,40894,191006,6144,27306
Z3399,Earthquake,Central,894,55.27,59.52,5.26,28.7,11.61,549,531,2370,64,337
Z3400,Earthquake,South,36231,10.81,37.98,5.75,27.2,9.92,10184,8149,37953,942,5409
Z3401,Wildfire,West,40803,84.16,73.2,28.9,11.95,3.73,33915,33471,155973,4819,22333
Z3402,Flood,West,45934,7.59,35.47,24.29,13.67,14.09,11802,9597,44740,1079,6391
Z3403,Landslide,Central,8259,18.15,40.49,9.61,33.26,3.82,2776,2266,10610,261,1514
Z3404,Earthquake,Central,49218,80.79,58.3,17.29,21.62,8.22,39666,36272,169479,4844,24217
Z3405,Cyclone,North,19918,49.16,56.51,22.28,27.63,12.07,11327,10725,50370,1421,7157
Z3406,Earthquake,South,17926,88.73,83.3,12.52,22.98,11.69,15515,16280,76037,2442,10831
Z3407,Flood,West,18099,65.37,74.82,14.88,32.74,5.48,12493,12633,59140,1831,8416
Z3408,Flood,West,32092,64.24,65.33,22.4,31.06,12.75,21880,22031,102878,3050,14696
Z3409,Earthquake,Central,33135,32.76,31.43,9.14,12.84,14.47,14768,11181,52054,1207,7474
Z3410,Wildfire,West,23960,17.7,25.0,17.21,31.54,7.64,7973,6033,28020,617,4031
Z3411,Earthquake,East,4016,96.31,72.75,8.67,14.0,10.13,3704,3564,16321,518,2329
Z3412,Wildfire,South,49339,14.96,35.5,3.08,18.23,6.1,15404,11522,53901,1296,7688
Z3413,Wildfire,East,11494,55.26,53.93,21.64,30.54,5.96,7062,6477,30426,835,4349
Z3414,Flood,North,5143,30.89,28.5,22.1,14.72,7.58,2220,1639,7931,174,1099
Z3415,Wildfire,West,30071,30.09,27.99,29.88,13.72,3.76,12800,9701,45183,1018,6454
Z3416,Landslide,North,20912,61.49,33.64,7.89,25.06,10.65,13826,10749,50470,1214,7177
Z3417,Cyclone,West,30971,80.8,32.01,22.97,34.99,3.32,24963,20071,93485,2192,13388
Z3418,Cyclone,West,43840,78.83,66.78,28.6,8.93,1.07,34687,32373,151055,4511,21595
Z3419,Wildfire,Central,5317,87.54,100.0,20.4,26.03,7.15,4554,5258,24523,840,3510
Z3420,Flood,Central,14560,32.83,64.62,29.0,20.81,2.07,6497,6164,29213,853,4176
Z3421,Flood,West,26070,49.25,40.35,29.85,17.32,8.87,14844,12563,58430,1488,8338
Z3422,Flood,West,39496,5.89,30.04,24.64,27.5,8.29,9644,7674,35578,825,5095
Z3423,Wildfire,South,30232,75.95,49.2,29.98,21.65,2.92,23267,20555,95882,2592,13697
Z3424,Landslide,West,19448,33.72,27.8,19.9,28.93,4.44,8808,6721,31552,696,4513
Z3425,Cyclone,East,30698,58.34,42.72,16.42,27.32,1.34,19572,16056,74594,1938,10729
Z3426,Flood,East,49009,21.08,33.89,27.78,34.55,9.32,17550,14767,69108,1652,9875
Z3427,Flood,West,24263,82.84,68.37,25.44,29.33,5.1,19927,19915,92712,2797,13242
Z3428,Wildfire,South,44235,82.64,73.48,5.97,7.0,10.98,36264,33877,158135,4865,22584
Z3429,Wildfire,South,39108,88.36,81.56,11.17,28.39,9.82,33738,35172,163802,5240,23388
Z3430,Landslide,North,15415,9.36,26.11,10.04,24.49,6.23,4165,3018,13973,320,2057
Z3431,Wildfire,South,12850,99.28,80.04,26.09,7.69,1.3,12138,12082,56262,1778,8050
Z3432,Landslide,Central,38625,28.54,27.57,9.3,23.16,5.48,15993,11704,54762,1223,7793
Z3433,Landslide,North,10770,34.4,27.79,11.21,27.52,5.55,4933,3662,17160,393,2408
Z3434,Wildfire,East,17174,28.69,22.79,17.01,10.92,5.66,7130,5012,23699,511,3332
Z3435,Cyclone,Central,12152,30.42,49.52,5.06,18.05,14.35,5203,4428,20482,566,2972
Z3436,Flood,Central,30515,57.5,52.57,28.95,21.27,3.3,19263,17306,80627,2231,11551
Z3437,Flood,Central,15060,27.78,17.83,16.26,17.39,4.78,6150,4201,19593,390,2845
Z3438,Landslide,South,33095,42.41,47.57,8.14,31.28,12.65,17146,14968,69684,1862,9959
Z3439,Flood,South,46775,67.28,47.02,10.31,10.07,13.95,32958,27453,127955,3391,18316
Z3440,Earthquake,South,41565,84.42,91.36,24.55,28.15,7.56,34630,38993,182093,6031,25991
Z3441,Wildfire,East,47424,70.81,57.0,20.12,28.34,8.56,34671,32382,151056,4289,21554
Z3442,Cyclone,West,1710,61.46,66.98,15.54,18.44,1.74,1130,1044,4952,146,672
Z3443,Cyclone,West,23045,19.03,48.53,11.95,21.18,12.31,7898,6821,32046,850,4560
Z3444,Earthquake,West,11398,82.53,58.93,27.32,9.61,9.32,9335,8638,40077,1145,5714
Z3445,Earthquake,East,45935,8.54,30.61,23.86,10.85,7.71,12129,9184,43218,1001,6189
Z3446,Flood,West,35740,30.1,48.2,22.39,20.95,5.24,15216,13169,61453,1636,8782
Z3447,Wildfire,South,16351,10.42,32.12,15.04,11.74,7.21,4548,3443,15919,367,2280
Z3448,Landslide,North,28394,68.41,66.96,29.49,29.19,11.29,20247,20755,96906,2912,13848
Z3449,Wildfire,Central,30469,40.0,31.04,22.17,23.49,2.13,15234,11687,54393,1266,7796
Z3450,Earthquake,North,25032,66.94,68.47,14.44,6.7,8.1,17574,16250,75655,2273,10820
Z3451,Flood,Central,23980,37.97,40.05,28.93,15.74,1.48,11625,9426,44283,1118,6305
Z3452,Flood,East,3232,48.3,55.76,27.18,30.75,11.81,1817,1759,8153,226,1183
Z3453,Wildfire,Central,22897,48.51,62.72,22.98,13.32,3.95,12910,11887,55236,1621,7940
Z3454,Wildfire,East,17740,9.33,38.16,23.71,26.59,13.65,4789,4095,18810,481,2719
Z3455,Wildfire,North,41004,45.87,54.41,14.44,7.81,7.67,22307,19050,88902,2468,12719
Z3456,Flood,North,43323,65.9,68.95,16.7,32.92,7.4,30077,29902,139579,4222,19945
Z3457,Cyclone,North,37646,56.87,64.54,8.17,18.48,6.04,23586,21383,99943,2943,14262
Z3458,Earthquake,East,2029,12.15,49.63,19.08,19.75,8.23,591,497,2183,63,319
Z3459,Cyclone,West,42141,68.47,62.25,12.99,22.09,5.73,30069,27524,128443,3768,18347
Z3460,Flood,West,20123,34.34,45.85,12.38,15.9,6.04,9207,7530,34938,916,5008
Z3461,Earthquake,Central,21110,6.37,39.69,28.6,26.76,3.74,5231,4368,20717,522,2967
Z3462,Cyclone,East,47285,19.78,29.99,7.45,5.44,5.83,16472,11631,54398,1259,7740
Z3463,Earthquake,North,43431,52.27,37.73,25.41,9.87,12.36,25712,20914,98175,2418,13998
Z3464,Wildfire,North,3018,34.49,49.89,10.6,10.66,4.44,1384,1139,5350,138,754
Z3465,Flood,North,18312,70.97,61.56,3.77,24.06,12.5,13409,12289,57413,1664,8180
Z3466,Wildfire,Central,37611,27.86,25.83,4.09,31.72,13.06,15381,11502,53836,1180,7654
Z3467,Flood,Central,27173,78.42,74.14,14.59,6.91,10.33,21416,20533,96049,2969,13673
Z3468,Landslide,North,13252,32.22,59.89,15.27,30.57,1.43,5853,5345,24998,727,3565
Z3469,Landslide,South,26476,63.98,40.63,11.65,29.59,8.85,18000,14915,69621,1760,9929
Z3470,Cyclone,South,43398,80.93,81.78,21.06,7.3,12.66,35021,36055,168535,5381,24015
Z3471,Flood,West,11553,41.63,17.45,16.1,9.3,6.12,5918,3943,18564,379,2652
Z3472,Wildfire,North,37431,9.45,25.39,5.0,15.5,4.96,10139,7044,32861,725,4735
Z3473,Wildfire,Central,36871,55.87,77.81,12.4,8.44,5.5,22824,21848,101956,3208,14593
Z3474,Landslide,South,44343,99.56,75.82,5.75,27.75,6.92,41980,41259,192496,5995,27504
Z3475,Wildfire,Central,15248,97.05,79.46,4.7,20.12,1.98,14148,13532,63303,1981,9040
Z3476,Wildfire,West,11188,26.0,48.45,8.62,17.32,4.33,4419,3621,16852,458,2425
Z3477,Wildfire,South,27609,76.79,46.64,21.92,26.75,10.06,21423,18950,88499,2349,12624
Z3478,Earthquake,North,26799,37.77,46.64,21.79,13.79,7.61,12951,10976,51317,1359,7323
Z3479,Wildfire,East,20772,20.23,36.9,26.26,31.15,4.46,7306,6096,28726,705,4064
Z3480,Landslide,North,39074,68.26,84.89,23.42,24.62,14.03,27819,30798,143529,4637,20508
Z3481,Flood,West,40053,52.58,39.09,17.46,15.4,5.14,23806,18866,88067,2208,12563
Z3482,Flood,South,12662,56.23,51.35,11.44,21.2,2.81,7872,6623,31042,861,4437
Z3483,Earthquake,Central,39879,83.6,59.84,3.16,12.78,3.79,32980,27915,130399,3762,18580
Z3484,Cyclone,North,11922,36.97,32.92,20.47,34.55,5.15,5690,4595,21591,519,3066
Z3485,Wildfire,South,20678,68.37,76.13,10.82,18.07,8.32,14739,14408,67159,2114,9589
Z3486,Wildfire,South,1845,39.79,47.2,9.75,31.9,1.93,920,765,3674,86,521
Z3487,Wildfire,West,17349,9.06,23.32,29.32,34.34,12.97,4649,3713,17574,376,2449
Z3488,Landslide,South,47947,40.91,41.29,7.7,21.07,13.28,24301,19892,92898,2358,13268
Z3489,Flood,West,22407,95.25,70.63,3.88,26.9,5.46,20488,19282,90349,2736,12883
Z3490,Landslide,South,35646,50.91,47.31,28.63,22.17,11.85,20740,18674,87260,2320,12449
Z3491,Earthquake,North,5842,15.28,18.23,11.26,7.75,9.4,1838,1231,5664,130,831
Z3492,Earthquake,Central,31960,70.34,60.58,13.62,33.57,12.84,23252,22370,104278,3016,14897
Z3493,Cyclone,North,18893,96.52,73.78,5.19,18.7,4.88,17455,16402,76415,2350,10956
Z3494,Earthquake,East,37328,91.25,66.09,13.91,31.82,9.54,33012,32227,150227,4468,21500
Z3495,Landslide,West,46437,59.34,59.5,29.25,24.67,2.02,29954,28185,131510,3782,18757
Z3496,Wildfire,North,26815,40.75,50.29,21.74,8.16,1.13,13558,11294,52778,1423,7488
Z3497,Earthquake,West,5590,60.16,51.41,15.79,17.51,13.25,3640,3268,15064,395,2135
Z3498,Earthquake,East,24069,82.51,68.65,11.3,10.88,5.12,19708,18000,84121,2522,11998
Z3499,Wildfire,West,6594,86.82,98.65,12.88,10.1,7.24,5612,6014,28159,955,3995
Z3500,Flood,North,22752,82.79,95.98,19.5,26.45,4.24,18678,20828,97396,3279,13892
Z3501,Wildfire,Central,3526,48.27,38.9,9.87,5.9,13.28,1982,1530,6883,176,1017
Z3502,Earthquake,North,32202,16.29,22.99,7.1,33.98,6.38,10375,7552,35206,756,5019
Z3503,Wildfire,Central,15867,59.07,44.78,21.8,18.5,3.51,10203,8528,39634,1046,5667
Z3504,Landslide,South,10476,19.86,48.61,26.48,19.69,9.51,3656,3265,15152,401,2175
Z3505,Flood,North,1356,10.79,26.15,27.34,13.98,3.88,381,266,1354,28,189
Z3506,Cyclone,South,44459,52.37,56.68,25.72,7.57,4.65,26354,23289,108651,3073,15545
Z3507,Earthquake,East,41942,67.26,85.96,17.33,22.65,10.42,29546,31717,147625,4802,21117
Z3508,Flood,North,40682,86.14,72.25,24.3,15.34,14.43,34419,34975,163201,5005,23327
Z3509,Landslide,South,3377,79.37,77.13,28.01,23.72,11.57,2686,2896,13133,409,1921
Z3510,Landslide,South,17803,86.44,78.79,3.63,21.67,2.74,15102,14489,67396,2133,9598
Z3511,Wildfire,North,48582,77.21,60.41,14.13,11.51,5.38,37849,33405,155821,4518,22275
Z3512,Landslide,East,29141,71.81,77.21,8.51,18.85,12.15,21523,21396,99770,3139,14272
Z3513,Landslide,North,6860,5.96,18.08,29.91,14.24,4.85,1679,1173,5634,119,796
Z3514,Landslide,South,7480,64.48,76.54,28.1,12.19,11.36,5113,5283,24470,777,3502
Z3515,Landslide,North,13524,16.45,27.0,24.66,28.09,7.61,4373,3383,15616,355,2282
Z3516,Flood,North,48632,10.57,25.08,10.99,5.36,13.38,13582,9696,45009,981,6453
Z3517,Landslide,East,8895,19.86,22.86,28.71,13.07,6.03,3104,2269,10445,219,1488
Z3518,Flood,Central,45194,83.21,59.67,3.79,20.93,14.08,37243,33691,157360,4511,22453
Z3519,Cyclone,South,34062,75.67,61.5,8.08,19.28,6.7,26143,23413,109207,3185,15573
Z3520,Cyclone,West,46134,95.13,48.15,19.66,33.2,11.17,42142,38131,177535,4762,25403
Z3521,Wildfire,North,41388,98.0,76.1,24.41,30.31,3.73,38698,40041,186996,5819,26692
Z3522,Earthquake,West,16942,89.86,68.33,26.86,27.55,8.43,14806,14973,69877,2114,9964
Z3523,Flood,West,41481,17.63,44.18,11.11,20.42,5.34,13781,11178,52294,1364,7441
Z3524,Flood,East,8872,88.45,78.72,13.55,17.87,1.18,7660,7454,35009,1105,4966
Z3525,Earthquake,South,14903,84.67,63.08,15.28,6.1,7.12,12444,11139,51702,1518,7384
Z3526,Wildfire,East,10982,87.75,67.76,3.73,29.65,3.41,9424,8744,40937,1218,5796
Z3527,Landslide,West,7091,19.41,32.86,26.33,17.92,14.42,2450,2054,9253,224,1334
Z3528,Wildfire,West,4955,16.1,51.69,12.12,14.63,12.32,1589,1387,6411,180,936
Z3529,Landslide,North,9776,92.76,66.15,8.38,23.2,11.35,8756,8270,38546,1150,5530
Z3530,Flood,South,6445,21.51,28.19,14.05,27.62,7.35,2329,1780,8152,197,1151
Z3531,Flood,Central,19331,40.02,33.47,22.19,20.69,4.63,9668,7544,35311,851,5051
Z3532,Cyclone,Central,4029,48.32,33.79,26.51,9.49,5.54,2266,1739,7921,201,1186
Z3533,Cyclone,Central,3533,16.82,37.94,8.82,32.65,3.86,1152,888,4339,97,610
Z3534,Cyclone,West,49497,6.96,31.26,7.66,8.39,8.73,12483,9068,42334,978,6052
Z3535,Cyclone,North,4840,99.44,95.09,28.48,34.09,12.36,4578,5485,25377,868,3649
Z3536,Cyclone,South,4165,88.28,86.05,17.87,18.27,3.62,3591,3744,17429,545,2468
Z3537,Earthquake,South,1990,91.67,100.0,12.88,33.4,1.06,1766,1978,9460,314,1307
Z3538,Cyclone,South,7060,32.03,41.73,8.38,32.44,2.76,3108,2498,11676,302,1695
Z3539,Earthquake,East,26632,25.91,36.12,29.87,17.19,7.45,10502,8629,39968,975,5740
Z3540,Cyclone,North,41449,45.46,34.4,22.42,29.0,1.26,22422,17777,83472,2003,11890
Z3541,Wildfire,West,36877,48.07,59.8,8.88,7.69,6.65,20670,17795,83099,2396,11878
Z3542,Cyclone,East,29222,5.53,29.46,5.46,7.48,2.56,7056,4891,22781,518,3229
Z3543,Wildfire,North,4708,79.03,76.28,8.38,15.68,2.51,3732,3524,16569,521,2346
Z3544,Flood,Central,38834,99.68,66.15,9.69,23.29,10.98,36799,34924,162961,4859,23247
Z3545,Landslide,South,2343,55.23,59.6,6.0,5.28,14.99,1439,1263,6096,168,818
Z3546,Landslide,East,31730,41.88,50.5,9.2,20.46,3.72,16312,13637,63578,1725,9056
Z3547,Flood,East,20762,42.31,49.94,6.15,34.27,4.21,10741,9192,43028,1165,6125
Z3548,Cyclone,South,44168,14.13,24.57,13.2,30.75,5.15,13514,9941,46725,1029,6664
Z3549,Landslide,South,15723,30.29,55.93,16.13,11.97,11.99,6716,5978,27537,780,3985
Z3550,Flood,East,32104,52.7,78.59,15.29,20.84,8.08,19110,19324,90470,2860,12888
Z3551,Wildfire,North,22280,46.03,36.99,25.39,10.14,8.99,12148,9723,45385,1104,6491
Z3552,Earthquake,West,26345,56.78,64.87,9.86,12.9,8.65,16488,15009,69980,2062,9945
Z3553,Landslide,West,46971,85.66,37.58,26.95,32.69,14.12,39571,34535,161232,3976,23009
Z3554,Earthquake,East,35781,26.4,47.54,27.52,34.93,1.49,14241,12739,59267,1591,8428
Z3555,Flood,Central,21020,7.63,6.75,28.91,12.28,3.21,5407,3485,16082,269,2293
Z3556,Earthquake,East,22646,8.63,23.45,7.89,11.36,6.35,5995,4123,19224,423,2746
Z3557,Flood,South,35376,17.75,19.01,9.64,16.52,7.83,11785,8074,37340,759,5374
Z3558,Flood,West,17630,59.2,54.97,19.84,18.38,2.6,11354,9973,46831,1302,6648
Z3559,Cyclone,West,8809,81.78,80.04,6.8,7.68,13.5,7165,7073,32775,1037,4682
Z3560,Landslide,West,23649,89.25,51.8,5.31,9.43,10.49,20560,17030,79827,2202,11398
Z3561,Wildfire,East,3877,65.34,56.62,4.99,17.74,14.05,2675,2382,10988,303,1617
Z3562,Cyclone,West,8901,43.3,42.65,19.37,12.06,14.17,4671,3879,18254,466,2607
Z3563,Cyclone,Central,21325,19.68,54.8,24.73,30.35,8.18,7413,6963,32558,899,4629
Z3564,Cyclone,West,39931,43.13,53.9,9.99,27.55,12.94,20903,18822,87873,2455,12574
Z3565,Wildfire,West,39180,36.58,30.99,28.21,21.09,11.31,18585,14948,69882,1618,9973
Z3566,Earthquake,West,13405,87.65,67.55,24.38,17.98,6.05,11493,11082,52000,1571,7417
Z3567,Landslide,Central,21385,51.24,71.86,5.09,29.93,10.2,12495,12234,57030,1748,8177
Z3568,Landslide,Central,8099,26.49,48.14,14.0,9.98,14.34,3229,2747,12706,346,1776
Z3569,Flood,South,37885,32.44,31.82,4.84,31.62,11.7,16794,13128,61146,1435,8708
Z3570,Wildfire,West,12694,17.96,31.67,27.71,6.47,10.93,4249,3304,15638,361,2234
Z3571,Cyclone,West,40077,92.27,72.93,23.06,32.7,4.11,35750,36539,170658,5245,24354
Z3572,Cyclone,East,42183,9.78,23.92,21.54,9.16,12.64,11531,8464,39380,853,5649
Z3573,Earthquake,East,34610,6.22,7.9,21.43,29.36,6.46,8537,5722,26536,457,3771
Z3574,Cyclone,Central,16845,22.38,29.18,10.7,5.54,9.74,6196,4468,20764,470,2990
Z3575,Cyclone,Central,47669,82.03,86.79,28.21,29.45,10.49,38861,43943,205046,6666,29297
Z3576,Wildfire,Central,34460,54.73,50.53,27.91,22.52,8.21,21037,19002,88619,2425,12689
Z3577,Earthquake,South,32469,64.46,59.21,22.97,5.57,3.32,22191,19470,90973,2617,13007
Z3578,Landslide,South,42893,38.98,48.13,15.66,28.23,10.76,21118,18614,86710,2311,12411
Z3579,Wildfire,North,44133,11.52,57.95,4.27,8.05,4.46,12640,10475,48952,1396,6992
Z3580,Cyclone,Central,4348,86.34,72.59,3.76,21.2,4.72,3685,3479,16214,506,2274
Z3581,Flood,West,44137,23.23,50.9,6.73,14.96,2.78,16517,13449,62949,1714,8991
Z3582,Landslide,Central,38369,8.14,22.3,19.09,27.78,9.68,10016,7451,34820,734,5006
Z3583,Cyclone,West,10723,59.41,54.56,24.55,30.6,2.64,6923,6413,29584,815,4216
Z3584,Earthquake,South,15729,12.91,32.25,28.61,18.93,5.83,4669,3701,16895,403,2445
Z3585,Wildfire,South,37757,14.1,23.47,7.73,27.74,13.45,11544,8518,39706,844,5665
Z3586,Flood,South,11223,81.04,67.13,10.44,32.5,7.34,9066,8770,41025,1226,5838
Z3587,Wildfire,West,22894,51.7,64.09,4.46,25.68,13.52,13456,12646,58841,1737,8393
Z3588,Landslide,East,34601,27.94,30.76,29.7,14.66,7.9,14171,11155,51759,1203,7443
Z3589,Landslide,Central,32699,38.12,45.97,24.08,18.9,3.5,15888,13417,62975,1651,8958
Z3590,Landslide,West,45535,74.28,74.36,15.98,11.9,11.62,34475,33914,158035,4912,22608
Z3591,Wildfire,South,6021,11.3,21.32,18.54,18.75,5.95,1714,1214,5933,114,800
Z3592,Cyclone,Central,15103,16.07,46.98,18.18,12.38,14.53,4841,4134,19834,510,2783
Z3593,Wildfire,East,49252,63.54,60.82,9.87,29.22,4.67,33321,30426,141965,4112,20296
Z3594,Flood,South,28657,62.66,57.48,8.01,23.3,12.51,19199,17321,81228,2303,11544
Z3595,Wildfire,South,12811,97.38,54.46,11.02,24.0,7.91,11919,10543,48843,1375,7000
Z3596,Wildfire,West,14847,40.58,42.84,9.67,8.31,12.79,7488,5993,27743,730,3997
Z3597,Earthquake,North,17291,11.18,35.61,18.05,5.04,3.56,4908,3668,17056,424,2443
Z3598,Landslide,West,27937,56.07,76.78,11.32,28.68,9.87,17336,17654,82526,2598,11789
Z3599,Earthquake,North,14585,65.64,67.92,22.68,21.27,2.58,10097,9681,45198,1345,6445
Z3600,Earthquake,West,31282,18.26,48.56,18.33,32.95,12.28,10540,9576,44526,1200,6379
Z3601,Cyclone,West,22541,57.52,42.13,17.37,21.12,4.3,14232,11602,54077,1388,7763
Z3602,Earthquake,East,30712,23.79,36.56,28.68,11.44,6.99,11622,9336,43591,1085,6228
Z3603,Earthquake,North,8178,85.25,86.54,11.71,25.95,10.18,6864,7305,34017,1111,4889
Z3604,Cyclone,East,31366,84.34,60.73,20.15,26.03,7.7,26114,24640,114974,3317,16414
Z3605,Wildfire,Central,46275,45.81,61.78,3.0,6.97,11.9,25154,21919,102119,2982,14609
Z3606,Flood,South,7186,96.84,87.06,22.9,25.81,10.63,6656,7337,34354,1121,4888
Z3607,Cyclone,Central,16708,98.08,82.24,16.57,11.38,2.83,15632,15424,72035,2315,10304
Z3608,Cyclone,North,34830,17.28,30.56,8.63,12.64,11.83,11480,8542,39800,917,5676
Z3609,Landslide,Central,31062,39.93,35.13,3.04,5.94,6.93,15515,11269,52142,1271,7488
Z3610,Wildfire,South,33900,62.03,80.42,22.09,23.82,9.37,22551,23820,111231,3530,15880
Z3611,Cyclone,West,28199,13.06,39.77,20.89,26.95,4.03,8402,6930,32388,809,4625
Z3612,Landslide,South,34288,41.35,51.83,20.97,11.91,6.92,17491,15119,70537,1941,10085
Z3613,Flood,West,30665,29.81,36.44,14.81,28.78,12.44,12989,10674,49895,1222,7136
Z3614,Wildfire,West,4166,95.44,77.95,20.26,27.86,13.97,3815,4097,19121,605,2686
Z3615,Wildfire,East,37689,44.1,51.23,18.43,17.29,14.14,20003,17836,83005,2277,11899
Z3616,Earthquake,Central,22618,77.45,72.4,9.45,7.05,10.8,17662,16517,77346,2379,11018
Z3617,Landslide,Central,3046,41.74,56.77,17.01,13.41,2.1,1563,1383,6119,169,846
Z3618,Flood,North,20747,17.52,25.25,16.89,9.96,7.2,6876,4948,22993,515,3322
Z3619,Cyclone,Central,22041,87.0,55.25,25.24,33.76,3.7,18790,17550,81790,2290,11671
Z3620,Wildfire,West,4792,5.04,28.78,14.7,29.53,10.77,1140,818,4135,101,582
Z3621,Flood,East,49807,10.31,9.7,14.77,7.35,3.26,13813,8549,40024,703,5662
Z3622,Wildfire,North,11507,39.62,42.91,29.58,20.4,14.69,5721,5079,23720,610,3362
Z3623,Wildfire,West,16867,70.26,57.53,27.15,13.01,3.72,12261,11070,51779,1474,7378
Z3624,Cyclone,South,22328,37.46,51.5,9.54,5.96,1.74,10739,8612,40107,1084,5743
Z3625,Landslide,North,41709,11.3,55.01,27.58,14.67,12.81,11877,11016,51411,1433,7305
Z3626,Earthquake,North,37274,35.19,21.02,6.73,8.83,3.83,17292,11438,53438,1117,7614
Z3627,Cyclone,North,38663,28.27,67.84,26.04,11.68,1.34,15930,15005,69828,2115,9991
Z3628,Landslide,South,12234,5.51,25.23,7.95,14.8,8.67,2952,2099,9793,214,1401
Z3629,Cyclone,North,42349,55.81,59.87,14.49,17.27,14.57,26196,24311,113420,3250,16208
Z3630,Flood,Central,41573,16.08,16.87,29.57,19.05,4.74,13328,9489,44386,868,6326
Z3631,Wildfire,South,23461,32.31,54.73,5.62,20.61,6.72,10377,8888,41645,1161,5930
Z3632,Wildfire,East,27517,65.91,61.75,25.67,16.1,4.32,19106,17730,82816,2422,11866
Z3633,Cyclone,West,2338,73.89,64.9,16.36,19.95,8.81,1763,1666,7715,231,1105
Z3634,Landslide,North,38141,30.03,18.27,6.0,17.54,5.52,16219,10833,50628,1004,7226
Z3635,Flood,South,48066,36.27,45.83,28.72,33.93,9.28,22688,20663,96518,2548,13774
Z3636,Flood,North,23891,28.46,50.8,17.83,7.03,7.69,9878,8346,38889,1064,5516
Z3637,Wildfire,East,27255,95.9,74.91,26.78,22.58,14.0,25054,26446,123519,3826,17640
Z3638,Flood,Central,25210,23.1,51.8,26.47,10.81,10.38,9410,8355,39205,1077,5560
Z3639,Wildfire,East,4591,22.4,50.91,3.4,16.26,10.56,1689,1397,6561,175,921
Z3640,Flood,East,31176,47.28,43.31,10.15,21.39,7.81,17290,14132,65931,1704,9408
Z3641,Cyclone,North,36212,22.98,56.78,12.1,27.79,5.24,13484,12055,56520,1594,8067
Z3642,Landslide,Central,46435,19.89,36.48,17.44,34.33,5.4,16214,13279,61902,1515,8821
Z3643,Flood,East,46525,14.11,33.36,4.94,19.81,8.06,14229,10763,50149,1196,7128
Z3644,Flood,East,24845,65.82,62.39,13.5,12.71,3.69,17234,15265,71346,2072,10197
Z3645,Landslide,East,47970,63.15,60.56,25.0,28.75,2.85,32314,30583,142713,4137,20407
Z3646,Cyclone,East,26669,66.77,30.16,7.68,11.65,6.21,18689,13466,63086,1451,8958
Z3647,Wildfire,North,32281,78.46,65.93,21.93,20.24,2.83,25452,24068,111977,3338,16060
Z3648,Earthquake,East,30299,36.0,28.43,15.43,30.4,4.23,14241,10801,50552,1146,7225
Z3649,Landslide,East,49935,92.25,95.25,4.91,17.11,8.49,44536,47016,219249,7352,31335
Z3650,Cyclone,West,37007,74.65,85.09,7.79,21.71,12.06,28121,29262,136620,4408,19543
Z3651,Flood,East,6440,81.45,80.02,6.81,8.59,4.15,5222,4902,22861,724,3330
Z3652,Landslide,Central,4056,73.49,62.56,19.73,6.68,12.08,3047,2834,13058,368,1869
Z3653,Wildfire,West,20789,39.05,34.38,5.36,34.59,1.22,10246,7872,36664,871,5222
Z3654,Earthquake,North,26027,31.89,34.65,25.22,10.37,14.96,11430,9212,43137,1026,6166
Z3655,Landslide,Central,33597,45.14,73.14,24.78,15.07,8.24,18094,18053,84446,2607,12016
Z3656,Earthquake,East,24339,14.22,24.51,5.16,20.14,7.66,7464,5263,24279,525,3492
Z3657,Wildfire,West,25975,47.87,23.06,26.98,16.23,10.11,14521,10811,50626,1081,7261
Z3658,Earthquake,South,46124,9.1,42.37,28.9,7.92,7.65,12373,10285,47881,1240,6855
Z3659,Landslide,West,17076,5.37,45.96,4.17,10.91,6.71,4103,3255,15089,405,2140
Z3660,Wildfire,Central,24929,93.49,96.33,28.66,19.8,6.19,22465,25563,119337,4015,17110
Z3661,Cyclone,North,28091,70.49,76.23,10.55,18.16,14.69,20469,20566,95852,2994,13683
Z3662,Cyclone,West,23682,58.38,71.53,20.95,28.95,13.06,15106,15597,72540,2226,10408
Z3663,Cyclone,West,48422,37.4,46.21,7.72,14.35,8.03,23267,18871,88067,2345,12560
Z3664,Earthquake,South,48129,59.2,32.64,25.07,33.21,12.71,30995,25884,120802,2864,17314
Z3665,Flood,South,25900,89.7,74.67,25.73,13.48,3.09,22604,22285,104000,3229,14838
Z3666,Cyclone,East,22803,66.98,69.3,29.42,14.94,8.41,16016,15862,74018,2262,10588
Z3667,Landslide,East,29654,62.24,57.61,29.8,33.48,7.3,19773,19208,89663,2550,12758
Z3668,Flood,East,9453,48.72,49.63,5.05,30.21,5.55,5345,4506,21146,582,3064
Z3669,Wildfire,Central,21586,37.84,34.24,20.77,14.51,13.86,10443,8326,39007,940,5560
Z3670,Landslide,Central,11237,71.36,52.23,10.37,16.86,12.65,8261,7181,33477,927,4797
Z3671,Landslide,Central,7630,98.19,100.0,6.39,30.27,13.7,7145,8183,38132,1293,5456
Z3672,Earthquake,East,5211,45.35,72.43,7.02,7.58,9.89,2815,2618,12170,366,1733
Z3673,Landslide,West,29560,42.26,48.21,28.28,13.84,6.27,15281,13228,62013,1654,8789
Z3674,Wildfire,North,528,45.67,53.5,21.46,20.95,11.6,286,266,986,41,169
Z3675,Earthquake,North,32486,45.43,38.22,4.36,29.87,2.52,17566,13674,63678,1592,9105
Z3676,Landslide,West,21881,99.11,87.22,29.57,21.94,12.94,20641,23276,108645,3549,15504
Z3677,Cyclone,West,18641,72.14,85.79,24.81,19.69,1.4,13814,14505,67794,2196,9710
Z3678,Landslide,North,38578,39.12,28.17,11.35,33.86,12.45,19034,14839,69519,1572,9915
Z3679,Earthquake,West,27168,40.29,52.73,15.71,8.49,10.86,13643,11711,54800,1519,7847
Z3680,Earthquake,West,36807,45.93,56.73,22.62,28.4,2.24,20040,18327,85505,2425,12237
Z3681,Wildfire,West,35619,8.49,36.0,21.25,8.81,3.06,9392,7200,33395,816,4768
Z3682,Flood,East,2091,55.14,75.04,15.5,26.98,7.33,1283,1313,5989,176,856
Z3683,Wildfire,West,11167,82.08,94.58,16.83,21.29,5.2,9108,9902,46425,1549,6601
Z3684,Flood,West,28714,67.75,59.46,4.17,12.94,13.14,20333,17935,83631,2405,11952
Z3685,Wildfire,East,48790,23.85,46.2,16.52,21.3,3.7,18485,15418,71921,1912,10272
Z3686,Wildfire,East,8137,74.16,66.8,12.19,31.38,6.84,6153,5949,27739,837,3921
Z3687,Wildfire,West,5725,73.35,57.76,10.7,19.17,4.65,4294,3783,17556,501,2533
Z3688,Wildfire,North,47084,29.94,44.72,10.28,5.2,2.78,19990,15391,72024,1902,10296
Z3689,Wildfire,Central,48357,64.17,68.35,20.52,6.7,4.64,32944,30548,142287,4291,20342
Z3690,Earthquake,Central,8784,63.04,62.28,14.59,23.98,13.04,5910,5630,26386,775,3727
Z3691,Wildfire,East,20384,84.78,61.05,14.5,25.34,11.02,17038,16015,74958,2169,10676
Z3692,Wildfire,Central,31519,17.93,29.3,7.3,17.05,13.8,10542,7873,36641,833,5240
Z3693,Cyclone,West,10163,23.51,32.46,28.97,12.28,6.67,3825,3000,13934,327,1975
Z3694,Landslide,East,16649,51.17,43.03,9.05,26.48,4.37,9719,7885,36957,964,5268
Z3695,Wildfire,East,20067,9.19,33.82,13.96,14.12,1.37,5397,3987,18546,446,2664
Z3696,Landslide,West,32257,44.48,54.48,8.14,7.22,7.93,17212,14376,67226,1872,9611
Z3697,Landslide,South,15749,79.88,80.69,21.98,17.29,1.56,12585,12669,59194,1884,8456
Z3698,Wildfire,East,20907,19.13,25.23,14.78,21.17,1.06,7181,5169,23784,522,3426
Z3699,Wildfire,East,14834,48.7,44.86,14.17,33.97,9.47,8385,7279,34230,899,4854
Z3700,Wildfire,East,38103,99.03,98.12,26.63,22.77,3.31,35921,40900,190554,6470,27237
Z3701,Wildfire,East,8075,53.06,52.21,23.51,11.25,8.84,4828,4250,19869,545,2810
Z3702,Cyclone,North,11918,52.34,54.15,17.04,29.97,9.03,7062,6476,29982,845,4325
Z3703,Cyclone,West,12874,58.09,54.85,15.65,13.74,11.13,8184,7213,34016,953,4803
Z3704,Cyclone,East,45337,22.67,51.06,28.92,33.78,6.36,16776,15584,73042,1989,10394
Z3705,Earthquake,North,47252,18.98,49.5,28.82,14.76,10.87,16177,14446,67179,1816,9605
Z3706,Landslide,South,25260,69.35,76.5,22.03,32.29,6.12,18190,18982,88632,2768,12663
Z3707,Landslide,East,8241,42.6,48.75,23.52,31.37,2.37,4281,3771,17853,478,2540
Z3708,Earthquake,West,37927,32.54,32.43,27.28,30.92,5.34,16841,13708,63852,1512,9143
Z3709,Wildfire,South,24858,7.98,52.49,29.04,6.18,1.11,6459,5543,25878,698,3709
Z3710,Earthquake,Central,42562,85.37,82.23,5.22,30.5,7.47,35764,36566,170547,5463,24394
Z3711,Cyclone,West,18320,8.07,23.96,29.93,26.64,11.36,4773,3740,17301,370,2507
Z3712,Wildfire,North,49943,76.25,84.02,21.98,15.03,11.99,38550,40954,191102,6164,27280
Z3713,Landslide,North,40447,41.29,41.28,19.0,19.7,4.25,20615,16758,78185,1989,11173
Z3714,Flood,West,11585,61.88,75.96,14.16,24.2,2.48,7694,7541,35219,1096,5042
Z3715,Earthquake,East,36415,28.53,58.43,12.08,33.31,3.6,15075,13771,63985,1832,9190
Z3716,Cyclone,North,14701,19.76,24.81,24.71,28.4,14.77,5119,3971,18929,417,2679
Z3717,Landslide,Central,17815,55.67,62.6,20.67,17.86,5.37,11001,10207,47429,1401,6818
Z3718,Earthquake,North,12896,71.08,73.48,8.42,24.36,7.01,9454,9215,43044,1325,6121
Z3719,Cyclone,East,34270,23.57,69.34,19.47,10.58,2.06,12912,11923,55839,1702,7998
Z3720,Cyclone,North,13512,46.45,41.64,6.81,17.72,12.05,7410,5992,27987,722,3964
Z3721,Cyclone,Central,32121,47.24,68.17,16.42,28.74,7.28,17805,17436,81411,2432,11607
Z3722,Flood,East,29331,25.52,39.24,18.75,23.2,2.22,11480,9188,42896,1084,6147
Z3723,Cyclone,West,37665,58.68,42.38,20.16,28.5,7.62,24109,20553,95765,2461,13700
Z3724,Wildfire,Central,49680,18.86,33.93,6.92,20.29,10.99,16963,13067,60795,1447,8679
Z3725,Landslide,South,936,53.43,54.42,5.58,16.4,7.62,562,448,2169,60,292
Z3726,Landslide,South,49519,15.78,20.97,9.99,27.28,14.56,15764,11526,53677,1127,7653
Z3727,Landslide,West,5913,51.13,56.87,19.39,7.81,13.2,3450,3101,14547,422,2082
Z3728,Flood,Central,26575,34.6,55.52,28.16,34.36,8.21,12211,11743,54585,1526,7832
Z3729,Cyclone,North,17374,47.96,54.24,24.04,33.45,14.17,9724,9322,43547,1220,6183
Z3730,Earthquake,East,32132,46.21,43.91,23.13,31.41,12.36,17563,15619,73045,1911,10415
Z3731,Cyclone,South,36226,91.25,73.41,11.92,31.53,6.16,32037,31881,148941,4605,21257
Z3732,Flood,North,43069,51.54,53.29,6.02,20.33,11.8,25262,21932,102255,2810,14646
Z3733,Earthquake,North,20398,82.76,73.13,27.08,19.94,8.08,16741,17055,79623,2465,11348
Z3734,Flood,East,46681,26.44,52.86,16.52,29.6,8.55,18593,16812,78544,2177,11217
Z3735,Flood,North,16460,38.45,49.41,5.71,13.5,8.29,8039,6586,30673,814,4388
Z3736,Cyclone,West,10591,12.13,14.84,17.44,30.5,12.25,3082,2202,10202,190,1455
Z3737,Landslide,North,19267,44.97,42.99,21.24,11.03,13.86,10352,8680,40752,1059,5816
Z3738,Earthquake,East,26663,68.53,64.68,11.64,31.37,5.47,19037,17988,84176,2489,12030
Z3739,Landslide,South,33574,84.63,85.04,3.25,21.23,9.99,28025,28521,132732,4297,18968
Z3740,Cyclone,East,41726,58.76,72.89,19.78,30.3,9.8,26734,27502,128003,3943,18331
Z3741,Landslide,North,11630,65.81,82.49,4.08,19.79,13.42,8066,8153,38360,1230,5446
Z3742,Earthquake,North,15508,21.84,38.58,14.69,23.25,7.26,5642,4562,21047,525,2985
Z3743,Cyclone,South,46965,8.53,38.85,25.27,32.8,3.66,12398,10462,48843,1217,6961
Z3744,Earthquake,West,22270,80.21,51.66,29.97,17.55,3.84,17851,15855,74423,2041,10600
Z3745,Cyclone,East,12457,20.87,41.64,13.0,11.61,1.72,4441,3431,16120,405,2265
Z3746,Wildfire,South,49289,13.66,19.61,3.54,7.73,2.41,14907,9552,44503,902,6338
Z3747,Flood,East,22724,94.07,75.99,16.31,22.7,5.22,20577,20539,95654,2978,13651
Z3748,Wildfire,Central,49260,96.53,100.0,10.46,23.33,2.44,45515,49636,231598,7877,33051
Z3749,Wildfire,Central,46007,63.54,63.59,27.1,23.62,13.2,31126,30909,144362,4240,20648
Z3750,Flood,East,45353,40.97,37.17,22.21,6.11,6.07,23006,17855,83565,2044,11928
Z3751,Cyclone,East,29301,84.16,76.18,13.92,5.82,6.16,24355,23139,107774,3370,15428
Z3752,Landslide,South,40023,24.45,32.24,23.57,31.86,11.61,15344,12663,58924,1398,8437
Z3753,Earthquake,West,48048,45.79,38.66,12.21,25.87,5.22,26110,20906,97553,2424,13948
Z3754,Flood,Central,13822,38.92,71.64,17.09,8.4,11.01,6799,6510,30397,928,4340
Z3755,Earthquake,Central,2368,91.71,88.24,27.92,7.24,12.51,2102,2297,10247,347,1517
Z3756,Landslide,South,16382,92.38,79.96,8.4,9.86,6.04,14627,14039,65555,2073,9340
Z3757,Cyclone,West,32027,66.83,57.05,11.45,29.21,7.69,22458,20421,95273,2709,13620
Z3758,Wildfire,North,27591,15.52,29.81,26.91,26.69,5.51,8730,6899,32358,734,4622
Z3759,Earthquake,North,4489,50.81,71.46,15.47,24.16,6.92,2608,2604,12176,360,1722
Z3760,Landslide,West,28259,28.31,44.25,11.58,24.22,9.13,11652,9750,45462,1179,6490
Z3761,Landslide,East,9132,89.07,36.99,4.01,30.77,5.89,7927,6201,29076,721,4110
Z3762,Landslide,South,25522,18.15,64.03,14.31,15.0,7.5,8579,7878,36766,1081,5248
Z3763,Cyclone,East,28997,10.16,32.78,16.52,14.67,7.95,8009,6125,28647,693,4071
Z3764,Wildfire,East,32015,71.92,68.68,13.97,17.76,1.34,23672,21851,102080,3083,14605
Z3765,Flood,South,20921,48.06,64.47,10.49,34.69,3.29,11725,11092,51598,1532,7354
Z3766,Flood,East,20712,84.64,77.14,12.97,21.65,8.58,17290,17365,80742,2532,11541
Z3767,Flood,North,34090,12.09,40.61,20.35,21.41,1.04,9909,7991,37611,938,5374
Z3768,Landslide,West,37584,81.1,64.52,27.06,29.29,10.86,30377,30518,141975,4205,20349
Z3769,Earthquake,Central,40483,8.55,14.94,20.54,10.34,13.68,10693,7426,34499,654,4938
Z3770,Flood,East,17011,7.67,32.58,20.45,17.16,11.56,4381,3488,16183,365,2295
Z3771,Flood,West,21492,48.82,69.03,25.06,24.24,5.4,12168,12039,56272,1707,8009
Z3772,Flood,West,16868,26.02,31.54,7.46,34.64,7.3,6665,5167,23945,565,3467
Z3773,Cyclone,East,26613,61.4,50.03,11.13,9.63,10.11,17578,14637,68257,1854,9817
Z3774,Landslide,Central,6797,7.45,43.75,4.37,18.56,10.53,1739,1423,6643,173,910
Z3775,Earthquake,South,21789,8.36,24.11,12.44,32.17,14.68,5724,4405,20611,442,2905
Z3776,Earthquake,West,9841,74.08,60.82,29.97,26.77,7.9,7436,7281,33867,992,4815
Z3777,Wildfire,South,26854,24.97,34.26,11.89,23.41,4.49,10400,8014,37436,900,5340
Z3778,Flood,South,42601,67.36,61.27,26.21,12.71,6.07,30042,27845,129833,3771,18579
Z3779,Wildfire,East,49278,76.24,48.05,5.32,10.62,13.91,38033,31354,146484,3928,20912
Z3780,Flood,West,22591,10.64,24.38,15.41,16.23,9.86,6321,4610,21659,466,3060
Z3781,Landslide,East,3288,78.13,70.74,12.49,12.65,13.1,2584,2470,11552,355,1618
Z3782,Wildfire,Central,11779,30.5,44.45,8.44,29.25,11.14,5050,4287,20125,531,2830
Z3783,Earthquake,South,5688,42.01,62.0,13.06,26.62,14.52,2930,2786,12847,372,1900
Z3784,Earthquake,East,38088,13.23,54.35,20.58,30.06,8.02,11397,10523,48955,1362,7017
Z3785,Earthquake,East,49242,84.67,89.72,16.24,10.13,14.3,41118,44010,205305,6752,29336
Z3786,Cyclone,West,27922,58.27,68.02,25.8,14.3,13.4,17787,17652,82620,2474,11755
Z3787,Earthquake,East,9254,52.94,52.33,27.43,28.06,12.8,5525,5209,24272,678,3462
Z3788,Earthquake,East,1547,97.01,70.88,16.01,9.91,14.15,1435,1415,6341,187,928
Z3789,Flood,North,48817,36.78,45.44,29.51,9.37,8.36,23230,19854,92728,2431,13213
Z3790,Wildfire,North,16160,89.62,81.32,4.94,16.49,11.4,14094,14037,65498,2085,9387
Z3791,Earthquake,North,6044,73.37,75.22,10.46,10.59,8.77,4535,4351,20345,643,2879
Z3792,Flood,West,9261,93.21,83.74,14.25,7.37,11.87,8326,8488,39384,1277,5631
Z3793,Earthquake,South,13135,91.24,73.73,18.73,14.38,11.69,11615,11573,53953,1667,7689
Z3794,Cyclone,East,32966,99.15,88.97,17.74,31.27,11.62,31108,34729,162219,5336,23147
Z3795,Flood,East,44644,17.51,49.76,18.34,6.7,7.0,14792,12343,58022,1553,8259
Z3796,Cyclone,South,14114,80.62,79.9,27.2,21.98,12.15,11357,12233,57177,1823,8178
Z3797,Wildfire,North,34519,81.43,69.4,10.49,21.89,13.27,27985,27220,127339,3840,18169
Z3798,Landslide,East,3714,66.22,51.41,25.06,20.93,9.91,2587,2374,10794,309,1564
Z3799,Earthquake,South,1000,31.49,32.03,18.07,20.17,7.37,436,384,1301,41,262
Z3800,Wildfire,East,3219,96.69,70.0,16.24,5.52,12.95,2978,2816,13167,403,1896
Z3801,Earthquake,West,46195,24.42,41.52,11.08,6.42,11.9,17700,13980,65737,1679,9353
Z3802,Flood,West,29296,52.46,60.09,11.21,20.34,7.57,17386,15677,73155,2120,10460
Z3803,Earthquake,East,40356,54.54,38.02,13.49,34.05,9.12,24579,20356,95203,2360,13584
Z3804,Flood,Central,1575,20.37,30.16,23.61,17.24,10.6,556,473,1873,43,287
Z3805,Cyclone,Central,1600,73.64,68.42,15.87,19.17,10.64,1204,1138,5309,165,793
Z3806,Earthquake,West,42516,13.44,21.6,7.15,34.46,5.35,12789,9189,42784,897,6092
Z3807,Flood,Central,5579,70.84,69.17,23.52,28.37,5.1,4080,4096,19270,576,2716
Z3808,Cyclone,Central,8192,85.62,68.4,20.91,28.1,13.42,6899,7018,32819,992,4648
Z3809,Flood,Central,26188,38.19,37.32,28.63,20.14,14.12,12738,10816,50117,1248,7214
Z3810,Wildfire,North,30525,72.39,65.45,17.29,31.94,6.63,22678,22041,102978,3056,14745
Z3811,Landslide,West,11830,19.89,40.65,20.67,22.44,13.79,4131,3561,16228,411,2357
Z3812,Earthquake,North,22512,85.37,61.77,15.94,24.7,7.59,18916,17674,82407,2405,11811
Z3813,Landslide,South,33906,95.44,74.58,21.38,28.63,3.34,31051,31443,146700,4532,20964
Z3814,Wildfire,West,22421,19.51,41.34,14.78,17.2,11.26,7765,6367,29943,752,4201
Z3815,Landslide,East,19441,70.73,54.76,6.72,33.6,1.64,14201,12352,58058,1623,8262
Z3816,Flood,West,4054,53.05,34.28,29.64,34.64,2.59,2424,2001,9419,232,1347
Z3817,Cyclone,South,22868,55.49,37.08,22.45,22.61,14.17,14091,11794,55109,1355,7824
Z3818,Flood,Central,40237,72.12,59.65,19.43,11.66,8.25,29812,26964,126051,3624,17973
Z3819,Landslide,South,31525,51.43,37.47,16.0,28.25,4.73,18465,14866,69217,1719,9920
Z3820,Landslide,West,44706,62.03,54.94,22.21,14.66,7.73,29740,26576,124222,3477,17682
Z3821,Flood,West,6745,26.94,59.8,6.42,22.31,9.09,2712,2453,11249,326,1603
Z3822,Landslide,North,1045,40.96,30.98,11.81,7.6,9.94,530,383,1861,35,287
Z3823,Earthquake,Central,27634,87.2,69.57,6.37,29.22,5.88,23599,22468,104811,3181,14912
Z3824,Flood,West,9341,15.44,59.08,6.4,33.77,6.42,2950,2663,12376,376,1798
Z3825,Earthquake,North,29903,61.77,63.87,3.58,7.83,8.7,19834,17331,80918,2373,11573
Z3826,Wildfire,South,45244,22.51,32.97,23.41,26.95,9.77,16687,13594,63314,1500,9039
Z3827,Earthquake,North,17188,85.42,70.1,9.14,30.83,13.9,14449,14449,67254,2040,9638
Z3828,Flood,East,27700,60.01,63.16,25.46,8.29,6.49,18007,16643,77715,2300,11097
Z3829,Flood,North,34244,43.29,69.16,27.42,12.4,13.25,17967,17971,83860,2521,11929
Z3830,Wildfire,West,7927,28.73,34.43,7.55,16.76,14.91,3293,2552,12280,286,1707
Z3831,Landslide,North,44920,46.5,41.48,22.14,30.1,5.75,24650,20914,97907,2492,13952
Z3832,Flood,West,10538,95.97,61.24,15.43,19.8,1.38,9693,8654,40587,1167,5781
Z3833,Landslide,West,40510,53.37,55.59,27.81,9.11,9.46,24317,21975,102429,2876,14664
Z3834,Flood,South,33169,49.6,35.41,16.08,12.69,13.65,18973,15015,70125,1704,9989
Z3835,Landslide,South,7477,75.9,61.18,13.23,19.02,1.75,5752,5109,23973,699,3394
Z3836,Wildfire,West,36379,41.01,36.65,10.95,6.18,3.76,18465,13664,63953,1561,9097
Z3837,Landslide,Central,10225,45.61,62.97,27.4,23.93,10.47,5543,5422,25231,756,3637
Z3838,Flood,Central,30172,37.01,39.25,9.11,5.76,12.34,14409,11141,52246,1289,7425
Z3839,Earthquake,West,48005,19.34,40.4,25.35,28.43,2.21,16564,13839,64920,1627,9216
Z3840,Cyclone,South,47681,72.81,45.8,8.24,27.02,6.09,35574,29605,137889,3633,19698
Z3841,Flood,South,43627,87.94,74.95,20.37,30.96,4.34,37500,38321,178722,5546,25521
Z3842,Wildfire,North,24956,91.03,60.63,15.18,9.73,14.51,22029,20217,94005,2721,13460
Z3843,Landslide,North,28197,88.68,68.67,5.82,23.08,10.55,24393,23150,107938,3255,15437
Z3844,Flood,North,15363,47.92,77.89,6.4,28.43,7.66,8594,8581,39962,1265,5733
Z3845,Landslide,West,46088,31.99,53.78,10.6,20.47,13.07,20275,17981,83937,2347,12009
Z3846,Landslide,East,24123,65.6,59.54,23.7,8.92,8.53,16693,15216,70866,2047,10130
Z3847,Flood,East,38696,95.7,100.0,22.68,7.97,13.76,35513,40339,188341,6414,26906
Z3848,Cyclone,South,18303,74.07,54.76,8.54,23.18,4.34,13828,11946,55836,1558,7966
Z3849,Earthquake,North,37151,52.01,67.59,15.86,19.93,1.38,21922,20434,95314,2863,13576
Z3850,Earthquake,East,11608,70.44,45.35,5.62,32.89,7.0,8454,7093,32976,884,4703
Z3851,Wildfire,East,36823,78.39,65.19,22.33,30.02,3.86,29014,28207,131422,3900,18794
Z3852,Flood,North,2775,92.33,59.61,24.42,26.71,12.7,2477,2374,11047,319,1604
Z3853,Cyclone,West,5688,77.51,70.72,27.12,34.47,8.46,4444,4644,21605,661,3110
Z3854,Earthquake,South,17934,46.15,51.05,26.92,25.84,5.04,9794,8837,41208,1131,5864
Z3855,Earthquake,East,24361,30.99,38.35,12.12,7.77,11.83,10534,8198,38233,951,5474
Z3856,Cyclone,South,35715,52.49,66.97,9.87,7.33,8.38,21203,19193,89557,2684,12754
Z3857,Cyclone,North,18273,36.18,38.09,27.21,29.48,8.04,8613,7355,34122,850,4891
Z3858,Earthquake,Central,1412,94.56,80.93,6.94,15.82,3.53,1284,1297,5818,194,816
Z3859,Cyclone,West,16607,53.26,64.14,4.6,32.73,14.93,9955,9580,44842,1309,6369
Z3860,Landslide,South,22239,49.85,34.62,11.48,8.55,10.23,12762,9613,45017,1072,6479
Z3861,Flood,South,27414,38.08,36.96,23.53,10.96,12.97,13312,10812,50530,1237,7214
Z3862,Cyclone,North,32379,65.74,61.8,21.74,28.2,11.64,22440,21880,102236,2972,14587
Z3863,Cyclone,West,12759,54.4,62.48,29.65,30.42,8.04,7757,7693,36137,1036,5109
Z3864,Earthquake,South,30715,17.26,51.55,12.71,31.02,1.14,10119,8758,40818,1115,5798
Z3865,Cyclone,South,31764,87.57,70.57,10.45,7.97,10.33,27215,25371,118309,3616,16942
Z3866,Wildfire,Central,38944,39.11,42.71,13.21,16.45,2.41,19212,15242,71038,1838,10119
Z3867,Landslide,Central,26341,46.09,39.88,24.12,24.39,14.46,14374,12406,57538,1457,8244
Z3868,Cyclone,East,40621,24.54,42.46,8.79,32.56,4.49,15600,12866,59982,1532,8538
Z3869,Landslide,East,11469,57.57,53.1,28.59,12.17,6.14,7246,6413,30187,843,4278
Z3870,Wildfire,Central,35730,71.7,61.15,16.84,23.01,8.72,26360,24607,114909,3331,16404
Z3871,Flood,West,2769,88.71,72.66,24.14,9.31,8.04,2396,2305,10735,337,1542
Z3872,Cyclone,South,5588,9.9,37.06,25.34,27.42,10.17,1533,1336,5967,151,836
Z3873,Flood,West,43304,97.47,71.84,15.93,8.83,11.97,40317,38877,181531,5553,25908
Z3874,Wildfire,North,24014,71.86,55.26,23.02,35.0,11.61,17745,16944,79395,2237,11350
Z3875,Landslide,East,31232,32.01,47.79,12.85,7.77,13.71,13744,11492,53753,1439,7628
Z3876,Wildfire,East,30369,24.43,2.13,24.9,25.56,7.58,11638,7446,35277,526,4973
Z3877,Cyclone,East,34896,33.13,35.98,25.25,28.31,8.48,15650,13005,60825,1481,8693
Z3878,Cyclone,West,12655,88.19,59.69,18.29,12.74,13.24,10901,10077,46581,1354,6710
Z3879,Flood,North,9324,32.68,57.41,8.89,12.64,4.95,4150,3573,16391,469,2361
Z3880,Landslide,Central,2606,48.97,46.64,29.2,22.88,4.44,1478,1300,6082,162,850
Z3881,Wildfire,South,43306,72.05,57.9,28.57,23.91,1.13,32063,29624,138325,3940,19775
Z3882,Flood,South,11567,87.84,72.73,19.74,26.62,11.34,9934,10144,47386,1454,6780
Z3883,Earthquake,East,28971,67.56,55.01,29.56,22.41,10.63,20474,19275,89920,2513,12811
Z3884,Cyclone,Central,23017,76.55,62.27,16.58,10.23,4.87,17818,15923,74244,2169,10619
Z3885,Cyclone,Central,8536,21.47,37.97,13.14,32.72,2.82,3082,2481,11634,285,1655
Z3886,Cyclone,East,20989,88.35,68.53,15.43,10.0,1.6,18106,16479,77048,2331,10955
Z3887,Flood,East,4618,31.19,37.0,4.24,21.96,7.83,2004,1508,7477,186,1026
Z3888,Cyclone,East,9245,17.2,22.34,17.83,32.6,3.71,3042,2221,10706,220,1503
Z3889,Cyclone,West,7414,97.74,64.91,20.99,32.39,12.11,6918,6924,32174,953,4600
Z3890,Flood,Central,41309,24.16,39.02,5.96,10.04,14.3,15747,12344,57418,1442,8208
Z3891,Landslide,North,28587,17.98,38.57,9.9,12.16,11.88,9572,7541,35045,891,4993
Z3892,Wildfire,East,46322,64.47,43.32,22.47,23.06,12.92,31662,27490,128374,3328,18302
Z3893,Flood,East,22081,35.29,53.53,24.43,15.11,14.87,10260,9422,43910,1206,6287
Z3894,Flood,West,10466,17.67,43.89,29.62,26.93,11.37,3480,3104,14464,384,2095
Z3895,Cyclone,North,30625,62.11,70.86,9.84,20.67,8.94,20391,19586,91495,2790,13016
Z3896,Landslide,East,46514,77.1,71.0,25.72,12.98,12.34,36200,36222,168999,5172,24160
Z3897,Flood,West,26863,80.35,76.84,7.65,17.33,8.89,21561,21037,98041,3066,14003
Z3898,Wildfire,North,1384,19.77,62.09,6.53,25.73,7.06,482,405,2110,61,248
Z3899,Cyclone,North,15529,57.9,53.23,22.69,28.55,1.46,9849,8802,41272,1145,5853
Z3900,Flood,North,46286,82.3,57.72,15.04,16.09,10.0,37827,34022,158842,4513,22689
Z3901,Cyclone,Central,26158,20.3,17.76,24.44,8.15,13.57,9214,6539,30693,601,4319
Z3902,Cyclone,Central,47621,24.73,59.67,10.63,15.6,10.7,18357,16552,76768,2219,10982
Z3903,Earthquake,East,25709,5.23,49.1,8.76,23.91,6.66,6150,5150,24291,642,3462
Z3904,Cyclone,Central,1096,54.84,44.07,17.82,27.79,9.64,670,575,2674,59,393
Z3905,Earthquake,East,43716,23.49,29.19,6.11,31.39,12.38,16445,12640,58953,1355,8432
Z3906,Wildfire,Central,38270,73.8,61.7,10.53,33.86,11.7,28836,27574,128764,3749,18410
Z3907,Earthquake,North,35905,96.41,92.72,7.49,20.88,7.88,33143,35154,164045,5460,23391
Z3908,Wildfire,West,48525,24.83,23.21,11.64,31.41,6.06,18742,13733,63896,1373,9143
Z3909,Wildfire,West,10211,66.66,38.06,23.67,12.86,6.56,7147,5687,26981,664,3827
Z3910,Cyclone,West,45343,25.12,64.83,6.26,21.79,13.71,17611,16565,76908,2293,11032
Z3911,Flood,East,12015,6.71,32.44,19.52,21.18,3.38,3008,2353,10893,252,1564
Z3912,Wildfire,South,48551,77.06,72.84,18.79,28.06,13.08,37770,38942,181563,5586,25948
Z3913,Cyclone,North,9976,46.23,47.97,17.53,28.19,3.73,5454,4658,21828,586,3145
Z3914,Earthquake,West,27741,94.94,82.81,16.07,13.56,14.73,25301,26414,123293,3958,17594
Z3915,Flood,East,39573,55.76,37.5,20.92,31.58,7.28,24464,20390,95040,2349,13584
Z3916,Earthquake,East,4368,19.96,25.89,26.0,31.74,11.27,1527,1237,5225,113,818
Z3917,Landslide,North,3801,47.73,52.51,7.37,33.45,11.21,2121,1856,8958,242,1286
Z3918,Cyclone,South,42565,24.27,11.1,24.98,18.73,11.82,16261,11170,52334,940,7471
Z3919,Flood,Central,3491,88.41,70.0,4.66,34.62,12.05,3013,3000,13847,422,1983
Z3920,Landslide,West,30885,70.64,59.48,16.02,28.55,1.55,22540,20561,95739,2751,13681
Z3921,Earthquake,West,46942,37.42,41.95,16.81,24.6,4.83,22563,18602,86702,2227,12405
Z3922,Flood,North,30930,55.14,48.71,8.33,17.97,4.22,18977,15593,72375,1942,10420
Z3923,Landslide,East,24310,68.6,50.78,5.42,30.27,10.78,17369,15171,70471,1933,10123
Z3924,Landslide,East,21154,79.37,46.79,5.02,27.92,10.57,16823,14241,66465,1776,9485
Z3925,Wildfire,West,32089,12.61,33.67,4.01,22.57,5.16,9453,7070,33136,783,4684
Z3926,Flood,West,28806,7.14,25.33,18.49,34.91,12.11,7304,5724,26747,585,3791
Z3927,Earthquake,North,25337,15.87,17.23,7.2,12.48,5.36,8083,5262,24757,487,3522
Z3928,Earthquake,Central,8102,42.52,49.14,24.84,24.25,5.8,4204,3738,17475,467,2498
Z3929,Cyclone,North,33302,49.34,48.6,27.27,14.63,6.58,18984,16472,77124,2063,10984
Z3930,Wildfire,East,37119,17.96,29.35,10.9,18.74,11.42,12424,9371,43531,1016,6248
Z3931,Flood,South,35589,44.06,23.35,7.44,15.17,1.16,18878,12797,59803,1284,8541
Z3932,Landslide,South,4213,46.95,59.02,14.06,15.04,13.69,2326,2135,9875,279,1424
Z3933,Cyclone,East,35293,15.36,18.65,26.8,16.3,10.69,11124,8042,37600,754,5373
Z3934,Cyclone,East,36624,92.08,76.4,13.8,6.7,9.21,32617,31438,146940,4586,20955
Z3935,Wildfire,North,9579,61.92,49.36,5.93,6.2,4.32,6364,5043,23729,618,3337
Z3936,Landslide,North,42525,41.91,43.39,29.59,26.75,12.0,21872,19519,90647,2366,13012
Z3937,Flood,West,26430,53.16,68.07,16.49,14.33,13.22,15824,15289,71185,2138,10173
Z3938,Cyclone,North,23887,34.85,50.55,12.24,5.64,8.02,11021,9059,42364,1158,6037
Z3939,Landslide,South,36276,86.16,85.95,27.13,7.44,5.09,30697,31875,149098,4838,21279
Z3940,Flood,Central,25737,59.63,61.76,28.04,10.88,6.33,16658,15481,72140,2115,10405
Z3941,Cyclone,South,27465,52.02,58.36,16.41,6.45,6.83,16208,14112,65530,1889,9422
Z3942,Cyclone,North,15954,91.53,53.97,11.28,33.38,5.28,14143,12673,59083,1647,8456
Z3943,Flood,East,46430,84.61,67.73,16.03,22.05,10.97,38749,37705,175945,5287,25063
Z3944,Wildfire,East,48489,82.22,67.52,8.92,16.82,5.79,39599,36332,169399,5087,24233
Z3945,Earthquake,North,6956,26.43,54.22,15.91,20.98,12.5,2770,2545,11660,343,1687
Z3946,Earthquake,East,36790,19.55,29.68,9.19,8.38,7.49,12752,9194,42987,985,6108
Z3947,Flood,Central,1655,70.56,66.99,19.8,26.06,9.81,1207,1148,5385,166,780
Z3948,Flood,Central,18765,49.52,54.95,23.52,34.09,14.27,10722,10315,48271,1345,6893
Z3949,Flood,North,48515,69.95,77.36,29.17,8.92,7.24,35155,35608,166441,5218,23786
Z3950,Landslide,West,9153,77.26,65.89,25.75,9.58,3.38,7134,6644,30802,926,4474
Z3951,Earthquake,West,19161,33.05,53.11,5.33,23.86,8.7,8582,7405,34472,958,4958
Z3952,Cyclone,West,11369,32.04,22.16,8.71,9.56,7.95,5006,3425,15726,352,2273
Z3953,Landslide,West,36547,51.63,34.03,17.36,8.78,11.96,21461,16554,77462,1854,11065
Z3954,Earthquake,West,23464,30.99,14.64,9.95,25.11,13.04,10146,6972,32582,629,4667
Z3955,Cyclone,Central,29859,68.39,72.05,3.39,23.56,10.98,21287,20469,95525,2918,13625
Z3956,Cyclone,South,47158,75.94,74.85,23.38,11.53,14.6,36290,36987,172629,5372,24645
Z3957,Wildfire,North,26292,49.84,63.17,12.66,29.7,4.77,15086,14049,66005,1921,9394
Z3958,Wildfire,South,36840,73.76,57.44,4.78,8.16,4.35,27748,23029,107970,3076,15350
Z3959,Earthquake,North,5346,53.49,47.66,16.74,14.98,5.08,3214,2703,12524,333,1801
Z3960,Earthquake,North,11154,72.72,63.54,29.38,27.17,10.39,8314,8270,38686,1121,5542
Z3961,Cyclone,North,47370,26.37,56.83,21.32,23.42,4.26,18843,17124,79860,2274,11404
Z3962,Earthquake,East,43049,75.19,86.68,7.29,23.0,2.24,32886,33207,154976,5051,22163
Z3963,Cyclone,Central,33006,72.94,74.64,16.89,25.59,14.69,24657,25535,119134,3688,16990
Z3964,Cyclone,North,19221,30.33,45.65,27.35,24.39,5.4,8216,7110,33342,885,4763
Z3965,Cyclone,West,10390,57.82,72.83,4.46,31.23,4.11,6584,6324,29627,914,4235
Z3966,Cyclone,Central,42661,86.25,69.37,20.22,22.06,6.02,36129,35231,164162,4976,23481
Z3967,Wildfire,East,39373,28.7,36.09,22.47,17.04,3.22,16350,12876,59945,1474,8563
Z3968,Flood,North,12464,74.92,64.66,22.01,27.98,1.5,9496,9036,42289,1251,6038
Z3969,Landslide,West,29697,95.63,65.85,7.05,12.78,5.28,27239,24296,113444,3380,16207
Z3970,Cyclone,South,31124,87.29,70.91,27.5,27.79,5.73,26601,27060,126019,3847,18024
Z3971,Landslide,North,24134,43.14,35.32,11.7,13.4,12.35,12635,9791,45839,1118,6545
Z3972,Cyclone,East,46371,62.68,71.77,4.4,19.41,7.1,31073,29128,135823,4157,19429
Z3973,Landslide,North,6643,99.22,86.1,5.25,27.18,11.31,6272,6584,30912,989,4397
Z3974,Landslide,South,13266,59.0,74.6,15.35,23.83,11.3,8523,8617,40406,1246,5718
Z3975,Landslide,West,5204,15.93,14.21,4.08,7.57,12.05,1663,1094,4645,92,716
Z3976,Cyclone,North,34800,9.32,52.95,24.05,18.4,13.86,9393,8589,40327,1120,5744
Z3977,Wildfire,East,32379,80.08,50.17,26.38,29.36,7.98,25923,23630,110528,2990,15743
Z3978,Earthquake,Central,49372,45.24,35.5,3.36,34.9,2.46,26626,20544,95711,2338,13689
Z3979,Landslide,South,27345,28.45,33.2,24.87,19.0,1.54,11304,8777,41079,969,5859
Z3980,Earthquake,South,7954,38.03,61.61,29.49,7.58,3.62,3859,3534,16310,460,2385
Z3981,Landslide,West,22819,76.95,70.03,3.82,15.99,12.61,17733,16654,77906,2350,11072
Z3982,Wildfire,West,4876,49.2,49.13,22.57,19.7,9.04,2774,2411,11288,305,1646
Z3983,Flood,East,33710,87.51,63.62,29.98,7.2,2.96,28867,26670,124348,3667,17759
Z3984,Landslide,West,33873,74.82,49.64,24.52,30.93,2.86,25782,22977,107601,2904,15354
Z3985,Cyclone,West,42954,97.53,92.23,16.64,21.16,13.48,40011,44457,207301,6882,29643
Z3986,Earthquake,South,17317,89.41,83.76,26.89,17.48,8.28,15076,16124,74997,2412,10717
Z3987,Earthquake,Central,15851,29.18,57.28,22.11,16.92,3.41,6639,5949,27640,778,3969
Z3988,Landslide,South,4026,67.61,66.95,10.9,5.85,13.55,2847,2614,12190,369,1732
Z3989,Wildfire,West,21050,6.95,1.0,9.06,20.57,11.09,5307,3240,15098,219,2152
Z3990,Earthquake,East,24028,99.16,64.6,16.84,19.27,7.69,22675,21307,99387,2942,14194
Z3991,Earthquake,East,37847,29.8,46.97,13.07,15.38,7.51,16028,13252,62151,1634,8781
Z3992,Wildfire,Central,37812,68.16,58.05,11.9,24.76,10.42,26892,24505,114789,3269,16374
Z3993,Landslide,Central,7442,85.67,65.41,7.8,17.33,5.74,6270,5644,26243,803,3789
Z3994,Landslide,West,14613,20.24,22.89,25.82,22.15,15.0,5141,3968,18529,398,2657
Z3995,Cyclone,East,25818,85.55,83.42,22.04,31.55,11.98,21729,24003,111943,3596,15993
Z3996,Flood,South,17085,6.16,33.86,11.95,15.92,9.97,4206,3191,14989,353,2176
Z3997,Flood,West,1764,46.99,56.86,9.42,16.94,10.62,974,877,4327,123,556
Z3998,Flood,North,42362,49.84,44.81,6.46,30.98,14.95,24307,20907,97586,2565,13942
Z3999,Earthquake,North,36698,40.54,49.41,6.04,15.74,1.15,18498,14876,69399,1863,9909
Z4000,Flood,West,26244,60.71,42.34,19.89,18.18,1.32,17198,13930,65044,1659,9238
Z4001,Cyclone,South,16216,91.91,73.99,5.94,29.02,11.99,14421,14408,67018,2076,9605
Z4002,Flood,East,42216,36.06,14.5,28.93,22.76,3.93,19861,13930,65044,1239,9285
Z4003,Wildfire,Central,2246,60.03,39.2,10.54,33.02,10.59,1460,1223,5704,146,802
Z4004,Cyclone,South,22596,88.36,69.73,3.7,19.12,8.05,19494,18085,84352,2575,12056
Z4005,Flood,East,40148,78.43,96.64,26.09,19.37,5.46,31646,35682,166238,5601,23754
Z4006,Flood,West,47673,8.87,8.27,12.92,6.29,4.24,12706,7704,36113,619,5171
Z4007,Flood,West,12945,94.57,62.09,12.26,10.92,11.87,11771,10687,49979,1461,7133
Z4008,Landslide,Central,32714,9.43,32.79,6.2,21.2,3.39,8856,6569,30593,730,4382
Z4009,Landslide,South,9889,60.93,79.74,20.83,10.61,3.22,6497,6462,29965,945,4286
Z4010,Cyclone,Central,6237,59.66,60.24,12.69,18.61,7.19,4038,3629,16995,486,2431
Z4011,Landslide,South,17974,79.71,77.27,25.22,13.5,2.67,14340,14301,66581,2086,9512
Z4012,Flood,West,44312,19.1,31.45,20.03,5.62,9.98,15210,11470,53781,1266,7671
Z4013,Earthquake,North,34629,22.04,30.99,26.76,19.25,14.89,12650,10266,47833,1105,6840
Z4014,Flood,Central,24719,76.45,68.03,19.81,24.39,11.47,19117,18953,88468,2660,12652
Z4015,Cyclone,West,14499,19.2,27.66,24.04,15.15,9.45,4988,3815,17449,405,2529
Z4016,Flood,South,7511,49.6,60.97,21.81,28.3,6.52,4296,4086,19050,545,2690
Z4017,Landslide,Central,13903,74.51,46.71,15.49,9.38,14.83,10550,8883,41506,1106,5902
Z4018,Cyclone,North,8058,66.87,72.46,21.59,7.74,13.32,5653,5571,25923,784,3709
Z4019,Landslide,South,9760,25.01,39.23,20.92,33.05,12.49,3783,3294,15357,383,2199
Z4020,Cyclone,East,34533,33.88,41.06,3.18,32.65,4.22,15681,12530,58603,1491,8356
Z4021,Flood,West,7068,97.05,58.66,21.86,17.2,2.73,6558,5863,27283,790,3920
Z4022,Earthquake,West,2844,47.62,39.43,10.08,17.6,3.49,1585,1239,5828,137,800
Z4023,Flood,North,27346,9.22,44.45,17.63,30.53,4.62,7360,6223,29000,765,4151
Z4024,Flood,Central,14686,25.86,36.72,6.01,20.92,2.14,5786,4406,20483,500,2893
Z4025,Wildfire,North,23009,37.53,48.98,3.62,8.51,13.44,11078,9111,42267,1152,6054
Z4026,Wildfire,Central,7419,99.95,69.42,3.41,8.45,3.59,7045,6241,29015,883,4133
Z4027,Flood,East,10894,33.76,43.22,7.27,8.93,4.17,4937,3804,17750,448,2525
Z4028,Cyclone,East,22333,7.51,12.66,3.54,28.42,13.43,5725,3900,17984,326,2560
Z4029,Earthquake,South,34656,53.73,55.75,6.57,23.06,14.41,20897,18793,87575,2459,12511
Z4030,Cyclone,South,21010,12.94,36.56,18.1,13.99,4.1,6241,4823,22580,555,3232
Z4031,Landslide,East,27315,31.04,45.92,13.81,9.86,5.12,11822,9559,44720,1171,6311
Z4032,Earthquake,South,26333,99.28,68.76,29.48,8.7,12.2,24874,24555,114731,3460,16370
Z4033,Wildfire,Central,13808,71.94,60.46,24.83,27.24,14.58,10212,10041,46920,1378,6696
Z4034,Flood,West,14342,9.81,36.84,6.96,31.58,10.1,3924,3112,14625,358,2113
Z4035,Cyclone,East,21573,47.63,48.66,14.25,20.93,7.2,12021,10244,47847,1297,6830
Z4036,Landslide,West,2086,21.31,33.27,14.64,28.18,10.44,751,592,2643,65,416
Z4037,Cyclone,North,34427,16.68,57.02,12.78,13.49,11.92,11192,9951,46662,1301,6613
Z4038,Landslide,West,30912,60.77,47.01,16.38,22.57,2.58,20271,16967,78974,2108,11322
Z4039,Landslide,North,15653,53.04,67.14,21.09,18.14,7.09,9357,8964,41775,1263,6027
Z4040,Flood,North,18999,75.57,52.71,20.3,7.63,13.0,14568,12797,59472,1655,8532
Z4041,Landslide,West,16771,89.77,82.23,12.64,19.62,10.88,14646,15134,70539,2258,10070
Z4042,Earthquake,East,32741,28.43,49.13,22.04,30.4,3.15,13529,11910,55638,1503,7968
Z4043,Flood,North,38106,92.68,69.85,10.82,6.55,11.57,34109,31787,148343,4493,21166
Z4044,Cyclone,North,5879,54.21,40.21,25.56,19.31,10.34,3566,3011,13880,362,1985
Z4045,Landslide,West,20959,29.59,17.63,29.04,31.2,4.71,8843,6510,30417,601,4335
Z4046,Earthquake,East,1181,85.35,64.56,10.96,28.7,5.82,992,930,4431,123,588
Z4047,Flood,South,22886,8.38,35.92,24.19,19.8,5.4,6016,4808,22555,552,3225
Z4048,Wildfire,South,12790,58.15,44.05,24.96,10.14,14.91,8136,6983,32541,845,4659
Z4049,Wildfire,West,17122,73.55,66.62,16.25,30.46,3.57,12869,12371,57693,1733,8207
Z4050,Cyclone,Central,23099,31.6,24.66,5.37,9.59,12.61,10094,7069,32946,724,4729
Z4051,Earthquake,Central,16524,87.03,70.06,24.23,13.3,8.43,14090,13732,64075,1944,9172
Z4052,Wildfire,Central,20006,27.83,26.54,14.0,8.73,13.33,8177,5984,27997,611,4017
Z4053,Earthquake,South,38356,84.79,70.7,8.62,18.77,14.75,32063,31185,145387,4425,20804
Z4054,Earthquake,West,40610,12.46,25.84,19.92,23.88,14.46,11917,9245,43093,968,6163
Z4055,Earthquake,South,790,20.19,21.82,14.8,29.81,12.96,278,238,1202,19,163
Z4056,Cyclone,North,19203,41.19,39.75,5.36,18.84,6.79,9773,7616,35431,900,5064
Z4057,Landslide,North,42421,86.14,61.17,29.56,34.12,4.8,35890,35247,164426,4765,23507
Z4058,Earthquake,East,26757,18.74,19.54,9.61,22.88,5.47,9112,6294,29322,591,4191
Z4059,Flood,South,10661,88.17,86.49,16.8,23.13,10.14,9182,9822,45988,1494,6549
Z4060,Wildfire,North,29879,26.82,35.43,21.02,10.26,5.79,11986,9256,43368,1064,6184
Z4061,Flood,West,7674,47.99,24.97,6.11,10.7,7.09,4297,2971,13868,293,1980
Z4062,Cyclone,North,1580,38.51,38.7,22.96,22.3,2.12,772,618,3226,68,412
Z4063,Flood,Central,31805,16.22,44.9,20.5,26.63,11.79,10230,8962,41877,1103,5972
Z4064,Landslide,East,25999,94.71,67.95,16.33,11.14,2.56,23668,21636,101245,3053,14448
Z4065,Earthquake,South,37947,46.63,68.62,17.26,19.52,5.72,20860,19881,92907,2806,13291
Z4066,Flood,South,17569,70.58,53.54,28.78,15.69,9.27,12814,11694,54633,1518,7771
Z4067,Flood,West,42787,59.65,63.85,27.59,18.16,8.44,27699,26733,124820,3669,17810
Z4068,Cyclone,Central,21353,52.66,66.4,6.02,11.66,13.5,12704,11671,54447,1616,7806
Z4069,Flood,South,37032,63.57,65.37,12.96,9.22,10.22,25062,22976,107344,3172,15333
Z4070,Cyclone,Central,5464,90.34,58.19,16.95,14.62,12.05,4795,4344,20370,575,2918
Z4071,Wildfire,Central,5309,71.43,52.98,27.84,31.07,5.25,3906,3648,16934,469,2391
Z4072,Earthquake,Central,39250,55.59,69.62,25.05,29.16,2.85,24214,24083,112679,3400,16073
Z4073,Wildfire,West,41783,66.29,51.8,13.44,8.05,11.41,29130,24789,115705,3179,16532
Z4074,Landslide,North,47149,62.61,71.14,26.93,7.63,3.15,31570,30166,140838,4297,20102
Z4075,Flood,South,16569,46.15,45.22,13.21,19.79,12.68,9049,7668,35687,935,5094
Z4076,Cyclone,East,1602,64.35,62.09,10.32,13.32,14.2,1094,991,4841,144,666
Z4077,Cyclone,West,49006,47.14,34.29,19.47,29.7,4.96,27127,21736,101385,2429,14515
Z4078,Cyclone,North,30268,76.97,60.03,12.61,19.59,11.65,23527,21643,100853,2921,14413
Z4079,Cyclone,East,12732,97.05,67.87,19.81,30.58,7.12,11814,11688,54667,1648,7792
Z4080,Earthquake,West,38311,96.19,80.61,14.06,8.25,5.19,35301,34371,160520,5095,22921
Z4081,Cyclone,North,45243,82.97,71.75,24.49,34.1,7.04,37202,38465,179690,5505,25635
Z4082,Landslide,East,14598,62.17,64.75,28.77,28.01,10.05,9726,9803,45564,1339,6502
Z4083,Wildfire,East,38599,76.19,61.02,10.3,26.96,14.83,29776,28179,131720,3825,18802
Z4084,Flood,East,39484,21.91,25.89,16.77,33.21,5.2,14385,10936,50853,1126,7232
Z4085,Flood,West,25333,50.51,54.97,22.56,19.11,10.88,14663,13419,62697,1742,8975
Z4086,Cyclone,North,31802,29.44,28.84,7.28,9.47,5.69,13382,9489,44114,995,6350
Z4087,Cyclone,West,13841,5.33,40.87,24.49,19.91,4.52,3321,2755,13122,322,1833
Z4088,Wildfire,North,46494,96.84,76.89,18.74,29.46,9.85,43067,44964,209714,6575,29950
Z4089,Cyclone,West,49164,87.07,68.97,7.04,30.79,11.66,41938,40935,191159,5774,27337
Z4090,Earthquake,South,49060,53.8,60.14,26.44,19.66,11.04,29608,28257,132068,3810,18870
Z4091,Wildfire,East,36988,29.14,40.11,14.52,26.97,14.2,15481,13085,60899,1539,8695
Z4092,Wildfire,South,2596,70.83,44.06,7.77,12.41,2.5,1898,1503,6938,163,965
Z4093,Flood,Central,18639,46.31,37.73,8.28,11.92,8.57,10202,7881,36680,910,5206
Z4094,Wildfire,North,22524,81.32,82.42,24.21,22.59,5.07,18242,19171,89660,2882,12809
Z4095,Earthquake,East,48013,99.95,80.98,28.26,17.65,12.44,45594,48992,228601,7285,32671
Z4096,Earthquake,Central,27576,38.16,25.81,13.21,9.83,1.87,13407,9293,43455,956,6218
Z4097,Flood,South,27040,28.22,44.75,5.13,27.84,3.46,11131,9013,42072,1096,6030
Z4098,Flood,North,7763,30.4,35.01,5.72,20.96,11.81,3323,2564,12039,282,1711
Z4099,Flood,South,39789,13.87,22.13,20.67,20.61,5.96,12097,8782,40937,855,5865
Z4100,Landslide,South,17146,42.43,34.6,13.01,10.68,10.55,8885,6788,31930,783,4532
Z4101,Wildfire,North,5047,6.66,40.66,14.51,12.23,14.98,1261,1032,4668,121,724
Z4102,Wildfire,Central,49389,15.87,10.14,12.1,25.78,7.44,15756,10389,48602,864,6899
Z4103,Cyclone,Central,9908,30.81,31.9,15.57,30.56,8.46,4271,3410,15758,377,2262
Z4104,Earthquake,Central,1303,20.19,37.55,20.38,10.32,14.65,458,389,1755,44,291
Z4105,Wildfire,East,4353,74.56,84.95,17.61,29.37,11.45,3305,3613,16650,536,2422
Z4106,Wildfire,South,22899,15.03,39.91,7.43,28.64,3.75,7161,5692,26663,674,3812
Z4107,Cyclone,Central,5593,87.27,62.85,16.26,29.45,12.26,4779,4620,21483,625,3096
Z4108,Earthquake,Central,42212,26.01,57.66,15.44,22.45,8.22,16677,15168,70778,2018,10104
Z4109,Wildfire,West,25866,15.32,17.16,17.73,15.56,12.02,8145,5677,26659,518,3799
Z4110,Earthquake,North,16533,5.96,31.46,5.99,28.13,9.38,4046,3098,14394,334,2052
Z4111,Cyclone,Central,655,72.94,70.97,7.15,19.4,4.18,489,428,1814,61,273
Z4112,Wildfire,West,24250,29.38,30.59,17.32,11.66,12.4,10193,7776,36617,853,5198
Z4113,Flood,West,7989,53.4,62.74,10.44,17.07,1.03,4797,4204,19584,558,2790
Z4114,Earthquake,Central,48914,15.6,27.41,19.98,18.73,13.43,15506,11919,55708,1268,7966
Z4115,Earthquake,South,14909,98.6,87.57,13.06,20.16,12.46,14007,14945,69714,2274,9969
Z4116,Landslide,East,24006,16.91,12.23,8.96,31.93,14.58,7846,5408,25489,464,3600
Z4117,Flood,South,1421,44.13,53.29,20.72,17.33,1.5,755,651,2991,88,464
Z4118,Flood,North,6980,85.91,67.31,13.64,13.54,7.13,5893,5406,25397,767,3615
Z4119,Earthquake,East,10770,28.26,54.34,7.26,33.87,3.37,4437,3855,18289,515,2587
Z4120,Earthquake,East,3060,30.36,41.17,24.84,12.26,6.24,1309,1091,4807,132,702
Z4121,Landslide,South,36437,81.81,84.99,14.66,5.33,6.04,29644,29446,137335,4461,19631
Z4122,Wildfire,West,47299,30.97,48.12,27.71,30.49,9.37,20446,18640,87175,2339,12426
Z4123,Cyclone,South,49276,5.27,26.37,8.22,33.63,7.12,11803,8850,41412,913,5913
Z4124,Earthquake,Central,13657,45.65,59.56,26.66,25.46,14.52,7407,7238,33710,970,4809
Z4125,Landslide,West,39543,6.19,37.93,25.03,17.23,4.89,9744,7858,36645,906,5330
Z4126,Landslide,South,25451,91.43,80.95,5.81,21.31,6.86,22543,22335,104376,3332,14882
Z4127,Flood,West,2769,65.97,33.78,17.36,29.96,10.81,1924,1610,6990,188,1101
Z4128,Wildfire,South,4989,60.39,46.42,20.65,31.56,4.87,3257,2848,13465,359,1916
Z4129,Cyclone,East,27615,24.15,54.89,16.38,8.08,11.13,10525,9200,42761,1176,6128
Z4130,Landslide,West,21471,71.49,49.25,13.54,31.04,10.92,15806,14051,65451,1751,9364
Z4131,Flood,South,914,69.34,73.73,28.48,23.52,10.97,658,641,3248,99,451
Z4132,Wildfire,South,46541,10.74,39.38,21.92,5.97,10.45,13057,10453,48856,1225,6985
Z4133,Wildfire,North,36652,88.68,65.06,29.08,8.25,12.44,31708,30674,142946,4240,20427
Z4134,Wildfire,South,25369,60.04,34.08,25.85,6.37,14.93,16497,13169,61714,1483,8794
Z4135,Cyclone,West,49357,80.28,62.33,25.06,33.46,1.77,39589,38195,177601,5209,25430
Z4136,Flood,North,48572,29.98,66.43,22.59,17.8,7.96,20636,19851,92530,2767,13223
Z4137,Cyclone,Central,48711,16.59,23.77,20.44,26.47,12.38,15803,12074,56142,1199,8042
Z4138,Landslide,South,13312,71.73,54.92,26.95,5.05,1.0,9824,8470,39291,1094,5641
Z4139,Cyclone,South,44104,80.42,57.26,19.56,28.8,8.63,35422,33097,154620,4386,22048
Z4140,Cyclone,East,25475,41.67,62.5,5.03,19.46,10.24,13057,11820,54875,1615,7866
Z4141,Earthquake,West,36439,7.25,26.07,18.73,32.71,3.68,9269,7019,33025,715,4695
Z4142,Landslide,West,43047,82.73,62.99,5.78,20.63,6.61,35319,31699,148116,4348,21187
Z4143,Cyclone,West,8584,24.58,55.48,28.63,28.66,12.05,3299,3179,14589,402,2110
Z4144,Landslide,North,22688,37.21,52.42,20.46,23.88,1.93,10869,9537,44142,1204,6370
Z4145,Flood,Central,6880,64.68,49.54,18.0,20.62,2.89,4713,4026,18686,500,2697
Z4146,Earthquake,East,14334,14.5,18.29,8.34,33.45,12.45,4426,3188,14766,310,2151
Z4147,Wildfire,Central,20969,11.84,45.41,16.93,19.87,12.33,6056,5211,24241,649,3466
Z4148,Landslide,West,42846,7.44,29.29,12.25,31.77,9.27,10960,8472,39569,894,5644
Z4149,Landslide,North,43202,92.08,57.06,21.24,6.08,6.83,38476,33825,157824,4460,22544
Z4150,Cyclone,East,19799,34.58,22.62,19.32,24.72,2.48,9095,6548,30650,658,4378
Z4151,Cyclone,Central,16795,67.76,48.88,16.48,32.35,12.36,11894,10722,49983,1345,7160
Z4152,Landslide,West,26771,98.98,64.57,9.82,31.98,4.38,25228,23679,110567,3274,15762
Z4153,Landslide,West,45638,68.6,38.18,17.2,19.55,13.78,32608,26818,125246,3118,17875
Z4154,Cyclone,Central,48839,54.88,41.99,15.47,19.16,11.86,29870,24863,116057,2979,16549
Z4155,Wildfire,East,11725,54.49,43.94,25.98,29.32,2.13,7137,6122,28780,738,4060
Z4156,Earthquake,South,9731,40.81,41.89,27.15,15.05,9.9,4925,4166,19384,501,2764
Z4157,Earthquake,North,35486,61.98,79.4,23.5,33.11,13.89,23593,25892,120858,3840,17244
Z4158,Landslide,Central,15419,96.09,74.65,11.63,12.52,13.31,14196,13896,65041,2014,9285
Z4159,Landslide,West,10388,79.86,66.91,4.03,7.23,9.59,8299,7453,34152,1032,4910
Z4160,Cyclone,Central,2037,45.3,56.03,27.98,28.16,3.41,1099,1002,4759,131,669
Z4161,Wildfire,West,20459,36.58,42.27,29.78,17.14,10.52,9705,8293,38934,988,5567
Z4162,Wildfire,South,19896,88.94,78.72,6.43,15.67,10.33,17251,16907,79050,2484,11321
Z4163,Earthquake,North,28371,17.9,38.21,21.51,14.63,9.24,9483,7675,35681,883,5101
Z4164,Landslide,Central,10409,85.71,73.61,14.48,34.41,4.72,8773,8818,41359,1258,5857
Z4165,Wildfire,Central,35861,29.23,74.27,7.01,22.15,13.6,15034,14909,69345,2138,9896
Z4166,Wildfire,East,34162,72.98,76.07,29.95,34.76,8.04,25531,27599,128614,3995,18366
Z4167,Cyclone,South,23386,81.59,56.89,28.2,15.31,5.16,18988,17311,80722,2284,11533
Z4168,Landslide,Central,9475,50.31,57.11,29.53,17.42,4.57,5470,4989,23663,671,3400
Z4169,Landslide,Central,25594,23.27,28.3,6.89,11.35,4.93,9586,6724,31215,712,4523
Z4170,Wildfire,West,33903,85.25,77.24,16.28,17.91,7.46,28457,28413,132865,4155,18936
Z4171,Earthquake,East,18949,39.91,30.45,27.19,6.86,4.23,9462,7069,33393,774,4776
Z4172,Flood,Central,13542,35.46,31.21,21.23,5.02,8.24,6310,4721,21988,528,3141
Z4173,Landslide,Central,25572,53.45,58.52,14.73,18.59,3.69,15366,13650,63690,1835,9068
Z4174,Landslide,South,18083,46.33,62.45,16.95,27.38,4.79,9900,9289,43328,1267,6178
Z4175,Wildfire,South,20325,69.89,69.47,4.04,18.11,2.68,14719,13323,62416,1880,8902
Z4176,Flood,West,17768,18.03,45.17,19.51,20.54,6.0,5956,4992,23561,611,3344
Z4177,Flood,North,15521,46.39,55.0,26.21,18.37,6.68,8504,7736,36409,1016,5184
Z4178,Cyclone,North,35979,89.71,76.41,3.08,20.8,6.65,31403,30091,140221,4387,20074
Z4179,Landslide,East,23282,8.43,23.59,7.32,28.27,11.15,6128,4495,20977,449,3011
Z4180,Wildfire,Central,23592,48.45,61.4,16.99,29.11,7.77,13291,12604,58475,1706,8354
Z4181,Landslide,Central,32828,67.75,74.56,18.15,30.14,10.7,23246,24069,112138,3471,15997
Z4182,Landslide,North,18384,89.33,73.37,12.27,11.37,1.46,15994,14825,69503,2114,9848
Z4183,Earthquake,South,5501,61.41,57.37,3.75,18.74,7.11,3634,3147,14698,410,2081
Z4184,Cyclone,South,42705,83.33,89.93,23.08,29.93,2.26,35231,38661,180625,5957,25752
Z4185,Flood,Central,3257,26.16,39.14,9.56,33.26,7.47,1290,1084,5002,135,728
Z4186,Landslide,Central,28812,38.52,47.09,20.4,21.29,9.61,14086,12211,57155,1527,8151
Z4187,Flood,Central,13658,94.5,82.79,18.1,19.79,12.15,12412,13112,61133,1959,8757
Z4188,Flood,East,11084,89.17,72.87,14.63,27.94,8.7,9630,9675,44900,1378,6420
Z4189,Flood,North,2576,58.01,47.06,18.94,34.75,6.31,1636,1433,6662,192,980
Z4190,Wildfire,West,45055,50.17,57.13,21.77,17.78,4.7,25964,23332,108631,3085,15538
Z4191,Flood,Central,21746,47.85,50.85,18.45,9.95,14.4,12153,10610,49547,1353,7079
Z4192,Earthquake,South,17461,10.59,52.93,18.05,30.03,3.78,4879,4392,20372,576,2915
Z4193,Wildfire,South,37191,89.78,83.84,14.77,26.31,1.59,32481,33288,155517,5013,22242
Z4194,Flood,East,2429,82.72,63.35,14.61,9.35,2.76,1993,1765,8205,239,1169
Z4195,Cyclone,South,28445,48.34,60.34,16.26,14.71,14.97,16002,14877,69577,2017,9894
Z4196,Flood,Central,24983,31.55,46.05,15.21,21.6,13.69,10908,9418,44102,1162,6302
Z4197,Cyclone,East,27895,37.58,61.38,14.85,26.94,5.48,13441,12456,57989,1692,8302
Z4198,Wildfire,Central,6635,16.7,27.89,8.68,28.42,1.05,2158,1597,7220,178,1042
Z4199,Earthquake,West,47651,73.57,67.73,22.57,9.67,11.74,35823,34508,161142,4815,23049
Z4200,Cyclone,East,12304,57.88,55.64,6.59,11.5,5.21,7802,6565,30606,861,4362
Z4201,Wildfire,East,34083,27.24,40.68,27.54,27.32,1.31,13780,11587,54124,1362,7693
Z4202,Cyclone,West,37482,64.19,49.68,19.87,8.48,7.39,25541,21572,100859,2725,14369
Z4203,Wildfire,South,17527,98.03,85.83,4.32,19.94,6.94,16392,16514,77469,2503,11028
Z4204,Earthquake,East,6972,16.63,39.16,20.79,21.38,6.06,2264,1858,8581,211,1216
Z4205,Earthquake,Central,15185,48.56,67.13,12.76,15.18,10.15,8567,8063,37796,1126,5376
Z4206,Flood,Central,40444,51.95,53.45,28.1,28.89,11.16,23847,22521,105095,2923,15055
Z4207,Earthquake,North,45372,20.85,31.53,28.27,6.66,8.83,16169,12500,58663,1366,8327
Z4208,Flood,West,46877,55.5,65.0,25.84,28.32,1.2,28888,27879,130201,3855,18610
Z4209,Cyclone,Central,11702,62.57,49.88,18.33,24.38,1.31,7832,6700,31396,848,4472
Z4210,Flood,East,30523,19.95,48.99,27.82,20.22,13.34,10672,9673,45370,1218,6446
Z4211,Flood,South,7976,19.7,48.83,20.54,31.17,3.61,2774,2426,11189,307,1594
Z4212,Cyclone,East,35663,86.35,87.58,26.63,11.07,6.57,30229,32149,149720,4888,21417
Z4213,Landslide,Central,21085,34.58,48.54,7.32,29.02,2.45,9685,8082,37774,1025,5400
Z4214,Flood,North,35823,64.88,54.85,27.41,10.63,4.21,24596,21799,101645,2843,14533
Z4215,Landslide,South,34414,64.54,61.81,20.86,34.71,7.79,23541,22922,107267,3112,15297
Z4216,Cyclone,Central,49644,84.72,76.16,11.19,5.98,4.3,41473,38710,180637,5646,25867
Z4217,Flood,West,24688,75.29,59.69,29.94,21.6,10.23,18878,18217,85221,2446,12130
Z4218,Cyclone,South,17406,84.85,87.66,21.55,10.04,6.14,14558,15139,70745,2323,10119
Z4219,Wildfire,West,26574,64.4,67.38,27.53,17.24,12.04,18150,18087,84296,2535,12034
Z4220,Cyclone,North,8561,47.7,40.53,3.15,9.44,9.43,4775,3649,17027,433,2455
Z4221,Wildfire,West,6032,42.39,70.91,17.91,10.81,4.56,3124,2963,13683,426,1943
Z4222,Wildfire,East,26199,41.01,48.72,22.24,6.83,12.32,13298,11455,53360,1436,7631
Z4223,Earthquake,Central,41358,44.75,36.48,3.37,5.24,14.05,22152,16608,77648,1894,11086
Z4224,Flood,West,26896,17.28,24.54,23.59,26.58,2.68,8865,6604,30660,678,4426
Z4225,Landslide,North,39206,45.28,67.76,20.59,18.6,10.38,21156,20593,96200,2875,13773
Z4226,Cyclone,West,9306,42.0,70.0,10.42,6.37,9.83,4793,4482,20732,599,2921
Z4227,Earthquake,West,22745,8.28,41.67,21.6,33.17,10.38,5961,5178,24007,625,3433
Z4228,Flood,South,30849,31.14,57.96,6.53,24.97,1.44,13375,11573,54249,1548,7742
Z4229,Flood,East,17710,76.43,81.64,25.25,12.93,1.39,13694,13907,64814,2067,9236
Z4230,Wildfire,South,1199,59.9,64.63,26.39,18.16,5.13,778,724,3687,114,489
Z4231,Flood,West,4135,81.59,73.82,16.11,19.68,2.12,3357,3197,15158,467,2149
Z4232,Wildfire,South,46420,56.56,62.59,16.7,22.1,6.13,28975,26904,125418,3673,17938
Z4233,Earthquake,East,30454,86.14,81.21,13.86,30.72,13.21,25766,27538,128591,4102,18363
Z4234,Flood,West,13596,80.63,60.45,12.32,22.7,5.96,10941,9925,46457,1333,6597
Z4235,Cyclone,North,13311,14.34,41.67,26.57,34.36,6.5,4094,3553,16576,425,2390
Z4236,Flood,Central,2458,97.82,96.3,11.23,26.8,4.75,2295,2498,11701,396,1662
Z4237,Earthquake,North,47267,6.4,26.04,13.88,34.66,6.9,11722,8911,41652,922,5931
Z4238,Flood,Central,5858,61.7,55.18,11.1,21.52,12.17,3882,3510,16493,452,2342
Z4239,Flood,West,38093,80.29,74.88,20.73,25.35,12.63,30557,31758,148128,4595,21186
Z4240,Flood,East,12392,36.53,37.3,24.98,27.14,6.89,5873,4868,22918,553,3235
Z4241,Wildfire,East,17113,61.86,43.22,7.44,27.64,6.56,11362,9301,43480,1117,6187
Z4242,Flood,South,14058,39.4,60.44,9.88,5.73,3.73,6966,5952,27714,815,3970
Z4243,Earthquake,West,41314,10.76,25.51,5.81,8.82,14.66,11597,8298,38729,845,5476
Z4244,Flood,South,2124,5.8,28.41,7.32,11.83,5.35,517,339,1585,40,273
Z4245,Flood,East,17938,14.01,25.38,13.99,13.14,5.8,5472,3926,18226,387,2602
Z4246,Flood,Central,14328,14.35,48.21,23.95,32.16,7.02,4408,3956,18500,517,2631
Z4247,Flood,West,14011,63.03,69.9,17.62,26.68,2.13,9426,9070,42291,1283,6074
Z4248,Flood,West,10050,54.96,52.34,4.44,9.3,5.6,6153,4955,23522,634,3361
Z4249,Cyclone,East,45667,48.27,37.39,19.88,17.79,14.03,25666,21137,98610,2431,14027
Z4250,Earthquake,North,19242,70.73,59.74,24.47,12.29,2.04,14056,12664,58934,1690,8439
Z4251,Flood,North,21201,6.6,35.47,13.62,29.9,4.37,5290,4176,19516,478,2817
Z4252,Earthquake,North,19566,30.74,44.17,9.62,32.53,4.05,8424,7003,32706,840,4666
Z4253,Cyclone,South,49021,78.85,69.68,23.63,9.93,4.29,38794,36774,171927,5217,24544
Z4254,Cyclone,East,17281,91.45,77.84,3.65,17.5,14.36,15309,15159,70662,2229,10096
Z4255,Flood,South,17413,46.64,59.76,25.02,33.59,10.92,9574,9405,43795,1263,6285
Z4256,Wildfire,East,16732,12.74,31.5,24.72,24.71,13.88,4945,3994,18742,427,2674
Z4257,Earthquake,Central,16685,80.88,74.88,26.98,31.04,13.01,13458,14460,67455,2087,9636
Z4258,Earthquake,Central,4941,89.09,62.16,5.42,15.73,9.75,4290,3797,17743,522,2553
Z4259,Cyclone,West,30412,44.3,80.01,5.91,11.29,8.84,16187,15692,73213,2311,10465
Z4260,Earthquake,North,1747,28.12,37.06,26.56,25.74,8.13,718,572,2678,60,453
Z4261,Landslide,West,11684,9.18,32.49,15.83,9.12,10.65,3141,2392,10981,271,1575
Z4262,Wildfire,Central,10504,61.15,65.43,13.59,30.2,10.83,6918,6712,31878,933,4487
Z4263,Wildfire,West,14928,91.44,70.36,18.48,27.65,9.39,13223,13183,62087,1880,8813
Z4264,Earthquake,Central,37954,69.4,63.26,4.58,14.15,7.29,27346,24187,112779,3314,16098
Z4265,Flood,North,30175,35.14,44.28,20.38,19.96,10.46,13988,11963,55834,1451,7937
Z4266,Flood,South,49546,66.07,50.37,28.52,28.98,3.19,34460,31099,145341,3950,20711
Z4267,Earthquake,East,17884,84.05,76.49,21.24,33.05,8.72,14850,15660,73039,2287,10459
Z4268,Landslide,North,46462,50.2,32.82,15.54,15.56,8.27,26785,20521,95754,2274,13680
Z4269,Cyclone,South,2723,82.88,91.62,28.94,28.7,8.49,2237,2581,11953,401,1715
Z4270,Earthquake,South,25459,42.23,57.74,21.59,10.83,8.15,13155,11862,55342,1582,7862
Z4271,Flood,South,40043,38.11,53.63,4.54,32.11,11.5,19454,17363,81170,2250,11567
Z4272,Cyclone,West,26825,60.38,37.37,21.09,25.59,11.6,17513,14592,68373,1671,9711
Z4273,Wildfire,West,46699,49.15,42.52,4.61,9.58,5.61,26554,20366,95032,2453,13570
Z4274,Landslide,North,16072,97.83,95.48,11.3,27.19,5.91,15007,16432,77058,2574,10969
Z4275,Earthquake,West,2150,54.06,100.0,19.62,26.72,1.23,1302,1439,6827,227,966
Z4276,Cyclone,Central,38810,41.59,62.21,8.82,27.27,2.59,19868,18012,84219,2455,11972
Z4277,Cyclone,North,3866,42.52,60.83,4.03,15.35,4.67,2006,1746,8015,237,1145
Z4278,Wildfire,West,38356,57.05,62.68,19.68,27.19,11.72,24083,23339,108939,3183,15607
Z4279,Earthquake,West,36804,38.72,36.13,10.72,29.8,12.17,18049,14648,68741,1677,9781
Z4280,Earthquake,West,42292,73.68,77.47,17.39,15.41,4.47,31829,31362,146369,4606,20864
Z4281,Cyclone,Central,24207,41.16,34.42,10.05,11.24,13.18,12314,9406,44157,1063,6311
Z4282,Flood,West,44828,41.49,33.29,21.53,31.64,6.26,22915,18513,86427,2056,12365
Z4283,Wildfire,South,8906,63.61,44.7,27.18,23.62,12.17,6030,5412,24818,639,3567
Z4284,Earthquake,North,22000,10.78,42.64,5.34,18.81,7.54,6179,4904,22813,607,3308
Z4285,Wildfire,Central,6530,67.26,61.3,24.23,31.39,10.98,4600,4552,21139,609,3017
Z4286,Cyclone,West,38461,52.97,55.34,7.21,9.08,5.99,22972,19231,89546,2503,12804
Z4287,Landslide,East,35857,48.04,51.24,11.89,29.32,1.99,20091,17261,80364,2208,11532
Z4288,Landslide,East,40417,73.33,51.82,12.65,19.72,4.56,30312,25838,120799,3319,17238
Z4289,Landslide,East,38335,77.03,59.32,8.57,6.28,10.76,29814,25959,120837,3484,17267
Z4290,Landslide,North,15769,85.39,64.52,5.03,34.18,13.85,13253,12789,59814,1756,8505
Z4291,Landslide,South,3869,40.61,30.47,23.75,28.34,9.8,1952,1626,7206,169,1064
Z4292,Earthquake,South,46498,36.07,38.79,24.43,11.44,11.77,21878,17933,83787,2092,11985
Z4293,Flood,West,24894,72.86,52.1,29.91,32.71,1.2,18582,17095,79715,2197,11392
Z4294,Wildfire,East,5169,60.27,65.08,28.23,33.06,11.64,3370,3447,16208,481,2306
Z4295,Wildfire,East,46390,65.02,68.69,14.74,29.01,12.7,31900,31809,148439,4481,21178
Z4296,Earthquake,East,49717,57.77,41.25,6.6,8.82,6.78,31485,24182,112849,2881,16114
Z4297,Flood,Central,22552,78.41,64.57,3.29,10.59,7.91,17773,15636,73081,2146,10426
Z4298,Wildfire,North,38620,23.05,59.95,17.35,27.62,1.73,14400,13175,61471,1776,8809
Z4299,Flood,North,2296,57.79,45.02,26.24,32.41,3.44,1454,1286,5780,158,871
Z4300,Flood,East,5117,20.02,41.13,10.23,11.45,1.79,1792,1327,6309,163,927
Z4301,Wildfire,Central,14190,43.69,50.3,8.37,18.82,11.24,7488,6373,29778,809,4221
Z4302,Landslide,Central,32984,68.08,75.56,14.85,9.64,12.2,23438,23046,107466,3347,15335
Z4303,Landslide,South,7104,51.84,57.06,27.13,19.34,2.52,4183,3832,18007,499,2531
Z4304,Landslide,South,2191,41.06,42.41,15.2,24.28,13.9,1113,956,4555,135,625
Z4305,Landslide,Central,33604,89.07,74.79,22.51,5.56,12.75,29169,28979,135079,4206,19318
Z4306,Cyclone,North,38625,78.42,69.11,15.49,24.29,9.07,30442,29732,138980,4202,19844
Z4307,Landslide,South,37091,55.0,54.15,13.07,24.19,14.7,22718,20708,96514,2686,13805
Z4308,Landslide,East,40062,95.26,61.56,14.9,18.65,13.35,36635,34288,160276,4652,22864
Z4309,Earthquake,South,40241,45.31,64.84,23.75,31.86,4.12,21723,21230,98991,2932,14145
Z4310,Cyclone,East,30319,79.87,81.73,23.37,9.04,14.36,24226,25380,118381,3784,16903
Z4311,Earthquake,Central,26211,20.95,23.99,14.66,6.54,7.2,9361,6542,30663,647,4356
Z4312,Landslide,Central,42915,32.15,39.07,10.23,19.87,3.17,18931,14670,68572,1724,9831
Z4313,Flood,South,17727,37.12,42.71,6.76,20.99,3.8,8481,6682,31338,816,4495
Z4314,Wildfire,East,5345,15.05,19.4,3.04,13.0,10.58,1672,1123,5313,89,741
Z4315,Earthquake,Central,37722,52.67,31.57,6.06,33.85,14.83,22446,17836,82961,1939,11873
Z4316,Flood,South,14158,23.26,29.75,7.45,12.61,7.23,5301,3819,17605,421,2587
Z4317,Flood,East,48954,65.25,56.61,21.63,13.1,9.02,33748,30393,142046,4017,20243
Z4318,Cyclone,South,21002,23.06,20.39,25.08,29.33,5.2,7833,5806,27465,552,3875
Z4319,Earthquake,West,42664,16.73,36.33,22.9,32.68,12.84,13886,11808,55211,1355,7888
Z4320,Landslide,North,2601,97.06,92.34,22.53,21.08,2.61,2414,2642,12323,401,1741
Z4321,Cyclone,South,33132,67.53,72.25,29.85,5.57,9.15,23407,23124,107806,3309,15419
Z4322,Earthquake,West,22687,93.96,75.16,28.99,15.66,9.21,20525,21054,98603,3048,14063
Z4323,Earthquake,West,23399,51.54,31.26,10.26,11.72,1.02,13725,9863,45806,1071,6546
Z4324,Earthquake,South,13628,8.17,38.08,6.92,20.33,14.17,3561,2880,13471,338,1887
Z4325,Landslide,South,48575,59.57,59.52,7.14,25.48,14.64,31417,29052,135780,3899,19370
Z4326,Flood,West,19940,58.04,62.01,27.18,16.77,7.54,12668,12023,56154,1640,8046
Z4327,Wildfire,Central,42599,6.42,51.76,5.76,21.12,11.16,10571,9075,42479,1163,6047
Z4328,Earthquake,East,21543,86.82,62.85,12.18,27.8,12.88,18336,17553,81926,2406,11696
Z4329,Flood,West,2889,63.9,25.65,17.32,12.38,2.63,1962,1372,6549,140,945
Z4330,Landslide,West,44031,75.75,54.02,19.56,10.88,2.18,33821,28881,134820,3763,19235
Z4331,Landslide,Central,9663,51.92,59.39,19.08,29.17,10.65,5695,5454,25204,733,3617
Z4332,Landslide,South,13882,63.75,60.39,24.23,6.11,8.83,9414,8549,39968,1158,5725
Z4333,Earthquake,East,43125,29.46,26.62,18.44,9.52,10.51,18153,13350,62512,1388,8882
Z4334,Flood,North,44741,97.51,61.59,25.98,5.37,9.01,41668,38388,179026,5204,25541
Z4335,Wildfire,South,45880,43.07,44.43,5.29,21.66,11.17,23996,19697,91989,2398,13134
Z4336,Cyclone,East,21585,20.42,21.28,26.19,23.0,3.17,7623,5543,26101,544,3741
Z4337,Cyclone,Central,37970,10.31,36.92,18.93,20.93,4.02,10530,8365,39085,948,5554
Z4338,Earthquake,South,16726,65.44,56.05,9.02,17.43,4.32,11554,9904,46041,1299,6608
Z4339,Landslide,North,37150,98.42,71.61,29.4,20.87,6.83,34852,35284,164950,5034,23522
Z4340,Wildfire,East,25374,90.1,65.46,28.37,10.82,11.63,22221,21556,100654,2992,14403
Z4341,Landslide,East,3072,71.7,67.59,25.83,29.79,12.64,2266,2367,10950,330,1543
Z4342,Landslide,West,21178,99.11,80.02,27.61,34.42,6.62,19978,21795,101472,3229,14487
Z4343,Landslide,North,23652,73.67,67.94,13.32,21.22,9.43,17799,17028,79609,2388,11360
Z4344,Flood,Central,13240,37.23,47.64,9.15,16.23,5.13,6345,5155,23891,639,3502
Z4345,Cyclone,West,19036,62.12,58.3,7.94,28.75,7.66,12676,11451,53358,1516,7651
Z4346,Earthquake,East,25383,12.58,19.52,26.59,10.79,14.17,7471,5490,25520,521,3627
Z4347,Cyclone,Central,2960,26.06,30.57,25.32,14.62,4.77,1171,916,4571,108,539
Z4348,Wildfire,South,8014,44.67,44.83,29.49,33.2,12.03,4288,3954,18334,478,2638
Z4349,Wildfire,East,38456,24.17,63.08,25.9,10.59,1.59,14662,13421,62412,1834,8917
Z4350,Cyclone,South,17920,95.58,61.38,20.07,8.36,5.83,16430,14731,68919,2002,9826
Z4351,Flood,South,30615,99.58,74.74,6.84,21.39,10.22,28988,28293,132010,4101,18862
Z4352,Earthquake,Central,28507,40.24,48.31,7.45,22.62,11.86,14305,12167,57048,1534,8152
Z4353,Landslide,Central,27785,72.38,61.17,15.79,22.91,9.29,20640,19243,89869,2624,12837
Z4354,Cyclone,South,20964,43.74,61.94,23.73,9.93,13.17,11070,10412,48825,1423,6922
Z4355,Cyclone,South,24424,18.25,31.34,7.68,26.63,12.49,8228,6359,29719,699,4245
Z4356,Earthquake,North,41284,37.01,42.54,27.72,12.27,9.65,19716,16645,77773,1995,11069
Z4357,Wildfire,North,48270,27.17,49.72,21.46,33.44,5.87,19490,17542,81603,2217,11699
Z4358,Wildfire,Central,13207,36.17,66.62,11.43,11.84,6.09,6224,5692,26426,788,3767
Z4359,Landslide,North,33639,25.43,55.88,26.92,5.52,9.61,13144,11784,55044,1545,7820
Z4360,Wildfire,North,48504,15.67,31.98,19.16,22.04,10.19,15401,12129,56642,1333,8096
Z4361,Flood,Central,875,25.66,38.52,22.8,11.09,6.52,343,278,1331,37,181
Z4362,Flood,West,39344,91.05,75.64,13.41,23.86,6.57,34736,34473,161103,5016,22982
Z4363,Landslide,West,25093,13.1,33.97,13.63,11.88,3.47,7484,5517,26175,621,3678
Z4364,Landslide,North,48396,35.85,34.55,3.34,17.84,1.0,22692,16534,77176,1857,11017
Z4365,Earthquake,North,29124,55.2,66.6,17.52,10.39,7.46,17882,16632,77555,2306,11065
Z4366,Wildfire,West,41988,38.68,48.75,23.54,17.86,12.63,20578,18273,85397,2301,12176
Z4367,Landslide,East,8717,54.17,54.26,29.16,9.1,11.73,5285,4796,22223,622,3219
Z4368,Earthquake,North,7534,9.12,14.76,27.09,15.14,14.92,2022,1410,6625,119,924
Z4369,Landslide,East,46366,66.61,62.38,5.35,10.97,10.37,32436,28732,133739,3917,19137
Z4370,Wildfire,Central,26560,58.53,34.47,29.47,29.48,4.27,16971,13988,65301,1573,9330
Z4371,Landslide,Central,28138,69.69,56.35,7.04,26.88,10.48,20335,18253,85209,2398,12160
Z4372,Cyclone,North,8914,58.89,50.63,4.11,10.0,12.6,5720,4741,22335,608,3133
Z4373,Wildfire,North,11723,46.6,54.07,23.22,7.49,9.97,6442,5673,26583,744,3777
Z4374,Earthquake,South,41003,38.26,68.6,27.46,5.77,7.74,19966,19086,89101,2705,12733
Z4375,Wildfire,West,15515,26.51,46.44,28.64,11.8,9.66,6188,5362,25012,660,3539
Z4376,Wildfire,West,29416,52.51,71.26,25.27,19.41,1.36,17468,17016,79189,2426,11360
Z4377,Earthquake,East,16168,7.47,36.85,8.53,17.0,4.71,4139,3141,14644,356,2101
Z4378,Landslide,East,13541,36.18,58.4,7.16,34.14,3.21,6383,5785,26445,770,3815
Z4379,Wildfire,East,8718,69.4,85.46,4.59,28.77,6.79,6281,6471,30254,979,4335
Z4380,Earthquake,East,46516,15.33,24.65,18.71,7.35,13.5,14651,10637,49884,1094,7122
Z4381,Landslide,North,47034,10.97,21.47,16.15,9.77,3.63,13277,9083,42430,886,6094
Z4382,Cyclone,East,6201,66.96,69.85,5.95,5.8,1.99,4354,3802,17719,546,2546
Z4383,Cyclone,Central,17986,42.79,48.49,15.55,9.15,11.88,9369,7902,36792,989,5251
Z4384,Landslide,East,28411,81.17,72.29,18.32,20.88,13.15,22978,23136,108236,3303,15429
Z4385,Cyclone,East,19473,94.04,73.74,22.52,7.3,8.44,17629,17211,80052,2484,11469
Z4386,Landslide,Central,36192,95.92,70.6,14.18,6.8,6.27,33275,30788,143789,4361,20509
Z4387,Wildfire,North,13381,45.43,69.44,11.6,8.54,7.03,7235,6640,30921,939,4438
Z4388,Earthquake,West,3413,30.11,28.36,20.97,25.08,10.23,1453,1137,5035,119,747
Z4389,Flood,South,17178,62.82,67.79,21.47,5.58,12.64,11529,10991,51486,1541,7320
Z4390,Landslide,East,30094,64.68,66.86,10.3,34.09,3.65,20617,19658,91954,2744,13107
Z4391,Wildfire,North,9441,64.12,41.32,3.54,16.42,13.63,6428,5126,23868,611,3441
Z4392,Wildfire,South,40887,35.57,34.59,28.53,15.1,10.2,19085,15472,72121,1742,10304
Z4393,Cyclone,East,1106,11.06,23.13,23.39,19.24,11.34,313,243,1056,23,160
Z4394,Wildfire,East,3842,24.95,45.5,8.43,20.54,2.22,1487,1200,5455,168,805
Z4395,Wildfire,South,25687,19.67,31.41,18.27,17.6,13.86,8927,7042,32637,762,4652
Z4396,Earthquake,Central,25856,16.77,33.2,19.06,19.59,8.39,8423,6594,30904,723,4416
Z4397,Flood,South,15097,93.0,58.66,6.4,15.19,6.07,13550,11715,54954,1553,7822
Z4398,Wildfire,South,13298,6.32,56.39,8.17,14.66,6.59,3290,2885,13126,378,1902
Z4399,Flood,East,3955,62.18,60.05,28.83,5.82,5.1,2635,2391,11314,309,1572
Z4400,Flood,South,33315,95.01,83.24,16.72,25.15,3.28,30402,31417,146664,4701,20924
Z4401,Earthquake,South,19262,39.21,40.08,8.17,23.52,1.49,9517,7392,34392,864,4948
Z4402,Landslide,North,6374,55.07,47.46,24.53,25.06,4.7,3907,3393,15916,428,2272
Z4403,Landslide,East,20292,71.1,87.06,15.71,33.23,7.95,14879,16236,75757,2481,10826
Z4404,Earthquake,West,46884,35.13,21.32,20.24,19.19,10.33,21730,15866,74200,1539,10561
Z4405,Landslide,East,13431,50.38,56.05,11.03,31.45,11.27,7761,7156,33546,943,4764
Z4406,Wildfire,West,44789,82.62,55.9,4.56,18.32,9.34,36711,31736,148120,4150,21101
Z4407,Flood,West,13308,75.81,61.84,7.45,19.33,2.62,10228,9024,42198,1218,6015
Z4408,Wildfire,West,9705,81.8,62.33,29.27,23.99,7.04,7895,7645,35771,1050,5143
Z4409,Landslide,South,13402,98.8,67.51,19.84,11.48,10.34,12611,12036,56280,1681,8005
Z4410,Wildfire,Central,16501,40.18,47.52,25.44,11.52,11.4,8273,7182,33529,902,4792
Z4411,Flood,Central,6470,75.97,35.97,3.58,20.29,5.54,4980,3760,17697,410,2538
Z4412,Earthquake,West,29588,62.26,55.46,23.67,7.06,14.0,19734,17829,83426,2333,11893
Z4413,Earthquake,North,17006,68.33,61.5,16.09,12.1,12.14,12116,11121,52114,1516,7436
Z4414,Landslide,Central,36044,75.29,50.1,20.96,28.8,12.92,27562,25161,117446,3196,16831
Z4415,Landslide,East,24804,76.22,85.08,12.67,18.91,10.33,19140,19949,92993,3015,13334
Z4416,Earthquake,East,22411,89.15,66.9,19.76,5.8,6.79,19467,17976,83945,2509,11955
Z4417,Earthquake,South,23814,38.19,43.15,3.96,6.82,14.08,11584,9141,42809,1094,6088
Z4418,Cyclone,North,8236,67.08,54.79,4.23,32.59,13.62,5791,5245,24500,679,3514
Z4419,Flood,Central,35788,31.63,41.42,24.57,33.7,12.6,15647,13827,64562,1667,9240
Z4420,Wildfire,East,5655,61.48,74.51,6.36,24.23,13.48,3739,3730,17376,527,2492
Z4421,Wildfire,Central,36216,76.36,96.67,3.38,10.55,13.83,27984,29707,138582,4661,19751
Z4422,Landslide,West,49989,80.15,78.03,27.64,16.04,11.45,40047,41968,195852,6169,27946
Z4423,Cyclone,Central,38318,44.91,62.76,10.17,14.16,3.8,20570,18211,85178,2477,12162
Z4424,Landslide,East,23040,53.33,74.93,18.72,28.55,8.54,13823,14194,66091,2068,9467
Z4425,Earthquake,South,16066,36.72,48.18,25.65,21.11,9.62,7638,6740,31710,870,4526
Z4426,Flood,East,43691,21.06,55.43,23.14,28.39,11.83,15639,14770,68943,1934,9821
Z4427,Earthquake,North,13231,29.75,50.87,4.26,15.82,7.93,5598,4610,21443,593,3081
Z4428,Cyclone,West,24378,91.65,77.14,18.15,31.09,8.18,21632,22522,104897,3279,15024
Z4429,Wildfire,Central,38658,34.35,48.1,17.63,17.87,14.94,17691,15433,72375,1948,10313
Z4430,Flood,North,46157,97.6,56.82,12.45,17.52,7.33,43018,37925,176667,4994,25266
Z4431,Earthquake,Central,46088,27.94,43.87,23.35,19.67,2.82,18875,15745,73670,1897,10493
Z4432,Flood,West,4844,73.69,47.0,29.03,22.75,10.94,3646,3271,15222,407,2194
Z4433,Cyclone,East,44964,59.52,38.23,6.97,31.82,6.08,29065,23213,108395,2701,15484
Z4434,Wildfire,West,6144,71.2,66.47,6.92,18.73,4.48,4510,4139,19273,558,2747
Z4435,Flood,North,29432,66.18,48.03,22.84,32.9,9.8,20495,18602,86652,2317,12401
Z4436,Cyclone,Central,46517,72.14,64.59,15.27,16.81,14.36,34471,32841,153416,4518,21867
Z4437,Flood,Central,32913,91.03,76.73,24.47,14.74,5.38,29053,29174,136088,4258,19486
Z4438,Flood,West,47401,58.53,59.39,6.81,13.85,6.21,30288,26186,122438,3513,17514
Z4439,Cyclone,South,17544,11.45,20.45,4.08,5.63,7.52,5015,3307,15524,313,2201
Z4440,Cyclone,North,16078,30.73,52.69,21.84,30.47,10.63,6921,6378,29794,832,4272
Z4441,Wildfire,South,16647,72.28,63.68,29.86,7.38,6.54,12354,11608,54170,1594,7743
Z4442,Earthquake,East,18081,51.94,58.86,5.56,15.03,6.95,10660,9253,42696,1238,6162
Z4443,Landslide,Central,34299,57.11,42.05,26.34,12.51,10.81,21551,18136,84832,2169,12086
Z4444,Flood,East,22896,61.68,56.78,13.4,27.33,14.79,15171,14129,65975,1876,9469
Z4445,Cyclone,West,37003,41.35,60.91,3.45,32.98,5.43,18876,17158,79912,2316,11376
Z4446,Wildfire,East,21100,78.52,79.83,16.77,29.5,9.19,16646,17494,81625,2584,11650
Z4447,Earthquake,North,15732,73.74,55.99,10.53,14.6,12.12,11847,10451,48616,1379,6975
Z4448,Flood,West,9907,72.86,58.53,21.72,18.67,3.97,7395,6681,31128,891,4468
Z4449,Cyclone,South,27777,72.95,53.26,10.77,12.41,12.46,20753,17953,83835,2319,11979
Z4450,Flood,East,44970,89.58,66.39,16.01,32.72,5.97,39207,38140,178094,5318,25402
Z4451,Landslide,South,43019,61.56,42.07,8.42,8.56,2.55,28466,21655,101080,2603,14454
Z4452,Earthquake,West,13038,96.87,76.62,25.36,33.56,1.35,12080,12595,58701,1831,8397
Z4453,Landslide,Central,24143,16.32,41.57,27.99,29.41,1.46,7784,6655,30936,795,4378
Z4454,Landslide,West,35411,65.04,51.35,13.89,26.35,12.17,24356,21800,101557,2772,14511
Z4455,Wildfire,Central,30815,73.11,64.12,15.12,28.22,10.45,23060,22245,103515,3056,14805
Z4456,Flood,West,3824,50.34,50.04,29.53,15.18,12.11,2209,2038,9301,247,1337
Z4457,Wildfire,East,29757,32.38,55.47,6.84,13.88,11.54,13178,11381,53289,1496,7613
Z4458,Earthquake,West,2418,57.25,49.15,24.83,16.44,6.33,1522,1296,6164,172,884
Z4459,Flood,West,6266,39.65,39.9,18.32,10.45,14.06,3117,2534,11786,304,1691
Z4460,Wildfire,South,32860,91.37,65.1,26.78,27.39,13.29,29090,29410,137282,4070,19603
Z4461,Cyclone,South,5576,38.9,32.74,10.9,19.25,5.88,2742,2062,9846,230,1376
Z4462,Cyclone,North,17281,21.69,43.28,11.0,31.57,11.82,6267,5326,24858,645,3567
Z4463,Earthquake,West,29627,59.76,56.25,11.8,31.35,12.48,19204,17805,83045,2355,11899
Z4464,Flood,North,32945,42.62,49.1,3.45,9.68,7.84,17120,13744,64561,1718,9140
Z4465,Flood,North,22564,14.11,48.06,7.59,11.56,2.69,6901,5512,25667,681,3667
Z4466,Wildfire,Central,5154,58.66,73.25,29.85,17.32,5.68,3298,3333,15357,482,2202
Z4467,Flood,North,40056,56.1,36.1,9.72,8.56,14.84,24865,19208,89787,2206,12876
Z4468,Cyclone,Central,47518,21.45,44.57,3.54,25.68,11.02,17148,14181,66021,1725,9450
Z4469,Earthquake,South,44492,61.78,61.69,10.52,27.13,11.85,29514,27791,129564,3768,18476
Z4470,Wildfire,Central,37552,58.9,51.86,14.03,26.64,13.77,24099,21767,101623,2780,14506
Z4471,Landslide,West,20410,78.49,72.1,17.79,19.11,3.84,16097,15570,72449,2220,10334
Z4472,Flood,North,43876,39.35,25.93,4.85,30.3,14.56,21724,16344,76612,1691,10892
Z4473,Flood,West,24665,28.63,58.3,24.34,23.18,8.25,10229,9613,44808,1292,6412
Z4474,Flood,Central,7255,95.37,83.63,25.29,34.81,11.43,6640,7429,34686,1116,4992
Z4475,Landslide,Central,42602,58.32,46.69,8.76,29.46,5.45,27155,22821,106346,2820,15240
Z4476,Flood,Central,16348,7.58,22.14,24.56,26.67,5.61,4199,3118,14446,309,2081
Z4477,Earthquake,South,46966,82.97,50.2,12.76,8.7,6.03,38619,31850,148390,4025,21237
Z4478,Cyclone,North,18733,23.69,34.26,14.42,29.98,5.87,7075,5586,26136,638,3754
Z4479,Flood,South,43535,79.67,63.03,28.28,14.17,1.88,34720,32249,150534,4407,21569
Z4480,Earthquake,East,27090,71.99,48.69,27.08,17.57,5.33,20045,17485,81659,2196,11637
Z4481,Earthquake,West,23636,97.04,87.69,13.13,18.88,10.06,21929,23159,107936,3532,15462
Z4482,Cyclone,Central,15195,96.73,93.52,16.18,14.94,13.63,14063,15469,72304,2412,10289
Z4483,Flood,East,41868,31.07,41.76,10.74,8.25,1.58,18130,13846,64581,1652,9239
Z4484,Earthquake,East,3501,77.81,64.13,16.92,10.98,1.23,2743,2445,11529,337,1621
Z4485,Cyclone,Central,23709,35.1,49.52,21.41,29.1,9.29,10983,9896,46285,1252,6579
Z4486,Cyclone,Central,18759,64.77,60.39,5.5,24.57,10.8,12864,11692,54901,1585,7795
Z4487,Wildfire,East,27398,61.79,46.0,27.84,33.29,9.52,18177,16494,76877,2048,10985
Z4488,Earthquake,East,13100,10.18,22.77,22.41,29.63,14.62,3620,2809,13198,269,1876
Z4489,Earthquake,South,33397,5.49,24.46,5.61,17.07,4.2,8055,5631,26074,550,3741
Z4490,Flood,South,19603,10.49,33.75,26.46,28.59,7.74,5463,4505,21095,488,2949
Z4491,Landslide,West,9812,17.15,34.54,23.08,22.29,13.82,3224,2668,12402,284,1766
Z4492,Cyclone,North,10249,29.48,43.74,11.45,13.59,9.64,4316,3522,16521,415,2313
Z4493,Flood,South,34977,91.16,56.84,17.08,34.25,9.08,30909,28983,135334,3828,19379
Z4494,Wildfire,North,13464,54.27,62.83,26.22,32.85,14.06,8173,8284,38469,1128,5546
Z4495,Wildfire,South,15709,80.7,69.43,29.14,8.37,5.74,12650,12236,56912,1732,8139
Z4496,Wildfire,West,31534,84.64,100.0,10.59,30.18,3.2,26325,29314,136777,4665,19527
Z4497,Landslide,Central,16824,74.82,61.5,20.57,7.33,2.81,12806,11361,53030,1537,7542
Z4498,Flood,South,19714,42.18,52.08,26.23,32.86,12.51,10179,9613,44858,1233,6463
Z4499,Wildfire,Central,12601,87.07,100.0,29.68,23.72,13.0,10749,12917,60181,2071,8645
Z4500,Cyclone,East,17596,75.49,68.85,4.91,10.0,4.27,13482,11982,55913,1696,7962
Z4501,Wildfire,South,34793,75.6,65.77,16.6,29.52,7.4,26686,25876,120381,3589,17247
Z4502,Earthquake,Central,26928,90.65,63.01,26.59,20.47,9.19,23693,22946,106862,3135,15250
Z4503,Landslide,East,49878,61.87,77.37,3.09,6.79,2.95,33120,30253,140948,4420,20126
Z4504,Cyclone,North,38707,55.21,41.46,14.81,28.95,12.88,23769,20218,94516,2427,13468
Z4505,Cyclone,South,1333,89.57,79.39,18.77,28.65,6.86,1162,1196,5682,177,768
Z4506,Earthquake,South,19254,48.17,45.81,17.22,19.46,13.09,10807,9286,43690,1146,6202
Z4507,Flood,North,14847,82.1,67.88,22.78,26.93,11.64,12111,12174,57050,1697,8171
Z4508,Wildfire,Central,29582,10.12,13.48,4.77,6.2,5.13,8162,5034,23720,437,3354
Z4509,Landslide,West,13650,5.12,43.93,24.21,14.54,11.03,3254,2757,12982,332,1865
Z4510,Wildfire,Central,48327,55.19,52.02,10.65,25.2,11.37,29669,26238,122421,3369,17498
Z4511,Cyclone,South,15319,11.99,17.01,25.25,11.92,5.36,4441,3050,14282,276,2059
Z4512,Earthquake,Central,26338,97.77,93.81,14.33,18.51,4.55,24581,26245,122370,4085,17519
Z4513,Landslide,West,6584,5.52,21.99,4.16,32.96,12.53,1589,1194,5701,109,792
Z4514,Earthquake,South,45535,73.22,69.29,29.03,29.8,10.49,34113,35353,164937,4982,23600
Z4515,Wildfire,South,45637,28.12,50.56,24.07,21.74,11.35,18752,16972,78859,2145,11271
Z4516,Cyclone,North,39787,96.92,83.99,12.39,22.3,5.38,36879,37744,176402,5680,25200
Z4517,Landslide,West,17905,41.25,21.33,10.29,31.61,11.11,9120,6674,31340,653,4489
Z4518,Landslide,West,3406,7.59,37.52,18.9,30.89,11.0,875,738,3447,83,474
Z4519,Earthquake,East,35693,7.56,27.95,29.66,7.65,5.67,9162,6876,31780,717,4510
Z4520,Landslide,Central,21740,57.57,52.72,10.83,18.97,4.79,13735,11723,54736,1506,7766
Z4521,Cyclone,West,49524,98.74,78.0,28.6,10.73,7.04,46580,47470,221677,6970,31649
Z4522,Flood,West,35067,98.08,59.62,11.92,7.5,11.35,32809,29014,135417,3890,19363
Z4523,Cyclone,Central,27162,37.04,47.68,22.01,13.77,3.71,12978,10892,51017,1359,7251
Z4524,Flood,South,49343,50.86,36.6,13.31,23.32,13.24,28690,23260,108302,2677,15515
Z4525,Landslide,West,40124,14.54,29.57,5.3,28.83,4.57,12400,9159,42880,983,6111
Z4526,Landslide,West,23190,54.61,56.91,28.28,32.37,12.75,14136,13828,64507,1819,9224
Z4527,Wildfire,Central,1433,61.97,71.97,7.43,17.69,3.18,953,878,4352,138,588
Z4528,Cyclone,West,5092,28.85,31.03,28.51,17.67,11.35,2120,1732,7952,194,1118
Z4529,Wildfire,South,22464,63.15,77.15,5.79,9.6,8.86,15132,14346,66937,2114,9597
Z4530,Landslide,Central,28320,90.47,86.12,10.21,10.85,10.26,24880,25323,118249,3836,16896
Z4531,Earthquake,Central,1992,5.09,22.65,27.86,8.07,14.64,474,385,1278,29,212
Z4532,Earthquake,North,6765,26.75,26.41,20.78,34.28,1.74,2710,2052,9712,207,1381
Z4533,Wildfire,West,35363,24.94,21.39,8.12,8.83,3.09,13687,9095,42222,897,6030
Z4534,Flood,South,37700,16.77,37.48,18.99,27.7,2.11,12282,9889,46012,1151,6548
Z4535,Flood,South,1975,20.78,27.58,7.87,14.53,8.27,703,516,2324,46,358
Z4536,Flood,East,25630,64.46,74.85,26.61,21.11,12.24,17517,18292,85491,2629,12234
Z4537,Landslide,South,4508,14.76,24.96,4.35,31.18,1.77,1401,980,4984,101,658
Z4538,Landslide,Central,36310,75.16,55.53,17.3,33.09,11.91,27730,26090,121409,3413,17419
Z4539,Cyclone,North,41787,89.27,76.9,4.71,12.21,7.06,36335,34327,160302,5012,22878
Z4540,Cyclone,Central,43534,93.03,67.93,21.77,32.34,14.18,39082,40161,187743,5631,26769
Z4541,Flood,North,30110,67.72,62.35,28.27,12.56,6.36,21315,20013,93286,2731,13372
Z4542,Flood,South,31633,23.75,49.89,25.44,29.14,14.78,11961,11164,51905,1404,7410
Z4543,Landslide,East,46367,13.1,33.61,13.04,5.46,8.79,13829,10350,48110,1149,6886
Z4544,Earthquake,East,30816,27.04,41.32,9.4,21.06,14.86,12413,10244,48018,1220,6835
Z4545,Wildfire,Central,22591,96.39,80.48,6.27,26.77,9.85,20850,21210,99072,3127,14125
Z4546,Wildfire,West,37851,96.42,57.71,26.59,30.17,5.85,34942,33137,154758,4412,22106
Z4547,Landslide,East,29747,41.28,52.41,5.19,30.23,12.25,15159,13462,62529,1724,8907
Z4548,Cyclone,North,42202,35.95,46.69,19.98,13.97,7.82,19819,16712,78183,2059,11166
Z4549,Earthquake,North,26473,53.45,65.11,12.92,30.59,5.32,15907,15098,70378,2083,10075
Z4550,Wildfire,West,43519,32.71,50.26,29.89,14.71,7.7,19380,17229,80107,2188,11482
Z4551,Flood,East,2720,98.07,76.52,16.74,12.01,13.21,2545,2556,11698,373,1688
Z4552,Wildfire,East,2303,26.02,51.7,17.82,5.04,11.25,910,759,3543,105,525
Z4553,Wildfire,East,5402,40.07,43.53,27.78,12.07,3.43,2704,2269,10675,274,1511
Z4554,Flood,Central,28031,45.79,53.15,29.18,8.55,12.74,15233,13812,64201,1774,9191
Z4555,Earthquake,East,35595,16.88,30.55,18.76,25.25,7.04,11625,9054,42388,954,6042
Z4556,Wildfire,East,11205,41.37,53.29,24.5,9.34,2.16,5718,4896,23124,637,3281
Z4557,Landslide,East,8209,86.39,68.0,20.14,22.56,3.06,6961,6645,31130,940,4440
Z4558,Earthquake,Central,43087,18.33,54.85,14.54,8.79,1.93,14541,12185,56493,1590,8143
Z4559,Wildfire,South,37652,60.48,82.47,4.55,26.13,10.47,24609,25191,117289,3768,16771
Z4560,Landslide,North,32596,43.63,59.48,22.38,13.57,4.61,17185,15539,72360,2076,10326
Z4561,Wildfire,Central,24674,21.2,55.16,21.91,14.26,2.35,8858,7720,36379,1010,5159
Z4562,Cyclone,East,21301,6.17,9.92,6.15,24.21,6.12,5246,3369,15557,269,2235
Z4563,Cyclone,East,1516,30.97,24.98,9.21,33.17,13.14,655,473,2204,56,327
Z4564,Landslide,East,9811,10.87,27.12,22.77,34.75,9.8,2762,2178,10270,222,1487
Z4565,Flood,South,44902,40.79,47.93,7.04,15.72,7.81,22717,18630,86708,2343,12427
Z4566,Landslide,North,17282,81.97,67.71,21.66,33.39,11.26,14081,14302,66874,2004,9552
Z4567,Landslide,West,35375,73.37,45.65,22.39,23.37,2.06,26541,22420,104620,2765,14963
Z4568,Flood,East,35337,95.0,91.07,12.54,32.19,13.36,32245,36228,169286,5582,24128
Z4569,Wildfire,West,15816,45.57,75.91,9.97,5.84,3.49,8569,7966,36877,1165,5298
Z4570,Cyclone,West,10616,72.24,80.1,13.07,6.0,1.3,7875,7515,35094,1115,4973
Z4571,Cyclone,South,34738,68.21,75.54,12.7,7.24,6.07,24719,23390,108931,3394,15583
Z4572,Earthquake,East,5132,25.62,41.8,19.39,29.13,1.82,2013,1686,7833,202,1087
Z4573,Wildfire,West,24994,33.84,33.5,23.08,9.14,3.34,11342,8605,40250,968,5725
Z4574,Flood,Central,44458,55.33,56.3,26.27,10.3,11.35,27341,24973,116604,3294,16660
Z4575,Wildfire,North,35711,80.68,94.64,3.81,22.56,6.67,28751,30396,141758,4738,20253
Z4576,Cyclone,South,38329,48.87,47.65,22.62,33.72,1.1,21714,19065,88939,2373,12657
Z4577,Earthquake,North,4621,26.64,34.19,11.48,22.01,10.01,1847,1463,6799,156,951
Z4578,Landslide,South,10390,99.38,92.95,25.64,26.98,10.9,9822,11280,52710,1757,7515
Z4579,Landslide,Central,14117,15.98,47.87,5.04,10.63,13.63,4515,3723,17229,457,2503
Z4580,Earthquake,North,14969,95.81,67.52,17.88,32.43,3.16,13750,13361,62418,1876,8925
Z4581,Wildfire,West,10107,81.86,66.89,17.81,6.68,13.0,8227,7745,36153,1068,5177
Z4582,Flood,West,48618,84.69,65.56,11.82,13.48,10.92,40605,37698,175704,5211,25103
Z4583,Flood,West,8665,80.52,70.12,29.2,18.61,8.89,6966,6985,32747,988,4664
Z4584,Wildfire,North,35555,24.78,51.87,5.89,11.79,4.66,13719,11260,52080,1435,7461
Z4585,Landslide,North,29544,65.1,51.16,6.68,24.91,7.41,20334,17389,80931,2206,11593
Z4586,Cyclone,North,30721,76.89,80.37,20.4,25.36,3.78,23860,24624,115092,3645,16419
Z4587,Earthquake,Central,11125,75.84,67.93,16.89,11.36,11.05,8553,8122,37557,1145,5424
Z4588,Landslide,North,15727,30.8,69.85,10.14,5.26,10.85,6778,6241,29385,893,4175
Z4589,Landslide,West,30522,22.21,41.04,11.22,7.23,3.68,11189,8542,39845,995,5710
Z4590,Flood,South,15306,36.17,43.73,7.24,5.01,4.54,7213,5525,26023,665,3689
Z4591,Cyclone,Central,34859,50.59,59.72,26.43,32.16,13.62,20198,20036,93724,2704,13352
Z4592,Landslide,East,2456,59.51,53.68,18.38,23.65,7.6,1587,1399,6590,188,942
Z4593,Cyclone,East,4104,84.51,49.94,9.61,9.15,8.72,3422,2817,13140,361,1900
Z4594,Landslide,East,36560,78.06,65.05,13.62,7.78,14.42,28716,26640,124713,3692,17819
Z4595,Wildfire,Central,31030,69.23,60.0,27.48,29.53,3.9,22318,21301,99743,2863,14240
Z4596,Flood,West,2637,30.03,22.41,26.94,29.33,9.78,1121,828,4161,87,518
Z4597,Cyclone,Central,45003,50.49,51.89,4.87,32.82,11.84,26042,23129,107911,2964,15376
Z4598,Cyclone,East,740,36.87,20.47,20.66,9.78,5.47,353,255,982,25,166
Z4599,Earthquake,Central,47800,27.32,35.85,7.13,20.67,5.32,19354,14771,68894,1674,9816
Z4600,Flood,North,36610,5.97,31.21,8.69,8.64,13.56,8961,6663,30978,725,4419
Z4601,Wildfire,West,49413,37.25,46.65,26.33,28.87,2.39,23687,20720,96467,2554,13797
Z4602,Flood,West,47470,29.33,36.2,27.17,17.37,3.2,19936,15960,74366,1821,10627
Z4603,Cyclone,North,16000,59.33,56.61,5.23,25.87,6.75,10320,9073,42233,1185,6054
Z4604,Landslide,North,37947,10.92,21.6,26.6,5.91,12.18,10697,7799,36180,753,5165
Z4605,Cyclone,Central,10940,30.7,42.01,22.67,28.34,7.37,4707,4024,18708,487,2674
Z4606,Landslide,North,23846,9.25,30.78,23.94,11.88,4.79,6424,4878,22507,530,3225
Z4607,Flood,East,12385,65.93,50.46,24.38,30.28,6.88,8601,7826,36694,988,5216
Z4608,Cyclone,West,24559,58.98,60.65,16.7,10.58,7.24,15775,14109,65976,1895,9431
Z4609,Wildfire,Central,43681,37.06,48.52,28.57,28.7,11.18,20877,19188,89325,2406,12810
Z4610,Cyclone,South,22089,19.0,33.46,8.41,9.02,13.16,7565,5656,26637,629,3804
Z4611,Wildfire,West,5073,96.0,100.0,16.63,24.9,5.5,4667,5264,24811,841,3486
Z4612,Cyclone,West,16570,60.52,56.6,11.6,28.38,10.92,10835,9918,46463,1306,6610
Z4613,Earthquake,Central,39433,69.52,59.89,25.21,16.59,10.82,28447,26812,125086,3594,17898
Z4614,Cyclone,West,26325,55.48,50.45,5.23,12.33,11.74,16219,13506,63000,1706,8976
Z4615,Earthquake,South,28229,81.62,58.24,14.71,15.34,9.05,22926,20552,95705,2734,13691
Z4616,Earthquake,Central,21842,90.16,82.82,23.88,13.9,1.21,19138,19404,90543,2909,12956
Z4617,Cyclone,Central,14992,41.36,39.51,11.43,23.99,10.18,7649,6270,28946,721,4189
Z4618,Earthquake,South,30109,70.55,56.99,9.49,6.34,9.57,21953,18804,87467,2480,12515
Z4619,Flood,East,31838,26.84,33.3,10.09,6.24,9.56,12777,9439,44077,1057,6304
Z4620,Earthquake,West,44957,66.93,49.99,22.27,13.63,4.94,31559,27023,126082,3429,18038
Z4621,Flood,Central,31080,42.92,27.59,10.74,13.31,2.37,16221,11483,53411,1204,7627
Z4622,Wildfire,East,49753,5.64,22.55,13.87,10.31,3.65,12055,8286,38656,818,5539
Z4623,Wildfire,West,41416,95.78,88.16,17.73,26.5,4.03,38034,40630,189966,6205,27111
Z4624,Earthquake,West,4397,87.5,75.49,28.4,5.71,3.43,3765,3741,17473,540,2452
Z4625,Wildfire,South,19912,32.63,61.67,24.45,32.73,4.42,8855,8569,39906,1159,5711
Z4626,Earthquake,South,19542,99.79,88.9,8.0,27.72,1.96,18534,19171,89741,2948,12798
Z4627,Earthquake,Central,649,35.13,50.61,26.84,17.09,4.77,301,270,1209,41,221
Z4628,Cyclone,East,9445,48.59,74.32,25.81,30.77,14.97,5331,5722,26653,831,3777
Z4629,Wildfire,South,38229,85.87,71.06,23.12,23.54,8.16,32266,32389,150980,4607,21587
Z4630,Landslide,East,17930,33.94,44.42,16.96,22.11,5.82,8150,6775,31770,826,4532
Z4631,Landslide,South,7820,47.8,51.15,4.89,14.39,11.09,4367,3663,17248,454,2438
Z4632,Landslide,North,14730,68.23,81.05,22.21,24.89,7.57,10484,11046,51456,1645,7400
Z4633,Wildfire,East,14098,17.39,34.59,17.0,9.19,1.41,4658,3458,16135,389,2302
Z4634,Landslide,North,9139,45.12,42.04,11.36,20.75,8.66,4920,4019,18659,469,2683
Z4635,Cyclone,Central,5509,34.39,50.97,3.27,8.48,5.26,2523,2007,9457,276,1350
Z4636,Earthquake,Central,38322,69.29,53.31,9.24,18.35,9.0,27579,23786,111073,3083,15879
Z4637,Cyclone,South,41314,17.92,41.26,19.35,23.49,3.43,13815,11347,52936,1340,7548
Z4638,Flood,West,25066,27.11,44.88,6.03,9.67,7.76,10110,7952,37499,991,5323
Z4639,Landslide,South,30966,72.58,62.65,20.7,11.66,3.71,23050,20892,97441,2851,13936
Z4640,Wildfire,West,46003,19.84,42.7,25.13,29.4,5.18,16046,13771,64274,1666,9182
Z4641,Flood,East,42212,45.09,31.95,11.59,12.67,10.62,22717,17092,79895,1877,11440
Z4642,Wildfire,West,2113,72.72,66.95,5.21,7.87,4.19,1575,1384,6660,189,905
Z4643,Landslide,West,47672,77.72,62.19,6.77,14.92,6.84,37322,33036,153873,4495,22004
Z4644,Wildfire,North,3815,14.01,67.05,12.66,33.05,2.02,1164,1089,5226,166,722
Z4645,Landslide,Central,1815,85.94,74.14,24.96,25.81,10.62,1533,1611,7418,237,1072
Z4646,Wildfire,South,20462,73.78,58.42,20.13,22.26,8.55,15415,14282,66765,1904,9510
Z4647,Landslide,West,37420,37.23,28.94,26.43,30.21,12.39,17933,14523,68028,1533,9735
Z4648,Earthquake,West,4473,77.56,83.32,29.85,24.81,8.49,3497,3835,17882,577,2564
Z4649,Cyclone,West,15003,74.19,61.6,8.47,29.33,14.92,11349,10816,50410,1455,7185
Z4650,Flood,West,13505,62.08,49.65,21.76,24.71,4.38,8989,7824,36634,999,5229
Z4651,Wildfire,North,20170,58.06,60.97,15.6,30.93,11.39,12817,12331,57430,1656,8185
Z4652,Landslide,West,49309,74.8,73.94,16.32,23.72,7.05,37524,37320,174439,5381,24901
Z4653,Cyclone,South,16905,99.93,87.57,11.79,12.95,6.26,16051,16308,76312,2487,10899
Z4654,Landslide,East,10843,59.96,58.22,12.25,6.23,11.24,7045,6170,28714,830,4108
Z4655,Landslide,North,6554,81.83,71.92,21.26,8.16,14.38,5333,5287,24554,739,3490
Z4656,Earthquake,East,10307,75.71,69.42,19.76,20.37,11.58,7914,7829,36685,1113,5269
Z4657,Landslide,South,7090,86.3,76.5,11.6,34.15,5.62,6007,6108,28463,893,4063
Z4658,Landslide,West,28895,95.68,82.72,6.2,27.78,8.14,26514,27213,126565,4064,18079
Z4659,Landslide,East,21315,23.34,50.97,18.61,28.26,4.04,7994,7049,33015,894,4675
Z4660,Wildfire,East,25151,20.72,37.07,22.96,24.91,9.68,8939,7487,34445,856,4935
Z4661,Earthquake,East,41692,60.7,48.58,18.08,32.1,6.64,27319,24195,112827,3028,16148
Z4662,Flood,East,29232,47.68,49.49,3.1,27.06,4.19,16300,13540,62902,1706,9023
Z4663,Wildfire,West,8181,59.22,66.62,10.62,12.75,1.3,5270,4707,21949,655,3126
Z4664,Earthquake,North,19148,80.81,48.01,24.02,19.98,13.95,15435,13795,64405,1739,9219
Z4665,Earthquake,Central,15973,93.51,55.06,23.05,17.13,2.1,14397,12706,58972,1649,8485
Z4666,Earthquake,North,41425,44.65,60.58,3.28,9.96,5.61,22157,18864,88015,2549,12580
Z4667,Landslide,South,15697,73.2,83.5,15.7,11.67,3.67,11757,11708,54517,1758,7816
Z4668,Earthquake,West,7359,23.7,22.85,14.81,13.55,7.92,2780,1934,9201,194,1291
Z4669,Flood,North,36933,55.78,56.88,20.61,10.21,3.73,22838,20001,93121,2628,13297
Z4670,Landslide,South,21705,7.07,24.09,6.37,11.52,11.31,5492,3878,17761,375,2537
Z4671,Cyclone,West,5245,52.86,50.94,19.78,32.49,4.15,3128,2761,12894,359,1860
Z4672,Landslide,West,34643,56.81,59.91,28.57,15.3,3.6,21689,20032,93317,2684,13343
Z4673,Earthquake,Central,10920,74.87,50.66,13.04,29.83,4.04,8316,7247,33849,927,4804
Z4674,Earthquake,West,43478,66.7,48.4,12.11,6.93,5.17,30445,24592,114782,3071,16385
Z4675,Cyclone,South,41707,39.05,42.86,3.76,34.45,9.99,20556,17122,80312,2068,11413
Z4676,Wildfire,South,18794,5.54,26.3,4.55,27.94,3.93,4540,3288,15154,333,2169
Z4677,Landslide,North,28002,15.97,20.27,28.15,32.2,10.76,8954,6862,31938,656,4565
Z4678,Cyclone,West,28603,97.44,88.07,29.34,20.78,7.02,26624,29362,136996,4475,19567
Z4679,Flood,North,32845,92.62,70.93,3.15,24.04,3.76,29385,27266,127294,3886,18200
Z4680,Cyclone,North,3922,35.88,39.67,27.32,15.82,4.36,1840,1399,6936,182,976
Z4681,Flood,Central,16580,29.59,44.67,7.7,17.96,8.38,6996,5662,26521,691,3797
Z4682,Landslide,North,8930,46.46,49.01,18.16,27.52,6.3,4898,4302,20120,544,2864
Z4683,Cyclone,South,35026,70.54,73.85,21.31,6.5,8.19,25536,24754,115226,3570,16515
Z4684,Wildfire,East,3922,38.9,35.19,12.69,6.1,12.38,1929,1491,6794,156,986
Z4685,Wildfire,North,26090,11.39,14.5,17.28,31.25,1.64,7447,5134,23617,456,3411
Z4686,Earthquake,West,36530,43.27,45.08,19.94,8.3,6.51,19161,15667,73130,1916,10442
Z4687,Flood,South,47445,29.76,42.09,8.24,26.63,6.82,20079,16334,76339,1935,10905
Z4688,Cyclone,South,14759,35.87,29.84,29.84,10.99,4.51,6922,5229,24823,564,3545
Z4689,Flood,East,894,20.48,19.61,8.5,15.99,7.19,316,176,939,7,134
Z4690,Landslide,South,36326,67.59,64.36,3.28,13.81,8.93,25680,22833,106728,3141,15235
Z4691,Wildfire,South,576,55.03,46.17,28.5,19.71,9.19,353,324,1196,36,220
Z4692,Wildfire,Central,3786,30.73,24.47,14.59,29.8,10.38,1630,1221,5606,124,808
Z4693,Landslide,East,49530,57.62,68.28,13.76,31.27,2.07,31310,29987,140032,4208,19986
Z4694,Landslide,Central,43196,51.81,45.91,10.44,11.66,7.44,25424,20537,95711,2535,13710
Z4695,Earthquake,South,35523,80.62,83.14,3.7,15.13,11.61,28584,28523,133386,4277,19020
Z4696,Wildfire,Central,41859,95.82,78.04,10.14,30.11,7.37,38454,39072,182308,5730,26057
Z4697,Landslide,Central,4229,17.41,38.11,13.62,7.69,10.19,1398,1090,4938,126,715
Z4698,Flood,North,4902,88.97,71.4,17.05,8.51,9.27,4251,4079,18697,588,2686
Z4699,Cyclone,North,15391,71.96,32.72,15.36,19.39,7.51,11385,8714,40813,952,5846
Z4700,Cyclone,West,1675,70.79,50.29,26.73,28.7,2.1,1224,1107,4968,149,738
Z4701,Flood,South,44472,40.56,45.8,27.61,15.08,9.87,22423,19435,90572,2388,12971
Z4702,Earthquake,West,3286,37.67,50.1,11.56,7.08,8.48,1586,1302,5898,160,883
Z4703,Wildfire,East,27430,5.54,6.57,28.91,34.04,1.08,6626,4473,20683,340,2949
Z4704,Cyclone,South,42755,98.31,78.43,26.35,33.17,3.9,40075,42537,198661,6250,28387
Z4705,Flood,South,36882,62.62,45.97,28.05,24.56,1.86,24698,21346,99449,2620,14189
Z4706,Wildfire,South,12118,43.22,51.59,22.07,25.46,8.98,6352,5717,26866,742,3813
Z4707,Earthquake,West,23781,56.66,55.93,8.35,33.01,1.21,14862,13087,61021,1722,8725
Z4708,Cyclone,North,27640,8.85,38.79,8.27,24.32,12.79,7363,5932,27962,681,3968
Z4709,Flood,North,38512,21.5,49.63,27.53,28.65,14.26,13912,12975,60441,1645,8645
Z4710,Flood,Central,21599,64.22,65.83,16.69,18.91,14.66,14723,14291,66686,1987,9501
Z4711,Wildfire,South,14609,53.85,64.94,27.04,11.84,4.17,8822,8311,38673,1133,5518
Z4712,Landslide,West,39879,79.77,64.67,22.45,29.98,7.93,31834,31261,146185,4318,20864
Z4713,Landslide,South,44381,67.58,96.05,8.74,25.53,13.48,31371,35056,163740,5510,23369
Z4714,Flood,North,24700,62.14,44.55,13.39,13.69,10.62,16451,13539,63293,1640,9019
Z4715,Landslide,East,1887,82.45,64.01,29.13,23.7,5.18,1544,1495,6788,209,992
Z4716,Flood,South,25283,11.48,42.13,3.53,29.49,12.68,7233,5961,27850,711,4012
Z4717,Flood,West,44520,70.63,72.88,22.29,13.11,9.04,32487,32035,149629,4611,21415
Z4718,Landslide,Central,49461,72.98,70.99,29.43,28.04,11.22,36965,38606,180162,5491,25745
Z4719,Cyclone,Central,20351,31.14,50.23,5.81,7.17,14.57,8823,7337,34247,939,4902
Z4720,Wildfire,West,7931,23.59,12.97,10.34,23.75,14.97,2989,2045,9596,176,1365
Z4721,Earthquake,North,28822,25.32,58.0,17.77,34.97,8.07,11238,10644,49648,1410,7112
Z4722,Earthquake,Central,41620,23.82,35.65,25.78,30.99,3.19,15759,12957,60555,1462,8628
Z4723,Wildfire,Central,47278,54.76,70.07,16.68,31.27,9.67,28873,28999,135456,4118,19336
Z4724,Cyclone,North,3061,17.88,10.43,4.61,25.41,10.01,1023,626,2921,50,476
Z4725,Wildfire,East,14882,67.63,65.28,6.43,18.84,9.01,10525,9658,45054,1344,6413
Z4726,Cyclone,Central,24144,14.98,26.48,13.15,25.32,6.91,7541,5601,26227,582,3741
Z4727,Flood,Central,5363,7.55,36.02,11.71,14.64,9.14,1376,1058,5157,110,737
Z4728,Flood,South,44374,35.33,48.24,8.93,21.58,8.48,20633,17396,81016,2174,11590
Z4729,Earthquake,West,6052,23.23,42.17,25.68,21.19,14.23,2265,1982,9177,236,1299
Z4730,Cyclone,South,33428,98.92,66.7,3.73,21.31,12.73,31486,29472,137684,4097,19630
Z4731,Landslide,Central,45973,33.78,42.9,25.39,17.36,6.51,20842,17517,81756,2109,11647
Z4732,Flood,Central,34418,26.1,37.19,27.89,15.58,8.99,13621,11195,51903,1289,7479
Z4733,Earthquake,West,38279,23.69,43.97,20.01,14.91,8.92,14457,12052,56051,1474,8024
Z4734,Wildfire,South,13534,40.52,59.16,19.88,11.74,8.15,6820,6138,29021,834,4121
Z4735,Earthquake,South,41460,62.56,61.21,7.02,18.16,1.81,27745,24139,112419,3290,16068
Z4736,Landslide,East,21219,79.28,53.29,18.34,8.53,10.98,16861,14661,68530,1901,9845
Z4737,Earthquake,Central,3535,39.63,48.09,13.13,32.05,11.24,1758,1553,7387,199,1009
Z4738,Earthquake,South,18646,64.47,91.79,9.18,7.09,7.78,12745,13015,60460,2009,8676
Z4739,Landslide,East,17817,50.8,72.69,18.75,30.12,13.62,10352,10736,49946,1555,7183
Z4740,Earthquake,West,26311,85.42,36.29,3.03,12.24,14.77,22118,16947,78942,1928,11290
Z4741,Landslide,South,13609,59.06,58.24,10.46,30.6,12.38,8750,8196,38327,1101,5448
Z4742,Flood,South,23380,32.54,54.08,20.71,26.61,13.99,10382,9718,45543,1274,6457
Z4743,Landslide,South,21684,71.84,62.32,15.29,32.63,7.83,16020,15309,71343,2081,10215
Z4744,Wildfire,East,16681,82.91,65.08,6.93,31.11,13.8,13709,13229,61811,1837,8839
Z4745,Wildfire,North,34964,49.22,48.87,3.04,26.03,14.09,19900,17113,79748,2151,11377
Z4746,Wildfire,North,15621,98.78,85.96,10.3,9.55,9.73,14697,14840,69280,2247,9933
Z4747,Flood,West,38406,88.51,59.9,17.82,21.47,3.11,33176,30047,140086,4044,20054
Z4748,Wildfire,Central,12917,23.71,52.3,17.43,15.19,3.13,4880,4164,19751,537,2811
Z4749,Landslide,Central,43312,79.74,68.19,6.54,31.57,7.61,34565,33129,154283,4654,22063
Z4750,Cyclone,Central,18570,62.09,47.93,19.57,31.17,11.3,12362,11118,51857,1399,7391
Z4751,Wildfire,Central,2514,55.81,69.19,29.97,14.42,8.02,1555,1561,7090,222,1022
Z4752,Wildfire,Central,7922,53.82,36.06,18.79,25.15,12.2,4782,3913,18496,442,2596
Z4753,Wildfire,North,40410,86.07,65.68,17.25,15.15,11.78,34168,32455,151748,4513,21679
Z4754,Cyclone,Central,43670,63.03,52.81,19.81,25.35,3.85,29378,26036,121422,3346,17365
Z4755,Landslide,East,10993,56.08,81.57,26.75,23.42,2.86,6822,7176,33301,1064,4751
Z4756,Earthquake,West,30305,9.64,22.08,28.54,20.33,10.88,8252,6210,28856,612,4139
Z4757,Landslide,Central,28930,47.59,25.31,4.11,31.35,5.49,16112,11616,54463,1199,7759
Z4758,Cyclone,North,7122,91.26,68.21,8.53,12.38,14.04,6299,5926,27745,846,3967
Z4759,Landslide,South,22874,72.61,70.4,6.13,28.92,13.16,17031,16723,78040,2377,11167
Z4760,Cyclone,North,34846,9.84,39.82,23.85,25.69,7.32,9541,7975,37384,940,5343
Z4761,Flood,East,48373,88.98,100.0,4.23,13.44,9.13,41956,44845,209552,7123,29888
Z4762,Earthquake,West,42460,83.53,87.82,27.37,17.65,12.86,35092,38954,181969,5951,25971
Z4763,Earthquake,East,5342,56.94,58.57,3.55,7.07,13.2,3350,2929,13677,384,1961
Z4764,Earthquake,East,12258,7.13,18.22,19.27,22.93,8.8,3107,2220,10012,204,1474
Z4765,Flood,South,22117,58.43,76.62,10.44,31.64,14.61,14116,14714,68678,2153,9817
Z4766,Earthquake,South,7954,10.19,26.18,15.71,8.53,8.29,2199,1580,7412,173,1047
Z4767,Cyclone,East,28749,35.44,36.59,14.93,8.96,1.58,13391,10017,46627,1140,6721
Z4768,Cyclone,North,926,64.75,55.61,23.22,19.24,8.88,635,568,2552,64,363
Z4769,Landslide,East,6119,91.73,60.42,16.41,13.44,11.88,5434,5012,23231,672,3340
Z4770,Flood,Central,2838,38.99,40.86,14.37,13.31,14.79,1398,1165,5148,127,749
Z4771,Flood,East,15126,86.7,69.89,22.72,24.16,2.48,12861,12521,58486,1768,8417
Z4772,Flood,North,38232,92.24,84.5,28.0,17.31,7.17,34095,36457,170207,5490,24339
Z4773,Landslide,East,9275,7.0,24.19,24.44,30.34,9.21,2342,1778,8524,191,1171
Z4774,Landslide,South,49366,27.75,25.05,22.89,17.87,13.34,20147,15364,71470,1570,10206
Z4775,Cyclone,West,13842,72.44,45.6,16.17,23.46,11.02,10289,8796,41184,1106,5907
Z4776,Cyclone,West,2721,76.9,69.81,27.31,16.94,4.24,2114,2087,9802,287,1391
Z4777,Landslide,Central,17107,42.28,49.13,16.13,12.68,13.03,8846,7620,35251,969,5085
Z4778,Earthquake,West,37530,67.39,55.41,28.12,19.14,10.3,26475,24650,115048,3234,16434
Z4779,Landslide,South,5779,63.16,54.13,24.68,26.61,13.53,3893,3660,17193,473,2441
Z4780,Wildfire,North,4057,75.28,71.07,7.06,33.58,12.68,3102,3129,14524,440,2088
Z4781,Earthquake,North,42543,73.27,81.99,4.27,6.27,2.81,31887,29831,139123,4446,19868
Z4782,Cyclone,West,29811,13.16,22.88,23.0,20.95,14.45,8905,6721,31374,674,4506
Z4783,Earthquake,East,17490,20.03,37.08,21.52,24.08,7.36,6125,4973,23577,583,3323
Z4784,Earthquake,South,37926,17.61,46.18,19.26,7.57,14.76,12594,10633,49682,1314,7102
Z4785,Earthquake,West,42294,93.59,67.16,29.36,29.88,3.62,38146,38170,177821,5336,25418
Z4786,Earthquake,North,18280,91.79,75.3,17.73,13.28,12.11,16240,16259,75710,2364,10801
Z4787,Earthquake,West,28279,80.75,68.96,12.39,31.25,5.27,22782,22118,102980,3126,14738
Z4788,Earthquake,West,1041,16.09,18.11,18.25,21.58,1.63,334,227,1231,12,124
Z4789,Wildfire,North,15653,59.56,59.78,3.77,9.56,14.92,10123,8878,41559,1198,5951
Z4790,Earthquake,Central,29962,22.79,37.91,18.64,27.18,5.25,11114,9022,42402,1053,6019
Z4791,Flood,Central,10256,40.0,53.66,27.37,9.72,2.13,5128,4435,20877,570,2973
Z4792,Wildfire,West,49567,30.37,27.46,3.12,26.61,13.05,21204,15807,73712,1646,10535
Z4793,Wildfire,West,48572,83.75,71.18,25.82,29.25,7.05,40224,41172,192139,5860,27415
Z4794,Wildfire,North,13252,18.72,51.88,24.65,22.27,9.07,4511,4119,18965,520,2747
Z4795,Flood,Central,20120,66.39,86.44,5.86,13.13,14.79,14042,14445,67418,2193,9631
Z4796,Cyclone,North,9880,98.47,94.52,25.86,18.12,7.73,9273,10340,48593,1620,6945
Z4797,Earthquake,Central,25446,70.27,49.52,23.62,20.84,1.94,18500,15935,74535,2033,10657
Z4798,Earthquake,East,6634,12.53,37.3,16.26,24.97,10.68,1950,1624,7338,180,1057
Z4799,Wildfire,West,19852,91.25,69.39,9.62,24.02,10.95,17557,16984,79001,2403,11294
Z4800,Flood,North,27985,66.09,64.76,10.78,17.01,3.72,19468,17562,81995,2430,11696
Z4801,Landslide,South,30786,48.35,42.33,19.53,27.74,8.64,17321,14743,68739,1756,9861
Z4802,Landslide,North,30024,67.67,41.66,9.65,28.14,6.17,21243,17325,80944,2081,11573
Z4803,Flood,West,11460,88.51,69.55,11.78,25.89,1.7,9899,9315,43546,1326,6233
Z4804,Wildfire,South,39718,50.33,61.35,28.13,13.16,5.36,22936,21403,99530,2896,14223
Z4805,Earthquake,South,34742,55.48,58.97,22.69,19.08,13.73,21405,20318,94576,2722,13551
Z4806,Cyclone,North,37777,47.98,56.22,22.87,17.98,5.2,21149,19023,88858,2508,12678
Z4807,Cyclone,North,23659,11.9,34.14,28.81,29.5,4.12,6843,5565,26281,635,3742
Z4808,Wildfire,East,44681,79.77,73.73,3.16,29.25,14.17,35668,35532,165861,5105,23695
Z4809,Wildfire,South,19798,17.01,40.71,9.6,30.98,6.35,6485,5301,25071,635,3511
Z4810,Earthquake,North,40386,42.48,45.07,20.77,11.94,14.17,20944,17885,83412,2189,11898
Z4811,Cyclone,Central,10574,41.75,48.96,14.83,27.45,13.32,5426,4851,22437,609,3210
Z4812,Landslide,South,12739,31.6,63.3,6.05,31.11,7.59,5567,5149,24142,703,3470
Z4813,Cyclone,North,26574,43.24,50.49,24.09,9.99,6.39,13933,12012,55990,1521,7978
Z4814,Flood,North,28016,63.71,60.55,4.27,6.2,2.93,18990,15843,74125,2138,10539
Z4815,Landslide,East,37438,34.58,45.25,17.68,8.17,3.67,17197,13835,64693,1685,9182
Z4816,Cyclone,East,15222,21.39,34.15,18.19,23.19,4.25,5486,4284,19870,483,2845
Z4817,Flood,North,43697,87.59,67.95,20.17,17.65,7.58,37445,36036,168252,5064,23979
Z4818,Landslide,South,16824,97.23,80.98,11.52,10.85,6.21,15633,15247,71421,2263,10219
Z4819,Wildfire,South,26942,48.57,45.64,3.64,20.85,12.21,15203,12569,58428,1546,8383
Z4820,Landslide,North,46632,36.07,43.09,27.0,28.57,5.15,21942,18962,88554,2286,12655
Z4821,Cyclone,West,27200,9.51,20.74,28.09,30.67,6.94,7380,5576,26195,536,3711
Z4822,Landslide,South,34254,8.5,30.97,16.01,27.55,2.72,9034,6939,32305,751,4620
Z4823,Earthquake,West,45477,42.32,55.29,3.56,31.57,4.8,23530,20532,95729,2693,13715
Z4824,Flood,North,48743,93.37,73.81,18.68,23.13,11.96,43882,44683,208451,6447,29785
Z4825,Cyclone,North,25221,74.42,41.83,11.53,30.11,10.9,19121,16080,74897,1913,10709
Z4826,Earthquake,Central,21137,38.18,53.08,7.93,17.52,6.63,10280,8707,40572,1135,5826
Z4827,Cyclone,South,10248,96.96,79.77,7.56,30.57,9.08,9502,9709,45443,1440,6496
Z4828,Landslide,South,27103,45.73,38.23,7.84,31.87,7.42,14716,11865,55188,1381,7920
Z4829,Wildfire,East,45958,31.3,51.49,11.93,25.59,13.53,19980,17835,83149,2290,11870
Z4830,Cyclone,West,24612,45.5,33.24,10.58,17.93,6.53,13321,10078,47186,1102,6696
Z4831,Landslide,West,17750,25.1,51.35,25.58,13.45,11.11,6891,6127,28930,791,4107
Z4832,Wildfire,West,5810,89.14,73.34,16.37,14.76,4.06,5046,4808,22780,694,3207
Z4833,Wildfire,Central,19792,39.31,19.39,14.55,8.97,7.08,9794,6651,30784,641,4406
Z4834,Landslide,East,12216,67.51,64.27,6.94,6.41,8.41,8628,7591,35702,1040,5051
Z4835,Wildfire,South,48848,41.96,43.2,26.65,17.43,2.47,25142,20915,97645,2533,13943
Z4836,Cyclone,East,26618,90.66,68.18,4.48,6.28,9.22,23423,20947,97846,2936,14010
Z4837,Landslide,South,7280,66.03,52.46,9.47,31.42,9.05,5061,4508,21151,582,2983
Z4838,Cyclone,East,3835,51.38,51.73,19.78,24.5,3.22,2245,1945,9293,254,1311
Z4839,Landslide,North,42612,17.55,28.83,21.96,30.31,14.98,14131,11425,53051,1214,7660
Z4840,Landslide,East,46608,90.68,52.59,24.63,18.33,2.29,41020,35969,167798,4626,23962
Z4841,Flood,East,38269,56.95,71.59,14.08,11.72,13.53,23999,23285,108611,3320,15537
Z4842,Flood,South,6630,32.08,39.71,12.36,13.71,7.88,2921,2331,10542,278,1520
Z4843,Wildfire,North,5365,88.4,64.84,10.79,30.64,4.12,4630,4309,20413,612,2903
Z4844,Earthquake,North,10300,10.17,17.05,18.34,8.66,2.58,2846,1827,9021,190,1305
Z4845,Flood,North,37682,34.84,53.41,12.41,25.95,10.79,17383,15549,72628,2019,10392
Z4846,Flood,South,38384,56.0,40.22,11.86,11.77,11.56,23798,18937,88552,2239,12647
Z4847,Flood,Central,41974,37.28,47.11,3.46,15.6,10.43,20131,16331,76563,2041,10919
Z4848,Earthquake,East,5298,50.29,45.66,28.6,5.09,6.88,3058,2604,11965,330,1704
Z4849,Landslide,Central,8084,30.11,35.26,4.64,19.37,3.42,3442,2578,12135,294,1698
Z4850,Wildfire,North,45064,17.36,21.31,10.31,8.85,12.05,14880,10335,47889,1007,6850
Z4851,Flood,Central,46473,8.5,22.23,27.88,30.79,13.2,12257,9564,44739,942,6338
Z4852,Cyclone,Central,36422,19.98,36.09,22.85,7.93,6.49,12742,9934,46312,1129,6599
Z4853,Landslide,North,5748,95.53,80.37,18.61,12.51,12.78,5268,5409,25182,806,3612
Z4854,Wildfire,North,3896,59.66,48.39,20.84,5.44,9.9,2522,2144,9836,260,1438
Z4855,Wildfire,West,3251,51.45,52.21,5.62,34.79,8.38,1905,1687,8124,211,1106
Z4856,Wildfire,South,34747,41.51,58.49,24.83,24.24,9.55,17767,16840,78393,2247,11231
Z4857,Landslide,West,42376,72.3,44.81,9.75,24.31,2.51,31454,25562,119259,3119,17007
Z4858,Wildfire,West,31766,18.42,35.06,28.82,20.57,2.76,10742,8654,40461,978,5729
Z4859,Landslide,North,13474,31.23,30.77,9.25,31.04,11.17,5851,4568,21109,500,2994
Z4860,Landslide,Central,37989,67.31,49.39,19.88,9.33,14.58,26776,23248,108541,2938,15560
Z4861,Wildfire,Central,3427,50.51,55.91,17.72,28.79,8.11,1984,1834,8526,244,1221
Z4862,Flood,East,41496,78.16,61.44,6.86,29.21,1.76,32624,29286,136672,3972,19519
Z4863,Flood,Central,44649,90.23,60.02,12.8,6.08,1.95,39145,33355,155663,4460,22250
Z4864,Earthquake,East,36059,83.22,86.66,24.09,8.98,7.54,29718,31138,145180,4723,20810
Z4865,Wildfire,West,44024,22.5,48.42,8.74,21.41,10.21,16234,13731,64270,1730,9163
Z4866,Landslide,South,29516,13.69,9.34,29.0,7.71,3.17,8934,5772,26909,463,3827
Z4867,Cyclone,West,23684,21.1,18.91,10.98,13.47,1.46,8485,5588,26315,538,3786
Z4868,Earthquake,Central,16462,79.44,75.81,19.92,17.11,11.21,13100,13286,62170,1941,8837
Z4869,Flood,West,46125,91.81,72.08,19.71,9.72,3.05,40986,38690,180406,5535,25830
Z4870,Earthquake,West,35015,92.92,94.11,15.71,26.12,7.13,31405,34740,162159,5410,23142
Z4871,Wildfire,East,9929,33.33,50.73,20.69,19.85,11.28,4468,4019,18538,507,2662
Z4872,Wildfire,North,47871,84.83,75.25,23.08,24.19,2.75,40031,40273,188196,5847,26839
Z4873,Wildfire,South,3430,55.94,43.5,19.71,19.23,7.2,2125,1775,8358,220,1235
Z4874,Landslide,West,29582,83.17,76.64,18.12,17.37,2.56,24369,23884,111771,3468,15920
Z4875,Cyclone,East,9932,57.09,41.09,19.38,19.77,5.87,6239,5121,23844,601,3392
Z4876,Flood,North,33385,18.86,51.04,13.85,31.99,13.77,11399,10381,48371,1315,6930
Z4877,Cyclone,South,20926,12.53,36.96,4.91,16.88,10.61,6152,4735,22064,524,3150
Z4878,Landslide,East,22138,95.94,67.87,7.31,24.27,1.32,20357,18671,86964,2614,12454
Z4879,Cyclone,North,33742,45.45,59.65,19.38,30.02,2.88,18250,16949,79239,2265,11277
Z4880,Landslide,East,37928,38.3,72.96,28.03,23.63,5.11,18480,18837,87554,2696,12534
Z4881,Cyclone,Central,19312,38.85,43.76,3.69,11.78,13.54,9489,7578,35578,917,5053
Z4882,Wildfire,West,49885,41.0,54.15,17.69,8.66,11.46,25317,22181,103448,2888,14767
Z4883,Flood,Central,25174,94.77,71.94,9.81,22.73,9.64,22928,22312,103797,3186,14847
Z4884,Landslide,Central,8439,10.96,32.05,18.17,26.82,3.14,2381,1856,8835,189,1248
Z4885,Earthquake,North,816,16.31,15.88,23.24,28.06,14.0,263,185,393,20,121
Z4886,Flood,South,10519,80.02,69.0,22.86,25.81,12.31,8417,8563,39790,1222,5682
Z4887,Earthquake,South,34709,57.19,56.98,22.57,5.1,4.35,21829,18948,88700,2522,12675
Z4888,Landslide,West,27202,17.21,56.05,24.03,28.22,6.66,8951,8312,38572,1103,5582
Z4889,Flood,North,17222,8.27,8.01,4.96,23.14,7.0,4513,2848,13280,224,1869
Z4890,Landslide,West,24328,26.3,36.09,16.76,34.65,9.23,9664,7977,37229,907,5337
Z4891,Earthquake,South,41988,29.78,56.84,10.07,27.94,6.25,17776,15899,74265,2100,10596
Z4892,Cyclone,North,28793,6.35,25.59,27.87,17.91,3.94,7130,5324,25101,550,3553
Z4893,Flood,South,3375,25.53,36.99,24.14,25.28,10.34,1321,1083,5166,117,756
Z4894,Landslide,West,2929,75.14,56.33,5.9,23.48,10.49,2236,1997,9194,263,1274
Z4895,Wildfire,East,24361,86.27,61.26,9.57,15.12,7.19,20634,18381,85647,2483,12220
Z4896,Cyclone,Central,20512,90.33,52.77,15.29,21.01,7.81,17999,15808,74025,2024,10532
Z4897,Earthquake,Central,42600,42.04,40.57,29.0,11.13,1.71,21952,17774,82881,2094,11839
Z4898,Wildfire,East,29358,35.34,32.56,5.96,7.63,7.39,13653,9840,45947,1099,6607
Z4899,Wildfire,West,37965,99.99,81.41,18.34,26.99,12.21,36064,38580,179957,5744,25685
Z4900,Wildfire,East,29467,78.09,58.5,12.21,16.52,9.28,23151,20729,96399,2734,13825
Z4901,Landslide,South,17591,56.05,50.07,20.45,27.67,13.89,10913,9990,46439,1258,6654
Z4902,Earthquake,West,33038,29.2,35.63,20.52,19.65,11.03,13843,11235,52501,1278,7461
Z4903,Flood,North,31261,35.52,43.96,9.5,29.29,11.89,14580,12364,57744,1500,8223
Z4904,Cyclone,Central,36151,53.96,48.34,24.22,27.19,7.42,21861,19497,90681,2444,12972
Z4905,Cyclone,West,9867,56.5,43.33,5.46,27.92,3.43,6155,4945,23192,596,3324
Z4906,Flood,South,32257,6.3,29.49,25.09,17.88,13.77,7976,6328,29402,677,4209
Z4907,Flood,North,14631,96.14,90.69,8.72,33.84,10.23,13476,14847,69215,2284,9872
Z4908,Earthquake,North,39617,59.68,59.37,18.92,17.16,13.73,25656,23952,111831,3210,15962
Z4909,Earthquake,West,40027,60.97,51.22,12.38,28.79,9.65,26309,23271,109031,2982,15560
Z4910,Earthquake,West,31426,25.09,37.32,19.46,19.69,7.36,12199,9854,45635,1142,6536
Z4911,Cyclone,West,47362,77.67,43.11,10.22,12.05,2.89,37062,28923,134741,3491,19269
Z4912,Cyclone,North,27107,75.04,64.6,18.36,23.87,6.57,20677,19654,91871,2712,13102
Z4913,Flood,North,1744,14.04,27.92,3.22,19.07,9.37,532,380,1494,34,243
Z4914,Flood,Central,30507,61.52,47.63,13.11,12.92,14.03,20177,17070,79877,2142,11398
Z4915,Flood,East,38996,67.53,53.12,25.31,16.48,12.61,27550,25154,117482,3246,16736
Z4916,Landslide,South,5509,84.38,66.49,15.5,9.8,8.18,4588,4224,19443,595,2812
Z4917,Wildfire,North,5677,24.58,50.43,16.48,34.61,7.27,2182,1961,9154,255,1270
Z4918,Flood,North,14021,88.38,86.71,19.78,24.3,1.47,12098,12720,59131,1940,8489
Z4919,Wildfire,West,42291,48.84,40.72,14.72,10.21,5.92,23949,18722,87489,2235,12525
Z4920,Earthquake,West,26606,14.17,26.58,26.41,27.94,14.74,8149,6539,30300,685,4344
Z4921,Wildfire,South,48834,15.03,27.36,13.89,23.06,11.37,15272,11575,53968,1201,7713
Z4922,Flood,South,43713,23.79,47.8,28.45,26.68,8.35,16542,14910,69436,1853,9918
Z4923,Wildfire,South,27964,31.86,44.27,26.68,22.53,13.07,12275,10839,50769,1308,7206
Z4924,Earthquake,East,34113,52.16,54.8,14.37,6.81,1.32,20168,16756,78201,2176,11174
Z4925,Landslide,Central,16884,76.13,73.31,12.88,11.1,14.41,13017,12726,59296,1842,8519
Z4926,Flood,East,4975,22.74,30.35,21.27,28.06,10.8,1843,1479,6673,151,1000
Z4927,Cyclone,West,20237,99.3,95.98,23.39,27.63,1.19,19119,21419,99935,3351,14297
Z4928,Wildfire,Central,29818,20.34,36.17,8.02,27.62,10.88,10512,8393,39442,956,5565
Z4929,Flood,East,9518,61.94,48.8,9.51,5.46,2.16,6325,5036,23178,621,3322
Z4930,Cyclone,South,11476,93.25,73.53,6.95,29.15,9.95,10321,10198,47589,1489,6807
Z4931,Wildfire,Central,1242,84.09,86.03,23.54,18.17,5.21,1032,1083,4938,163,757
Z4932,Wildfire,West,36834,66.55,56.5,22.29,25.81,3.97,25752,23587,110055,3110,15715
Z4933,Cyclone,West,45022,72.97,76.53,8.1,13.16,9.79,33644,32518,151909,4738,21678
Z4934,Flood,Central,41459,17.75,27.26,17.5,28.09,7.08,13811,10555,49081,1088,6975
Z4935,Wildfire,West,19310,5.92,19.07,23.63,34.47,1.9,4719,3447,15980,320,2273
Z4936,Flood,East,29876,46.24,58.35,28.57,12.61,12.51,16336,15358,71554,2043,10255
Z4937,Cyclone,Central,48060,13.5,21.94,7.82,28.53,4.73,14478,10267,47756,1001,6822
Z4938,Wildfire,North,29773,38.99,56.31,11.22,23.15,9.65,14661,13161,61512,1720,8763
Z4939,Flood,Central,15146,26.26,43.66,12.41,13.19,9.53,6012,4845,22796,593,3268
Z4940,Cyclone,South,17260,92.05,65.14,19.87,13.83,1.79,15368,14075,65855,1944,9403
Z4941,Landslide,Central,36493,88.61,72.88,6.68,26.95,14.96,31551,31504,147025,4514,21003
Z4942,Flood,East,22589,82.8,63.95,8.22,13.53,7.27,18546,16644,77178,2285,11087
Z4943,Cyclone,Central,41947,72.82,69.24,24.07,6.43,3.87,31299,29395,137363,4149,19600
Z4944,Flood,South,43274,19.64,58.46,17.64,31.22,7.11,15029,14110,65661,1886,9404
Z4945,Landslide,West,2273,9.59,25.83,7.33,22.67,9.44,618,459,2218,27,290
Z4946,Wildfire,East,36305,67.12,68.32,13.49,27.75,1.04,25537,24119,112493,3385,16093
Z4947,Earthquake,West,18813,66.01,61.6,6.63,23.1,5.2,13076,11713,54421,1578,7819
Z4948,Earthquake,East,26228,40.1,47.34,12.79,20.49,8.51,13134,11071,51796,1375,7397
Z4949,Flood,Central,13607,49.91,50.47,13.81,28.1,10.72,7815,7000,32092,893,4622
Z4950,Cyclone,West,18727,51.47,43.02,6.03,5.96,5.39,10974,8414,39088,1005,5555
Z4951,Flood,South,16854,27.79,44.31,4.62,14.36,6.65,6884,5439,25500,657,3604
Z4952,Wildfire,West,2993,34.85,40.7,26.8,23.82,4.1,1381,1183,5469,130,758
Z4953,Flood,South,39247,44.75,38.75,26.97,33.32,5.1,21022,17885,83558,2099,11906
Z4954,Landslide,West,7579,62.3,71.44,3.07,16.81,10.62,5057,4719,22415,659,3167
Z4955,Earthquake,East,19102,95.8,78.88,20.31,34.26,5.72,17545,18465,86486,2724,12364
Z4956,Landslide,South,10054,56.16,53.15,5.53,27.66,4.91,6246,5369,24760,687,3570
Z4957,Flood,South,8450,74.46,82.03,24.87,19.55,5.18,6409,6694,31240,986,4422
Z4958,Cyclone,East,18982,81.67,47.89,26.75,17.87,9.58,15423,13608,63731,1706,9061
Z4959,Flood,East,45979,15.78,48.95,19.65,8.88,8.85,14637,12384,57745,1543,8261
Z4960,Landslide,Central,47236,67.05,51.32,19.56,23.46,6.7,33201,29351,137196,3745,19564
Z4961,Flood,West,19394,50.8,55.48,13.03,6.57,9.85,11268,9706,45354,1269,6443
Z4962,Cyclone,West,25505,59.38,50.6,9.74,17.87,10.0,16460,13997,65428,1779,9332
Z4963,Cyclone,North,49293,8.65,18.68,16.48,12.13,1.18,13056,8764,40635,810,5846
Z4964,Flood,North,12124,91.09,90.87,6.61,33.69,5.75,10708,11491,53723,1773,7675
Z4965,Flood,North,47263,95.51,99.81,21.15,15.9,4.42,43308,48176,224950,7646,32095
Z4966,Cyclone,North,5734,5.33,25.28,15.69,19.68,12.61,1376,1055,4565,112,656
Z4967,Earthquake,North,11680,25.22,42.9,7.8,16.26,4.86,4545,3609,16740,436,2393
Z4968,Wildfire,West,17246,22.12,37.85,18.88,9.12,5.44,6310,4908,22583,583,3252
Z4969,Landslide,East,2335,79.22,89.34,24.47,15.58,8.53,1854,2017,9339,310,1349
Z4970,Earthquake,East,40879,61.82,33.64,18.9,28.37,8.66,27129,21862,101672,2438,14563
Z4971,Earthquake,West,42843,21.85,41.54,17.3,23.64,12.35,15589,13137,61564,1567,8824
Z4972,Cyclone,East,19475,82.33,61.56,25.89,18.12,6.43,15920,14965,69844,2048,9991
Z4973,Wildfire,North,41901,38.58,17.95,3.29,29.62,4.94,20504,13937,65244,1302,9336
Z4974,Cyclone,North,38739,48.78,47.5,19.65,5.12,9.52,21920,18216,85084,2272,12168
Z4975,Cyclone,North,40170,41.79,70.16,14.06,29.8,11.2,20624,20609,96114,2927,13731
Z4976,Landslide,South,40234,54.53,47.12,8.23,6.79,14.9,24502,20150,93828,2499,13417
Z4977,Earthquake,Central,28887,50.61,62.32,29.45,31.11,9.66,16742,16721,78082,2275,11129
Z4978,Landslide,North,5985,31.09,56.48,13.9,33.43,7.87,2593,2391,11240,320,1604
Z4979,Earthquake,West,46213,45.33,49.78,12.05,29.58,2.86,24954,21405,99906,2710,14255
Z4980,Cyclone,North,30629,91.29,76.65,7.56,5.59,14.82,27097,26178,122194,3824,17406
Z4981,Landslide,North,45113,52.77,33.43,29.94,20.79,10.59,26877,22052,102976,2452,14723
Z4982,Flood,South,47976,92.06,67.04,26.11,29.86,3.31,42720,42224,197175,5900,28185
Z4983,Landslide,West,9764,57.26,67.38,4.89,21.35,7.44,6146,5673,26582,801,3746
Z4984,Earthquake,Central,20406,78.04,68.65,18.28,15.8,8.84,16025,15383,71927,2157,10276
Z4985,Flood,West,10028,32.89,47.5,6.98,19.12,4.04,4479,3703,16756,453,2460
Z4986,Earthquake,Central,3021,80.09,70.65,22.33,7.42,11.25,2419,2311,10883,310,1529
Z4987,Landslide,East,48338,30.11,67.86,16.07,19.89,10.1,20584,19827,92392,2789,13224
Z4988,Landslide,South,46204,6.86,23.61,5.98,5.84,4.27,11618,7730,36248,772,5154
Z4989,Earthquake,East,46622,20.27,55.41,18.04,24.32,14.86,16412,15295,71589,1998,10211
Z4990,Earthquake,South,44242,7.06,30.49,27.59,16.71,14.28,11191,8980,42013,969,5974
Z4991,Wildfire,South,32614,94.97,97.56,12.21,10.74,4.72,29753,31427,146636,4965,20952
Z4992,Earthquake,North,26346,100.0,65.3,4.37,5.52,7.19,25029,21833,101860,3039,14549
Z4993,Earthquake,West,49578,77.41,69.79,28.52,32.66,13.53,38699,40879,190780,5772,27278
Z4994,Cyclone,Central,27837,15.27,28.67,6.83,21.69,6.69,8755,6431,29938,673,4271
Z4995,Landslide,North,32300,90.4,76.39,15.83,24.41,14.37,28359,29429,137002,4288,19590
Z4996,Cyclone,North,10981,75.66,81.28,17.71,28.38,3.81,8427,8686,40982,1295,5821
Z4997,Cyclone,Central,37462,36.56,49.65,9.4,23.8,11.14,17764,15365,71448,1946,10245
Z4998,Landslide,Central,41063,52.72,68.64,7.79,17.39,9.39,24449,22836,106665,3217,15219
Z4999,Wildfire,North,34087,67.87,54.29,6.05,23.83,5.85,24169,20812,97237,2716,13870
Z5000,Landslide,West,25181,7.28,19.13,4.89,12.58,11.05,6411,4326,20138,408,2866
